{"credit":"MadewithBlockbench","texture_size":[64,64],"textures":{"1":"elitecreatures/carnivoret_weapon_set/axe1","particle":"elitecreatures/carnivoret_weapon_set/axe1"},"elements":[{"from":[7.125,-5.375,7.125],"to":[8.875,-4.125,8.875],"rotation":{"angle":0,"axis":"y","origin":[8,-4.99179,8]},"faces":{"north":{"uv":[7.25,9.25,7.75,9.625],"texture":"#1"},"east":{"uv":[9.25,8.5,9.75,8.875],"texture":"#1"},"south":{"uv":[9.5,0,10,0.375],"texture":"#1"},"west":{"uv":[9.5,2.5,10,2.875],"texture":"#1"},"up":{"uv":[9,7,8.5,6.5],"texture":"#1"},"down":{"uv":[9.25,2.25,8.75,2.75],"texture":"#1"}}},{"from":[7.325,-4.32859,6.29187],"to":[8.675,-1.17859,7.64187],"rotation":{"angle":-22.5,"axis":"x","origin":[8,-1.26041,7.9]},"faces":{"north":{"uv":[8.5,4.25,8.875,5],"texture":"#1"},"east":{"uv":[8.5,5,8.875,5.75],"texture":"#1"},"south":{"uv":[8.5,5.75,8.875,6.5],"texture":"#1"},"west":{"uv":[8.75,1.5,9.125,2.25],"texture":"#1"},"up":{"uv":[10.375,0.375,10,0],"texture":"#1"},"down":{"uv":[10.375,3,10,3.375],"texture":"#1"}}},{"from":[7.325,-0.57256,7.08861],"to":[8.675,2.77744,8.43861],"rotation":{"angle":-22.5,"axis":"x","origin":[8,2.69562,8.69674]},"faces":{"north":{"uv":[7.75,4.25,8.125,5.125],"texture":"#1"},"east":{"uv":[7.75,5.25,8.125,6.125],"texture":"#1"},"south":{"uv":[8,0,8.375,0.875],"texture":"#1"},"west":{"uv":[8,1,8.375,1.875],"texture":"#1"},"up":{"uv":[10.375,5.875,10,5.5],"texture":"#1"},"down":{"uv":[10.375,6.75,10,7.125],"texture":"#1"}}},{"from":[7.325,-2.52523,8.78992],"to":[8.675,-0.95023,11.03992],"rotation":{"angle":-22.5,"axis":"x","origin":[8,-4.03205,9.04805]},"faces":{"north":{"uv":[10,4.5,10.375,4.875],"texture":"#1"},"east":{"uv":[9,0.5,9.625,0.875],"texture":"#1"},"south":{"uv":[10,5,10.375,5.375],"texture":"#1"},"west":{"uv":[9,1,9.625,1.375],"texture":"#1"},"up":{"uv":[9.375,4.875,9,4.25],"texture":"#1"},"down":{"uv":[9.375,5,9,5.625],"texture":"#1"}}},{"from":[7,-5.91276,7.42097],"to":[9,-4.41276,8.92097],"rotation":{"angle":45,"axis":"x","origin":[8,-4.99179,8]},"faces":{"north":{"uv":[9.5,3,10,3.375],"texture":"#1"},"east":{"uv":[10,3.5,10.375,3.875],"texture":"#1"},"south":{"uv":[9.5,3.5,10,3.875],"texture":"#1"},"west":{"uv":[10,4,10.375,4.375],"texture":"#1"},"up":{"uv":[10,4.375,9.5,4],"texture":"#1"},"down":{"uv":[10,4.5,9.5,4.875],"texture":"#1"}}},{"from":[7.125,0.70314,7.43854],"to":[8.875,2.25314,8.98854],"rotation":{"angle":45,"axis":"x","origin":[8,1.70654,8]},"faces":{"north":{"uv":[9.5,7.25,10,7.625],"texture":"#1"},"east":{"uv":[10,8.75,10.375,9.125],"texture":"#1"},"south":{"uv":[9.5,7.75,10,8.125],"texture":"#1"},"west":{"uv":[9.25,10,9.625,10.375],"texture":"#1"},"up":{"uv":[8.75,9.875,8.25,9.5],"texture":"#1"},"down":{"uv":[9.25,9.5,8.75,9.875],"texture":"#1"}}},{"from":[7.025,1.39404,6.83551],"to":[8.975,2.64404,9.18551],"rotation":{"angle":0,"axis":"y","origin":[8,1.70654,8]},"faces":{"north":{"uv":[9.25,9.5,9.75,9.875],"texture":"#1"},"east":{"uv":[9.25,1.5,9.875,1.875],"texture":"#1"},"south":{"uv":[9.75,0.5,10.25,0.875],"texture":"#1"},"west":{"uv":[9.25,2,9.875,2.375],"texture":"#1"},"up":{"uv":[9,0.625,8.5,0],"texture":"#1"},"down":{"uv":[9,0.75,8.5,1.375],"texture":"#1"}}},{"from":[6.775,2.64404,6.58551],"to":[9.225,5.14404,9.43551],"rotation":{"angle":0,"axis":"y","origin":[8,-0.04346,8]},"faces":{"north":{"uv":[7.25,0.75,7.875,1.375],"texture":"#1"},"east":{"uv":[6.5,5.5,7.25,6.125],"texture":"#1"},"south":{"uv":[7.25,1.5,7.875,2.125],"texture":"#1"},"west":{"uv":[6.5,6.25,7.25,6.875],"texture":"#1"},"up":{"uv":[7.125,7.75,6.5,7],"texture":"#1"},"down":{"uv":[7.875,0,7.25,0.75],"texture":"#1"}}},{"from":[6.775,2.64404,4.98551],"to":[9.225,4.14404,6.58551],"rotation":{"angle":0,"axis":"y","origin":[8,-0.04346,9.15]},"faces":{"north":{"uv":[9,5.75,9.625,6.125],"texture":"#1"},"east":{"uv":[10,7.25,10.375,7.625],"texture":"#1"},"south":{"uv":[9,6.25,9.625,6.625],"texture":"#1"},"west":{"uv":[7.75,10,8.125,10.375],"texture":"#1"},"up":{"uv":[8.875,9.375,8.25,9],"texture":"#1"},"down":{"uv":[9.625,9,9,9.375],"texture":"#1"}}},{"from":[7.09595,2.00246,5.09511],"to":[8.90405,3.10946,6.97591],"rotation":{"angle":0,"axis":"y","origin":[8,2.22796,5.85751]},"faces":{"north":{"uv":[8.25,3,8.75,3.25],"texture":"#1"},"east":{"uv":[10.25,6.5,10.75,6.75],"texture":"#1"},"south":{"uv":[10.5,0,11,0.25],"texture":"#1"},"west":{"uv":[10.5,0.25,11,0.5],"texture":"#1"},"up":{"uv":[9.25,3.25,8.75,2.75],"texture":"#1"},"down":{"uv":[9.25,3.25,8.75,3.75],"texture":"#1"}}},{"from":[6.88525,1.31154,5.05751],"to":[9.11475,2.67654,5.05751],"rotation":{"angle":0,"axis":"y","origin":[8,0.58592,8.8472]},"faces":{"north":{"uv":[9.5,5,10,5.375],"texture":"#1"},"east":{"uv":[0,0,0,0.375],"texture":"#1"},"south":{"uv":[9.5,6.75,10,7.125],"texture":"#1"},"west":{"uv":[0,0,0,0.375],"texture":"#1"},"up":{"uv":[0.5,0,0,0],"texture":"#1"},"down":{"uv":[0.5,0,0,0],"texture":"#1"}}},{"from":[6.88525,1.31154,5.05751],"to":[6.88525,2.67654,6.51351],"rotation":{"angle":0,"axis":"y","origin":[8,0.58592,8.8472]},"faces":{"north":{"uv":[0,0,0,0.375],"texture":"#1"},"east":{"uv":[10,8.25,10.375,8.625],"texture":"#1"},"south":{"uv":[0,0,0,0.375],"texture":"#1"},"west":{"uv":[8.75,10,9.125,10.375],"texture":"#1"},"up":{"uv":[0,0.375,0,0],"texture":"#1"},"down":{"uv":[0,0,0,0.375],"texture":"#1"}}},{"from":[8.88525,1.31154,5.05751],"to":[9.11475,2.67654,6.51351],"rotation":{"angle":0,"axis":"y","origin":[8,0.58592,8.8472]},"faces":{"north":{"uv":[6.5,10.5,6.625,10.875],"texture":"#1"},"east":{"uv":[10,7.75,10.375,8.125],"texture":"#1"},"south":{"uv":[6.75,10.5,6.875,10.875],"texture":"#1"},"west":{"uv":[8.25,10,8.625,10.375],"texture":"#1"},"up":{"uv":[10.625,7.125,10.5,6.75],"texture":"#1"},"down":{"uv":[7.125,10.5,7,10.875],"texture":"#1"}}},{"from":[6.075,3.89404,7.58551],"to":[6.775,6.14404,8.43551],"rotation":{"angle":0,"axis":"y","origin":[6.425,5.01904,8.01051]},"faces":{"north":{"uv":[4.75,10.5,4.875,11.125],"texture":"#1"},"east":{"uv":[9.75,9,10,9.625],"texture":"#1"},"south":{"uv":[5,10.5,5.125,11.125],"texture":"#1"},"west":{"uv":[9.75,9.75,10,10.375],"texture":"#1"},"up":{"uv":[10.875,2.75,10.75,2.5],"texture":"#1"},"down":{"uv":[10.875,2.75,10.75,3],"texture":"#1"}}},{"from":[9.225,3.89404,7.58551],"to":[9.925,6.14404,8.43551],"rotation":{"angle":0,"axis":"y","origin":[9.575,5.01904,8.01051]},"faces":{"north":{"uv":[10.5,5,10.625,5.625],"texture":"#1"},"east":{"uv":[10,1.5,10.25,2.125],"texture":"#1"},"south":{"uv":[5.25,10.5,5.375,11.125],"texture":"#1"},"west":{"uv":[10,2.25,10.25,2.875],"texture":"#1"},"up":{"uv":[10.875,3.25,10.75,3],"texture":"#1"},"down":{"uv":[10.875,3.25,10.75,3.5],"texture":"#1"}}},{"from":[7.625,16.05,7.6],"to":[8.375,17.35,9.6],"rotation":{"angle":22.5,"axis":"x","origin":[8,16.17279,8.6]},"faces":{"north":{"uv":[10.5,3,10.75,3.375],"texture":"#1"},"east":{"uv":[9.75,1,10.25,1.375],"texture":"#1"},"south":{"uv":[3.25,10.5,3.5,10.875],"texture":"#1"},"west":{"uv":[9.75,6.25,10.25,6.625],"texture":"#1"},"up":{"uv":[8.75,2,8.5,1.5],"texture":"#1"},"down":{"uv":[0.75,10.5,0.5,11],"texture":"#1"}}},{"from":[7.65,16.29377,8.70849],"to":[8.35,17.69377,10.13349],"rotation":{"angle":-22.5,"axis":"x","origin":[8,16.17279,8.6]},"faces":{"north":{"uv":[7.25,10.5,7.375,10.875],"texture":"#1"},"east":{"uv":[10,9.25,10.375,9.625],"texture":"#1"},"south":{"uv":[10.5,7.25,10.625,7.625],"texture":"#1"},"west":{"uv":[10,9.75,10.375,10.125],"texture":"#1"},"up":{"uv":[7.625,10.875,7.5,10.5],"texture":"#1"},"down":{"uv":[7.875,10.5,7.75,10.875],"texture":"#1"}}},{"from":[7.65,15.40989,7.8246],"to":[8.35,16.80989,9.2496],"rotation":{"angle":-22.5,"axis":"x","origin":[8,16.17279,8.6]},"faces":{"north":{"uv":[10.5,7.75,10.625,8.125],"texture":"#1"},"east":{"uv":[10.25,0.5,10.625,0.875],"texture":"#1"},"south":{"uv":[8,10.5,8.125,10.875],"texture":"#1"},"west":{"uv":[10.25,1,10.625,1.375],"texture":"#1"},"up":{"uv":[8.375,10.875,8.25,10.5],"texture":"#1"},"down":{"uv":[10.625,8.25,10.5,8.625],"texture":"#1"}}},{"from":[7.8,15.24216,9.21885],"to":[8.2,16.49216,10.31885],"rotation":{"angle":0,"axis":"y","origin":[8,15.20995,9.34558]},"faces":{"north":{"uv":[10.75,3.5,10.875,3.75],"texture":"#1"},"east":{"uv":[8,2,8.25,2.25],"texture":"#1"},"south":{"uv":[10.75,3.75,10.875,4],"texture":"#1"},"west":{"uv":[9,6.75,9.25,7],"texture":"#1"},"up":{"uv":[10.875,4.25,10.75,4],"texture":"#1"},"down":{"uv":[10.875,4.25,10.75,4.5],"texture":"#1"}}},{"from":[7.775,12.97093,9.01101],"to":[8.225,15.92093,10.01101],"rotation":{"angle":45,"axis":"x","origin":[8,15.20995,9.34558]},"faces":{"north":{"uv":[2.25,10.5,2.375,11.25],"texture":"#1"},"east":{"uv":[9.75,5.5,10,6.25],"texture":"#1"},"south":{"uv":[2.5,10.5,2.625,11.25],"texture":"#1"},"west":{"uv":[7.25,9.75,7.5,10.5],"texture":"#1"},"up":{"uv":[10.875,4.75,10.75,4.5],"texture":"#1"},"down":{"uv":[10.875,4.75,10.75,5],"texture":"#1"}}},{"from":[7.8,16.68185,7.43493],"to":[8.2,17.78185,8.68493],"rotation":{"angle":-22.5,"axis":"x","origin":[8,16.17279,8.6]},"faces":{"north":{"uv":[5.5,10.75,5.625,11],"texture":"#1"},"east":{"uv":[9.5,5.5,9.75,5.75],"texture":"#1"},"south":{"uv":[10.75,5.5,10.875,5.75],"texture":"#1"},"west":{"uv":[9.5,8.25,9.75,8.5],"texture":"#1"},"up":{"uv":[5.875,11,5.75,10.75],"texture":"#1"},"down":{"uv":[10.875,5.75,10.75,6],"texture":"#1"}}},{"from":[7.775,13.53674,6.63839],"to":[8.225,16.48674,7.63839],"rotation":{"angle":22.5,"axis":"x","origin":[8,16.17279,8.6]},"faces":{"north":{"uv":[2.75,10.5,2.875,11.25],"texture":"#1"},"east":{"uv":[7.5,9.75,7.75,10.5],"texture":"#1"},"south":{"uv":[3,10.5,3.125,11.25],"texture":"#1"},"west":{"uv":[9.75,8.25,10,9],"texture":"#1"},"up":{"uv":[10.875,5.25,10.75,5],"texture":"#1"},"down":{"uv":[10.875,5.25,10.75,5.5],"texture":"#1"}}},{"from":[7.95,-13.94296,8.3],"to":[8.05,-2.94296,15.3],"rotation":{"angle":-22.5,"axis":"x","origin":[8,-8.44296,8]},"faces":{"north":{"uv":[6.5,7.75,6.625,10.5],"texture":"#1"},"east":{"uv":[5.5,0,7.25,2.75],"texture":"#1"},"south":{"uv":[6.75,7.75,6.875,10.5],"texture":"#1"},"west":{"uv":[5.5,2.75,7.25,5.5],"texture":"#1"},"up":{"uv":[9.375,4.25,9.25,2.5],"texture":"#1"},"down":{"uv":[9.375,6.75,9.25,8.5],"texture":"#1"}}},{"from":[7.975,1.17369,-2.59723],"to":[8.025,22.07369,8.10277],"rotation":{"angle":0,"axis":"y","origin":[8,14.63694,4.93978]},"faces":{"north":{"uv":[6,5.5,6.125,10.75],"texture":"#1"},"east":{"uv":[0,5.25,2.625,10.5],"texture":"#1"},"south":{"uv":[6.25,5.5,6.375,10.75],"texture":"#1"},"west":{"uv":[2.75,5.25,5.375,10.5],"texture":"#1"},"up":{"uv":[8.125,9.875,8,7.25],"texture":"#1"},"down":{"uv":[8.375,4.25,8.25,6.875],"texture":"#1"}}},{"from":[7.15,5.15,7.15],"to":[8.85,8.65,8.85],"rotation":{"angle":0,"axis":"y","origin":[8,1.75,8]},"faces":{"north":{"uv":[8.25,2,8.625,2.875],"texture":"#1"},"east":{"uv":[8.25,7,8.625,7.875],"texture":"#1"},"south":{"uv":[7.25,8.25,7.625,9.125],"texture":"#1"},"west":{"uv":[8.25,8,8.625,8.875],"texture":"#1"},"up":{"uv":[10.625,1.875,10.25,1.5],"texture":"#1"},"down":{"uv":[10.625,2,10.25,2.375],"texture":"#1"}}},{"from":[7.15,10.15,7.15],"to":[8.85,14.35,8.85],"rotation":{"angle":0,"axis":"y","origin":[8,1.75,8]},"faces":{"north":{"uv":[7.25,2.25,7.625,3.25],"texture":"#1"},"east":{"uv":[7.25,3.25,7.625,4.25],"texture":"#1"},"south":{"uv":[7.25,4.25,7.625,5.25],"texture":"#1"},"west":{"uv":[7.25,5.25,7.625,6.25],"texture":"#1"},"up":{"uv":[10.625,2.875,10.25,2.5],"texture":"#1"},"down":{"uv":[10.625,6,10.25,6.375],"texture":"#1"}}},{"from":[7.75,13.3,4.6],"to":[8.25,14.8,8.7],"rotation":{"angle":0,"axis":"y","origin":[8,14.63694,4.93978]},"faces":{"north":{"uv":[8.5,10.5,8.625,10.875],"texture":"#1"},"east":{"uv":[7.25,6.25,8.25,6.625],"texture":"#1"},"south":{"uv":[8.75,10.5,8.875,10.875],"texture":"#1"},"west":{"uv":[7.25,6.75,8.25,7.125],"texture":"#1"},"up":{"uv":[0.875,11.5,0.75,10.5],"texture":"#1"},"down":{"uv":[1.125,10.5,1,11.5],"texture":"#1"}}},{"from":[7.75,9.2,4.6],"to":[8.25,13.3,6.1],"rotation":{"angle":0,"axis":"y","origin":[8,9.53978,3.76306]},"faces":{"north":{"uv":[1.25,10.5,1.375,11.5],"texture":"#1"},"east":{"uv":[7.25,7.25,7.625,8.25],"texture":"#1"},"south":{"uv":[1.5,10.5,1.625,11.5],"texture":"#1"},"west":{"uv":[7.75,2.25,8.125,3.25],"texture":"#1"},"up":{"uv":[10.625,9.125,10.5,8.75],"texture":"#1"},"down":{"uv":[9.125,10.5,9,10.875],"texture":"#1"}}},{"from":[7.775,10.25381,2.9256],"to":[8.225,11.95381,4.1256],"rotation":{"angle":45,"axis":"x","origin":[8,8.19359,1.78865]},"faces":{"north":{"uv":[9.25,10.5,9.375,10.875],"texture":"#1"},"east":{"uv":[10.5,4,10.75,4.375],"texture":"#1"},"south":{"uv":[10.5,9.25,10.625,9.625],"texture":"#1"},"west":{"uv":[4.25,10.5,4.5,10.875],"texture":"#1"},"up":{"uv":[6.125,11,6,10.75],"texture":"#1"},"down":{"uv":[10.875,6,10.75,6.25],"texture":"#1"}}},{"from":[7.975,1.17369,7.79723],"to":[8.025,22.07369,18.49723],"rotation":{"angle":0,"axis":"y","origin":[8,14.63694,11.06022]},"faces":{"north":{"uv":[5.5,5.5,5.625,10.75],"texture":"#1"},"east":{"uv":[0,0,2.625,5.25],"texture":"#1"},"south":{"uv":[5.75,5.5,5.875,10.75],"texture":"#1"},"west":{"uv":[2.75,0,5.375,5.25],"texture":"#1"},"up":{"uv":[7.125,10.375,7,7.75],"texture":"#1"},"down":{"uv":[7.875,7.25,7.75,9.875],"texture":"#1"}}},{"from":[7.75,13.3,7.3],"to":[8.25,14.8,11.4],"rotation":{"angle":0,"axis":"y","origin":[8,14.63694,11.06022]},"faces":{"north":{"uv":[10.75,0.5,10.875,0.875],"texture":"#1"},"east":{"uv":[7.75,3.25,8.75,3.625],"texture":"#1"},"south":{"uv":[10.75,1,10.875,1.375],"texture":"#1"},"west":{"uv":[7.75,3.75,8.75,4.125],"texture":"#1"},"up":{"uv":[1.875,11.5,1.75,10.5],"texture":"#1"},"down":{"uv":[2.125,10.5,2,11.5],"texture":"#1"}}},{"from":[7.75,11.8,9.9],"to":[8.25,13.3,11.4],"rotation":{"angle":0,"axis":"y","origin":[8,12.13978,12.23694]},"faces":{"north":{"uv":[9.5,10.5,9.625,10.875],"texture":"#1"},"east":{"uv":[10,10.25,10.375,10.625],"texture":"#1"},"south":{"uv":[9.75,10.5,9.875,10.875],"texture":"#1"},"west":{"uv":[0,10.5,0.375,10.875],"texture":"#1"},"up":{"uv":[10.625,10.125,10.5,9.75],"texture":"#1"},"down":{"uv":[10.625,10.25,10.5,10.625],"texture":"#1"}}},{"from":[7.775,12.85381,11.8744],"to":[8.225,14.55381,13.0744],"rotation":{"angle":-45,"axis":"x","origin":[8,10.79359,14.21135]},"faces":{"north":{"uv":[10.75,1.5,10.875,1.875],"texture":"#1"},"east":{"uv":[4.5,10.5,4.75,10.875],"texture":"#1"},"south":{"uv":[10.75,2,10.875,2.375],"texture":"#1"},"west":{"uv":[10.5,4.5,10.75,4.875],"texture":"#1"},"up":{"uv":[6.375,11,6.25,10.75],"texture":"#1"},"down":{"uv":[10.875,6.25,10.75,6.5],"texture":"#1"}}},{"from":[7.4,8.65,7.4],"to":[8.6,10.15,8.6],"rotation":{"angle":0,"axis":"y","origin":[8,2.25,8]},"faces":{"north":{"uv":[3.5,10.5,3.75,10.875],"texture":"#1"},"east":{"uv":[10.5,3.5,10.75,3.875],"texture":"#1"},"south":{"uv":[3.75,10.5,4,10.875],"texture":"#1"},"west":{"uv":[4,10.5,4.25,10.875],"texture":"#1"},"up":{"uv":[10.25,6.25,10,6],"texture":"#1"},"down":{"uv":[10.75,5.75,10.5,6],"texture":"#1"}}},{"from":[7,13.8,7],"to":[9,15.8,9],"rotation":{"angle":45,"axis":"x","origin":[8,14.8,8]},"faces":{"north":{"uv":[8.75,3.75,9.25,4.25],"texture":"#1"},"east":{"uv":[8.75,7,9.25,7.5],"texture":"#1"},"south":{"uv":[8.75,7.5,9.25,8],"texture":"#1"},"west":{"uv":[8.75,8,9.25,8.5],"texture":"#1"},"up":{"uv":[9.25,9,8.75,8.5],"texture":"#1"},"down":{"uv":[9.5,0,9,0.5],"texture":"#1"}}}],"gui_light":"front","display":{"thirdperson_righthand":{"translation":[0,5.75,1.75],"scale":[0.9,0.9,0.9]},"thirdperson_lefthand":{"translation":[0,5.75,1.75],"scale":[0.9,0.9,0.9]},"firstperson_righthand":{"rotation":[6,0,0],"translation":[3.5,4.5,0],"scale":[0.6,0.6,0.6]},"firstperson_lefthand":{"rotation":[6,0,0],"translation":[3.5,4.5,0],"scale":[0.6,0.6,0.6]},"ground":{"rotation":[-45,0,0],"translation":[0,6,0],"scale":[0.6,0.6,0.6]},"gui":{"rotation":[90,45,-90],"translation":[0,0.25,0],"scale":[0.67047,0.67047,0.67047]},"head":{"scale":[0,0,0]},"fixed":{"rotation":[0,-90,0],"translation":[0,6.25,-2.25],"scale":[2.2,2.2,2.2]}}}