{"credit":"MadewithBlockbench","texture_size":[64,64],"textures":{"2":"elitecreatures/carnivoret_weapon_set/bow1","particle":"elitecreatures/carnivoret_weapon_set/bow1"},"elements":[{"from":[7.125,2.725,-1.45079],"to":[8.875,3.975,0.29921],"rotation":{"angle":0,"axis":"y","origin":[8,8,-1]},"faces":{"north":{"uv":[6,12.5,6.5,12.875],"texture":"#2"},"east":{"uv":[12.75,3.25,13.25,3.625],"texture":"#2"},"south":{"uv":[3.5,12.75,4,13.125],"texture":"#2"},"west":{"uv":[12.75,3.75,13.25,4.125],"texture":"#2"},"up":{"uv":[3.25,12.75,2.75,12.25],"texture":"#2"},"down":{"uv":[3.75,12.25,3.25,12.75],"texture":"#2"}}},{"from":[7.325,3.73567,-2.75267],"to":[8.675,6.88567,-1.40267],"rotation":{"angle":-22.5,"axis":"x","origin":[8,8,-1]},"faces":{"north":{"uv":[0.75,12.25,1.125,13],"texture":"#2"},"east":{"uv":[1.25,12.25,1.625,13],"texture":"#2"},"south":{"uv":[1.75,12.25,2.125,13],"texture":"#2"},"west":{"uv":[2.25,12.25,2.625,13],"texture":"#2"},"up":{"uv":[13.375,10.875,13,10.5],"texture":"#2"},"down":{"uv":[11.125,13,10.75,13.375],"texture":"#2"}}},{"from":[7.325,6.88567,-0.50267],"to":[8.675,10.23567,0.84733],"rotation":{"angle":-22.5,"axis":"x","origin":[8,8,-1]},"faces":{"north":{"uv":[4.5,11.75,4.875,12.625],"texture":"#2"},"east":{"uv":[11.75,4.75,12.125,5.625],"texture":"#2"},"south":{"uv":[5,11.75,5.375,12.625],"texture":"#2"},"west":{"uv":[5.5,11.75,5.875,12.625],"texture":"#2"},"up":{"uv":[3.625,13.625,3.25,13.25],"texture":"#2"},"down":{"uv":[13.625,3.25,13.25,3.625],"texture":"#2"}}},{"from":[7.325,5.31067,-1.40267],"to":[8.675,6.88567,0.84733],"rotation":{"angle":-22.5,"axis":"x","origin":[8,8,-1]},"faces":{"north":{"uv":[12,13,12.375,13.375],"texture":"#2"},"east":{"uv":[12.25,10.5,12.875,10.875],"texture":"#2"},"south":{"uv":[2.75,13.25,3.125,13.625],"texture":"#2"},"west":{"uv":[12.25,11.75,12.875,12.125],"texture":"#2"},"up":{"uv":[11.875,12.875,11.5,12.25],"texture":"#2"},"down":{"uv":[12.625,12.25,12.25,12.875],"texture":"#2"}}},{"from":[7,3.91997,2.17995],"to":[9,5.41997,3.67995],"rotation":{"angle":45,"axis":"x","origin":[8,8,-1]},"faces":{"north":{"uv":[4,12.75,4.5,13.125],"texture":"#2"},"east":{"uv":[11.5,13,11.875,13.375],"texture":"#2"},"south":{"uv":[12.75,4.25,13.25,4.625],"texture":"#2"},"west":{"uv":[13,11.75,13.375,12.125],"texture":"#2"},"up":{"uv":[5,13.125,4.5,12.75],"texture":"#2"},"down":{"uv":[13.25,4.75,12.75,5.125],"texture":"#2"}}},{"from":[7.125,8.57398,-2.53891],"to":[8.875,10.12398,-0.98891],"rotation":{"angle":45,"axis":"x","origin":[8,8,-1]},"faces":{"north":{"uv":[5.5,12.75,6,13.125],"texture":"#2"},"east":{"uv":[5.25,13.25,5.625,13.625],"texture":"#2"},"south":{"uv":[12.75,5.75,13.25,6.125],"texture":"#2"},"west":{"uv":[13.25,5.25,13.625,5.625],"texture":"#2"},"up":{"uv":[13.25,7.125,12.75,6.75],"texture":"#2"},"down":{"uv":[7.5,12.75,7,13.125],"texture":"#2"}}},{"from":[7.025,9.49404,-1.74028],"to":[8.975,10.74404,0.60972],"rotation":{"angle":0,"axis":"y","origin":[8,8,-1]},"faces":{"north":{"uv":[12.75,7.25,13.25,7.625],"texture":"#2"},"east":{"uv":[2.75,12.75,3.375,13.125],"texture":"#2"},"south":{"uv":[7.5,12.75,8,13.125],"texture":"#2"},"west":{"uv":[12.75,2.75,13.375,3.125],"texture":"#2"},"up":{"uv":[12.25,6.375,11.75,5.75],"texture":"#2"},"down":{"uv":[6.5,11.75,6,12.375],"texture":"#2"}}},{"from":[6.775,10.74404,-1.99028],"to":[9.225,13.24404,0.85972],"rotation":{"angle":0,"axis":"y","origin":[8,8,-1]},"faces":{"north":{"uv":[7,11.25,7.625,11.875],"texture":"#2"},"east":{"uv":[11,3.75,11.75,4.375],"texture":"#2"},"south":{"uv":[7.75,11.25,8.375,11.875],"texture":"#2"},"west":{"uv":[11,4.5,11.75,5.125],"texture":"#2"},"up":{"uv":[11.625,6,11,5.25],"texture":"#2"},"down":{"uv":[11.625,6,11,6.75],"texture":"#2"}}},{"from":[6.775,10.74404,-3.59028],"to":[9.225,12.24404,-1.99028],"rotation":{"angle":0,"axis":"y","origin":[8,8,-1]},"faces":{"north":{"uv":[10.5,12.5,11.125,12.875],"texture":"#2"},"east":{"uv":[3.75,13.25,4.125,13.625],"texture":"#2"},"south":{"uv":[12.75,1.25,13.375,1.625],"texture":"#2"},"west":{"uv":[13.25,3.75,13.625,4.125],"texture":"#2"},"up":{"uv":[13.375,2.125,12.75,1.75],"texture":"#2"},"down":{"uv":[13.375,2.25,12.75,2.625],"texture":"#2"}}},{"from":[7.09595,10.10246,-3.48068],"to":[8.90405,11.20946,-1.59988],"rotation":{"angle":0,"axis":"y","origin":[8,8,-1]},"faces":{"north":{"uv":[12.25,11,12.75,11.25],"texture":"#2"},"east":{"uv":[12.75,11,13.25,11.25],"texture":"#2"},"south":{"uv":[13.25,11.5,13.75,11.75],"texture":"#2"},"west":{"uv":[13,13.25,13.5,13.5],"texture":"#2"},"up":{"uv":[4.25,12.75,3.75,12.25],"texture":"#2"},"down":{"uv":[12.75,3.75,12.25,4.25],"texture":"#2"}}},{"from":[6.88525,9.41154,-3.51828],"to":[9.11475,10.77654,-3.51828],"rotation":{"angle":0,"axis":"y","origin":[8,8,-1]},"faces":{"north":{"uv":[5,12.75,5.5,13.125],"texture":"#2"},"east":{"uv":[0,0,0,0.375],"texture":"#2"},"south":{"uv":[12.75,5.25,13.25,5.625],"texture":"#2"},"west":{"uv":[0,0,0,0.375],"texture":"#2"},"up":{"uv":[0.5,0,0,0],"texture":"#2"},"down":{"uv":[0.5,0,0,0],"texture":"#2"}}},{"from":[6.88525,9.41154,-3.51828],"to":[6.88525,10.77654,-2.06228],"rotation":{"angle":0,"axis":"y","origin":[8,8,-1]},"faces":{"north":{"uv":[0,0,0,0.375],"texture":"#2"},"east":{"uv":[4.75,13.25,5.125,13.625],"texture":"#2"},"south":{"uv":[0,0,0,0.375],"texture":"#2"},"west":{"uv":[13.25,4.75,13.625,5.125],"texture":"#2"},"up":{"uv":[0,0.375,0,0],"texture":"#2"},"down":{"uv":[0,0,0,0.375],"texture":"#2"}}},{"from":[8.88525,9.41154,-3.51828],"to":[9.11475,10.77654,-2.06228],"rotation":{"angle":0,"axis":"y","origin":[8,8,-1]},"faces":{"north":{"uv":[13.75,10,13.875,10.375],"texture":"#2"},"east":{"uv":[4.25,13.25,4.625,13.625],"texture":"#2"},"south":{"uv":[10.25,13.75,10.375,14.125],"texture":"#2"},"west":{"uv":[13.25,4.25,13.625,4.625],"texture":"#2"},"up":{"uv":[10.625,14.125,10.5,13.75],"texture":"#2"},"down":{"uv":[13.875,10.5,13.75,10.875],"texture":"#2"}}},{"from":[6.075,11.99404,-0.99028],"to":[6.775,14.24404,-0.14028],"rotation":{"angle":0,"axis":"y","origin":[8,8,-1]},"faces":{"north":{"uv":[2.75,13.75,2.875,14.375],"texture":"#2"},"east":{"uv":[6.5,13,6.75,13.625],"texture":"#2"},"south":{"uv":[13.75,2.75,13.875,3.375],"texture":"#2"},"west":{"uv":[6.75,13,7,13.625],"texture":"#2"},"up":{"uv":[13.875,11.25,13.75,11],"texture":"#2"},"down":{"uv":[11.375,13.75,11.25,14],"texture":"#2"}}},{"from":[9.225,11.99404,-0.99028],"to":[9.925,14.24404,-0.14028],"rotation":{"angle":0,"axis":"y","origin":[8,8,-1]},"faces":{"north":{"uv":[3,13.75,3.125,14.375],"texture":"#2"},"east":{"uv":[8,13,8.25,13.625],"texture":"#2"},"south":{"uv":[3.25,13.75,3.375,14.375],"texture":"#2"},"west":{"uv":[10.5,13,10.75,13.625],"texture":"#2"},"up":{"uv":[13.875,11.5,13.75,11.25],"texture":"#2"},"down":{"uv":[13.875,11.5,13.75,11.75],"texture":"#2"}}},{"from":[7.36456,18.86204,4.12522],"to":[8.51456,20.16204,6.12522],"rotation":{"angle":-22.5,"axis":"x","origin":[8,8,-1]},"faces":{"north":{"uv":[13.5,2.25,13.75,2.625],"texture":"#2"},"east":{"uv":[10,12.75,10.5,13.125],"texture":"#2"},"south":{"uv":[13.5,2.75,13.75,3.125],"texture":"#2"},"west":{"uv":[12.75,12.25,13.25,12.625],"texture":"#2"},"up":{"uv":[4.5,12.75,4.25,12.25],"texture":"#2"},"down":{"uv":[6,13.25,5.75,13.75],"texture":"#2"}}},{"from":[7.38956,20.20712,-5.95725],"to":[8.48956,21.63212,-4.55725],"rotation":{"angle":22.5,"axis":"x","origin":[8,8,-1]},"faces":{"north":{"uv":[13.5,7.75,13.75,8.125],"texture":"#2"},"east":{"uv":[13.25,5.75,13.625,6.125],"texture":"#2"},"south":{"uv":[13.5,8.25,13.75,8.625],"texture":"#2"},"west":{"uv":[13.25,6.25,13.625,6.625],"texture":"#2"},"up":{"uv":[8.75,13.875,8.5,13.5],"texture":"#2"},"down":{"uv":[9,13.5,8.75,13.875],"texture":"#2"}}},{"from":[7.38956,19.32324,-5.07337],"to":[8.48956,20.74824,-3.67337],"rotation":{"angle":22.5,"axis":"x","origin":[8,8,-1]},"faces":{"north":{"uv":[13.5,8.75,13.75,9.125],"texture":"#2"},"east":{"uv":[13.25,6.75,13.625,7.125],"texture":"#2"},"south":{"uv":[9,13.5,9.25,13.875],"texture":"#2"},"west":{"uv":[7,13.25,7.375,13.625],"texture":"#2"},"up":{"uv":[9.5,13.875,9.25,13.5],"texture":"#2"},"down":{"uv":[13.75,9.25,13.5,9.625],"texture":"#2"}}},{"from":[7.53956,20.6077,-4.52119],"to":[8.33956,21.7077,-3.27119],"rotation":{"angle":22.5,"axis":"x","origin":[8,8,-1]},"faces":{"north":{"uv":[13,6.5,13.25,6.75],"texture":"#2"},"east":{"uv":[0.75,13.5,1.125,13.75],"texture":"#2"},"south":{"uv":[12.5,13,12.75,13.25],"texture":"#2"},"west":{"uv":[13.5,1,13.875,1.25],"texture":"#2"},"up":{"uv":[13.75,1.625,13.5,1.25],"texture":"#2"},"down":{"uv":[13.75,1.75,13.5,2.125],"texture":"#2"}}},{"from":[7.51456,16.34878,6.08683],"to":[8.36456,19.29878,7.08683],"rotation":{"angle":-22.5,"axis":"x","origin":[8,8,-1]},"faces":{"north":{"uv":[8,12.25,8.25,13],"texture":"#2"},"east":{"uv":[11.25,12.5,11.5,13.25],"texture":"#2"},"south":{"uv":[8.5,12.75,8.75,13.5],"texture":"#2"},"west":{"uv":[8.75,12.75,9,13.5],"texture":"#2"},"up":{"uv":[5.75,14,5.5,13.75],"texture":"#2"},"down":{"uv":[14,5.5,13.75,5.75],"texture":"#2"}}},{"from":[7.53956,18.93356,-6.04533],"to":[8.33956,20.18356,-4.94533],"rotation":{"angle":22.5,"axis":"x","origin":[8,8,-1]},"faces":{"north":{"uv":[6,13.75,6.25,14],"texture":"#2"},"east":{"uv":[13.75,6,14,6.25],"texture":"#2"},"south":{"uv":[6.25,13.75,6.5,14],"texture":"#2"},"west":{"uv":[13.75,6.25,14,6.5],"texture":"#2"},"up":{"uv":[6.75,14,6.5,13.75],"texture":"#2"},"down":{"uv":[14,6.5,13.75,6.75],"texture":"#2"}}},{"from":[7.51456,16.34878,3.16361],"to":[8.36456,19.29878,4.16361],"rotation":{"angle":-22.5,"axis":"x","origin":[8,8,-1]},"faces":{"north":{"uv":[9,12.75,9.25,13.5],"texture":"#2"},"east":{"uv":[9.25,12.75,9.5,13.5],"texture":"#2"},"south":{"uv":[9.5,12.75,9.75,13.5],"texture":"#2"},"west":{"uv":[9.75,12.75,10,13.5],"texture":"#2"},"up":{"uv":[6,14,5.75,13.75],"texture":"#2"},"down":{"uv":[14,5.75,13.75,6],"texture":"#2"}}},{"from":[7.15,13.91627,-3.92995],"to":[8.85,18.11627,-2.22995],"rotation":{"angle":22.5,"axis":"x","origin":[8,8,-1]},"faces":{"north":{"uv":[8.5,11.25,8.875,12.25],"texture":"#2"},"east":{"uv":[9,11.25,9.375,12.25],"texture":"#2"},"south":{"uv":[9.5,11.25,9.875,12.25],"texture":"#2"},"west":{"uv":[10,11.25,10.375,12.25],"texture":"#2"},"up":{"uv":[13.625,7.625,13.25,7.25],"texture":"#2"},"down":{"uv":[7.875,13.25,7.5,13.625],"texture":"#2"}}},{"from":[7.65,14.72919,-4.82155],"to":[8.35,15.92919,-0.62155],"rotation":{"angle":0,"axis":"y","origin":[8,8,-1]},"faces":{"north":{"uv":[13.75,11.75,13.875,12],"texture":"#2"},"east":{"uv":[12.25,6.25,13.25,6.5],"texture":"#2"},"south":{"uv":[13.75,12,13.875,12.25],"texture":"#2"},"west":{"uv":[12.25,10,13.25,10.25],"texture":"#2"},"up":{"uv":[0.125,14.5,0,13.5],"texture":"#2"},"down":{"uv":[13.625,0,13.5,1],"texture":"#2"}}},{"from":[7.65,14.72919,-7.52155],"to":[8.35,15.42919,-4.82155],"rotation":{"angle":0,"axis":"y","origin":[8,8,-1]},"faces":{"north":{"uv":[13.75,12.5,13.875,12.625],"texture":"#2"},"east":{"uv":[3.5,13.75,4.125,13.875],"texture":"#2"},"south":{"uv":[12.75,13.75,12.875,13.875],"texture":"#2"},"west":{"uv":[13.75,3.5,14.375,3.625],"texture":"#2"},"up":{"uv":[13.875,4.375,13.75,3.75],"texture":"#2"},"down":{"uv":[4.375,13.75,4.25,14.375],"texture":"#2"}}},{"from":[7.4,16.26449,5.77299],"to":[8.5,17.96449,10.97299],"rotation":{"angle":-22.5,"axis":"x","origin":[8,8,-1]},"faces":{"north":{"uv":[11,13.5,11.25,13.875],"texture":"#2"},"east":{"uv":[11,6.75,12.25,7.125],"texture":"#2"},"south":{"uv":[11.5,13.5,11.75,13.875],"texture":"#2"},"west":{"uv":[11,7.25,12.25,7.625],"texture":"#2"},"up":{"uv":[6.75,13,6.5,11.75],"texture":"#2"},"down":{"uv":[7,11.75,6.75,13],"texture":"#2"}}},{"from":[7.4,16.28739,11.11762],"to":[8.5,17.23739,16.31762],"rotation":{"angle":-22.5,"axis":"x","origin":[8,7.2729,-2.75537]},"faces":{"north":{"uv":[13.75,9,14,9.25],"texture":"#2"},"east":{"uv":[11.75,6.5,13,6.75],"texture":"#2"},"south":{"uv":[13.75,9.25,14,9.5],"texture":"#2"},"west":{"uv":[7,12,8.25,12.25],"texture":"#2"},"up":{"uv":[8.5,13.25,8.25,12],"texture":"#2"},"down":{"uv":[12.25,10,12,11.25],"texture":"#2"}}},{"from":[7.4,-1.96449,5.77299],"to":[8.5,-0.26449,10.97299],"rotation":{"angle":22.5,"axis":"x","origin":[8,8,-1]},"faces":{"north":{"uv":[13.75,2.25,14,2.625],"texture":"#2"},"east":{"uv":[4.5,11.25,5.75,11.625],"texture":"#2"},"south":{"uv":[2.5,13.75,2.75,14.125],"texture":"#2"},"west":{"uv":[5.75,11.25,7,11.625],"texture":"#2"},"up":{"uv":[0.5,13.5,0.25,12.25],"texture":"#2"},"down":{"uv":[0.75,12.25,0.5,13.5],"texture":"#2"}}},{"from":[7.4,-1.23739,11.11762],"to":[8.5,-0.28739,16.31762],"rotation":{"angle":22.5,"axis":"x","origin":[8,8.7271,-2.75537]},"faces":{"north":{"uv":[13.75,9.5,14,9.75],"texture":"#2"},"east":{"uv":[12,11.25,13.25,11.5],"texture":"#2"},"south":{"uv":[10,13.75,10.25,14],"texture":"#2"},"west":{"uv":[12,11.5,13.25,11.75],"texture":"#2"},"up":{"uv":[12.25,13,12,11.75],"texture":"#2"},"down":{"uv":[0.25,12.25,0,13.5],"texture":"#2"}}},{"from":[7.4,13.15,-1.17579],"to":[8.6,14.65,0.02421],"rotation":{"angle":0,"axis":"y","origin":[8,8,-1]},"faces":{"north":{"uv":[9.5,13.5,9.75,13.875],"texture":"#2"},"east":{"uv":[9.75,13.5,10,13.875],"texture":"#2"},"south":{"uv":[13.5,10.5,13.75,10.875],"texture":"#2"},"west":{"uv":[10.75,13.5,11,13.875],"texture":"#2"},"up":{"uv":[7,14,6.75,13.75],"texture":"#2"},"down":{"uv":[14,6.75,13.75,7],"texture":"#2"}}},{"from":[6.93956,18.11089,-3.96144],"to":[8.93956,20.11089,-1.96144],"rotation":{"angle":22.5,"axis":"x","origin":[8,8,-1]},"faces":{"north":{"uv":[12.25,4.25,12.75,4.75],"texture":"#2"},"east":{"uv":[12.25,4.75,12.75,5.25],"texture":"#2"},"south":{"uv":[12.25,5.25,12.75,5.75],"texture":"#2"},"west":{"uv":[12.25,5.75,12.75,6.25],"texture":"#2"},"up":{"uv":[12.75,7.25,12.25,6.75],"texture":"#2"},"down":{"uv":[7.5,12.25,7,12.75],"texture":"#2"}}},{"from":[7.53956,-5.7077,-4.52119],"to":[8.33956,-4.6077,-3.27119],"rotation":{"angle":-22.5,"axis":"x","origin":[8,8,-1]},"faces":{"north":{"uv":[13.75,8.5,14,8.75],"texture":"#2"},"east":{"uv":[13.5,9.75,13.875,10],"texture":"#2"},"south":{"uv":[13.75,8.75,14,9],"texture":"#2"},"west":{"uv":[1.75,13.75,2.125,14],"texture":"#2"},"up":{"uv":[14,2.125,13.75,1.75],"texture":"#2"},"down":{"uv":[2.5,13.75,2.25,14.125],"texture":"#2"}}},{"from":[7.51456,-3.29878,6.08683],"to":[8.36456,-0.34878,7.08683],"rotation":{"angle":22.5,"axis":"x","origin":[8,8,-1]},"faces":{"north":{"uv":[2.25,13,2.5,13.75],"texture":"#2"},"east":{"uv":[2.5,13,2.75,13.75],"texture":"#2"},"south":{"uv":[6,13,6.25,13.75],"texture":"#2"},"west":{"uv":[6.25,13,6.5,13.75],"texture":"#2"},"up":{"uv":[8.5,14,8.25,13.75],"texture":"#2"},"down":{"uv":[14,8.25,13.75,8.5],"texture":"#2"}}},{"from":[7.51456,-3.29878,3.16361],"to":[8.36456,-0.34878,4.16361],"rotation":{"angle":22.5,"axis":"x","origin":[8,8,-1]},"faces":{"north":{"uv":[1.25,13,1.5,13.75],"texture":"#2"},"east":{"uv":[1.5,13,1.75,13.75],"texture":"#2"},"south":{"uv":[1.75,13,2,13.75],"texture":"#2"},"west":{"uv":[2,13,2.25,13.75],"texture":"#2"},"up":{"uv":[8.25,14,8,13.75],"texture":"#2"},"down":{"uv":[14,8,13.75,8.25],"texture":"#2"}}},{"from":[7.53956,-4.18356,-6.04533],"to":[8.33956,-2.93356,-4.94533],"rotation":{"angle":-22.5,"axis":"x","origin":[8,8,-1]},"faces":{"north":{"uv":[7.25,13.75,7.5,14],"texture":"#2"},"east":{"uv":[13.75,7.25,14,7.5],"texture":"#2"},"south":{"uv":[7.5,13.75,7.75,14],"texture":"#2"},"west":{"uv":[13.75,7.5,14,7.75],"texture":"#2"},"up":{"uv":[8,14,7.75,13.75],"texture":"#2"},"down":{"uv":[14,7.75,13.75,8],"texture":"#2"}}},{"from":[7.36456,-4.16204,4.12522],"to":[8.51456,-2.86204,6.12522],"rotation":{"angle":22.5,"axis":"x","origin":[8,8,-1]},"faces":{"north":{"uv":[13.75,1.25,14,1.625],"texture":"#2"},"east":{"uv":[12.75,12.75,13.25,13.125],"texture":"#2"},"south":{"uv":[1.5,13.75,1.75,14.125],"texture":"#2"},"west":{"uv":[0.75,13,1.25,13.375],"texture":"#2"},"up":{"uv":[8.5,13.75,8.25,13.25],"texture":"#2"},"down":{"uv":[11.5,13.25,11.25,13.75],"texture":"#2"}}},{"from":[7.38956,-5.63212,-5.95725],"to":[8.48956,-4.20712,-4.55725],"rotation":{"angle":-22.5,"axis":"x","origin":[8,8,-1]},"faces":{"north":{"uv":[13.75,0.5,14,0.875],"texture":"#2"},"east":{"uv":[12.5,13.25,12.875,13.625],"texture":"#2"},"south":{"uv":[0.75,13.75,1,14.125],"texture":"#2"},"west":{"uv":[13.25,12.75,13.625,13.125],"texture":"#2"},"up":{"uv":[1.25,14.125,1,13.75],"texture":"#2"},"down":{"uv":[1.5,13.75,1.25,14.125],"texture":"#2"}}},{"from":[7.38956,-4.74824,-5.07337],"to":[8.48956,-3.32324,-3.67337],"rotation":{"angle":-22.5,"axis":"x","origin":[8,8,-1]},"faces":{"north":{"uv":[13,13.5,13.25,13.875],"texture":"#2"},"east":{"uv":[13.25,11,13.625,11.375],"texture":"#2"},"south":{"uv":[13.25,13.5,13.5,13.875],"texture":"#2"},"west":{"uv":[13.25,12.25,13.625,12.625],"texture":"#2"},"up":{"uv":[13.75,13.625,13.5,13.25],"texture":"#2"},"down":{"uv":[14,0,13.75,0.375],"texture":"#2"}}},{"from":[7.15,-2.11627,-3.92995],"to":[8.85,2.08373,-2.22995],"rotation":{"angle":-22.5,"axis":"x","origin":[8,8,-1]},"faces":{"north":{"uv":[10.5,11.25,10.875,12.25],"texture":"#2"},"east":{"uv":[11,11.25,11.375,12.25],"texture":"#2"},"south":{"uv":[11.5,11.25,11.875,12.25],"texture":"#2"},"west":{"uv":[11.75,3.75,12.125,4.75],"texture":"#2"},"up":{"uv":[10.375,13.625,10,13.25],"texture":"#2"},"down":{"uv":[13.625,10,13.25,10.375],"texture":"#2"}}},{"from":[7.4,1.35,-1.17579],"to":[8.6,2.85,0.02421],"rotation":{"angle":0,"axis":"y","origin":[8,8,-1]},"faces":{"north":{"uv":[11.75,13.5,12,13.875],"texture":"#2"},"east":{"uv":[13.5,11.75,13.75,12.125],"texture":"#2"},"south":{"uv":[12,13.5,12.25,13.875],"texture":"#2"},"west":{"uv":[12.25,13.5,12.5,13.875],"texture":"#2"},"up":{"uv":[7.25,14,7,13.75],"texture":"#2"},"down":{"uv":[14,7,13.75,7.25],"texture":"#2"}}},{"from":[6.93956,-4.11089,-3.96144],"to":[8.93956,-2.11089,-1.96144],"rotation":{"angle":-22.5,"axis":"x","origin":[8,8,-1]},"faces":{"north":{"uv":[12.25,7.25,12.75,7.75],"texture":"#2"},"east":{"uv":[7.5,12.25,8,12.75],"texture":"#2"},"south":{"uv":[8.5,12.25,9,12.75],"texture":"#2"},"west":{"uv":[9,12.25,9.5,12.75],"texture":"#2"},"up":{"uv":[10,12.75,9.5,12.25],"texture":"#2"},"down":{"uv":[10.5,12.25,10,12.75],"texture":"#2"}}},{"from":[8,14.5,-8.32579],"to":[8,19.5,1.67421],"rotation":{"angle":0,"axis":"y","origin":[8,8,-1]},"faces":{"north":{"uv":[0,0,0,1.25],"texture":"#2"},"east":{"uv":[4.5,10,7,11.25],"texture":"#2"},"south":{"uv":[0,0,0,1.25],"texture":"#2"},"west":{"uv":[7,10,9.5,11.25],"texture":"#2"},"up":{"uv":[0,2.5,0,0],"texture":"#2"},"down":{"uv":[0,0,0,2.5],"texture":"#2"}}},{"from":[8.6,18.3,-0.52579],"to":[8.6,23.3,5.77421],"rotation":{"angle":-22.5,"axis":"y","origin":[3.6,17,-3.32579]},"faces":{"north":{"uv":[0,0,0,1.25],"texture":"#2"},"east":{"uv":[12.625,2.5,11,3.75],"texture":"#2"},"south":{"uv":[0,0,0,1.25],"texture":"#2"},"west":{"uv":[11,2.5,12.625,3.75],"texture":"#2"},"up":{"uv":[0,1.625,0,0],"texture":"#2"},"down":{"uv":[0,0,0,1.625],"texture":"#2"}}},{"from":[7.4,17.7,-0.52579],"to":[7.4,22.7,5.77421],"rotation":{"angle":22.5,"axis":"y","origin":[12.1,17,-3.32579]},"faces":{"north":{"uv":[0,0,0,1.25],"texture":"#2"},"east":{"uv":[12.625,2.5,11,3.75],"texture":"#2"},"south":{"uv":[0,0,0,1.25],"texture":"#2"},"west":{"uv":[11,2.5,12.625,3.75],"texture":"#2"},"up":{"uv":[0,1.625,0,0],"texture":"#2"},"down":{"uv":[0,0,0,1.625],"texture":"#2"}}},{"from":[8.6,-7.3,-0.52579],"to":[8.6,-2.3,5.77421],"rotation":{"angle":-22.5,"axis":"y","origin":[3.6,-1,-3.32579]},"faces":{"north":{"uv":[0,1.25,0,0],"texture":"#2"},"east":{"uv":[12.625,3.75,11,2.5],"texture":"#2"},"south":{"uv":[0,1.25,0,0],"texture":"#2"},"west":{"uv":[11,3.75,12.625,2.5],"texture":"#2"},"up":{"uv":[0,1.625,0,0],"texture":"#2"},"down":{"uv":[0,0,0,1.625],"texture":"#2"}}},{"from":[7.4,-6.7,-0.52579],"to":[7.4,-1.7,5.77421],"rotation":{"angle":22.5,"axis":"y","origin":[12.1,-1,-3.32579]},"faces":{"north":{"uv":[0,1.25,0,0],"texture":"#2"},"east":{"uv":[12.625,3.75,11,2.5],"texture":"#2"},"south":{"uv":[0,1.25,0,0],"texture":"#2"},"west":{"uv":[11,3.75,12.625,2.5],"texture":"#2"},"up":{"uv":[0,1.625,0,0],"texture":"#2"},"down":{"uv":[0,0,0,1.625],"texture":"#2"}}},{"from":[8,20.4,-5.82579],"to":[8,29.4,12.17421],"rotation":{"angle":0,"axis":"y","origin":[8,24.5,10.6742]},"faces":{"north":{"uv":[0,0,0,2.25],"texture":"#2"},"east":{"uv":[0,7.75,4.5,10],"texture":"#2"},"south":{"uv":[0,0,0,2.25],"texture":"#2"},"west":{"uv":[4.5,7.75,9,10],"texture":"#2"},"up":{"uv":[0,4.5,0,0],"texture":"#2"},"down":{"uv":[0,0,0,4.5],"texture":"#2"}}},{"from":[8,-13.4,-5.82579],"to":[8,-4.4,12.17421],"rotation":{"angle":0,"axis":"y","origin":[8,-8.5,10.6742]},"faces":{"north":{"uv":[0,0,0,2.25],"texture":"#2"},"east":{"uv":[9,7.75,13.5,10],"texture":"#2"},"south":{"uv":[0,0,0,2.25],"texture":"#2"},"west":{"uv":[0,10,4.5,12.25],"texture":"#2"},"up":{"uv":[0,4.5,0,0],"texture":"#2"},"down":{"uv":[0,0,0,4.5],"texture":"#2"}}},{"from":[7.65,-0.02919,-4.82155],"to":[8.35,1.17081,-0.62155],"rotation":{"angle":0,"axis":"y","origin":[8,8,-1]},"faces":{"north":{"uv":[13.75,12.25,13.875,12.5],"texture":"#2"},"east":{"uv":[12.25,10.25,13.25,10.5],"texture":"#2"},"south":{"uv":[12.5,13.75,12.625,14],"texture":"#2"},"west":{"uv":[10.5,12.25,11.5,12.5],"texture":"#2"},"up":{"uv":[0.375,14.5,0.25,13.5],"texture":"#2"},"down":{"uv":[0.625,13.5,0.5,14.5],"texture":"#2"}}},{"from":[7.65,0.47081,-7.52155],"to":[8.35,1.17081,-4.82155],"rotation":{"angle":0,"axis":"y","origin":[8,8,-1]},"faces":{"north":{"uv":[13.75,12.75,13.875,12.875],"texture":"#2"},"east":{"uv":[4.5,13.75,5.125,13.875],"texture":"#2"},"south":{"uv":[13.75,13,13.875,13.125],"texture":"#2"},"west":{"uv":[13.75,4.5,14.375,4.625],"texture":"#2"},"up":{"uv":[13.875,5.375,13.75,4.75],"texture":"#2"},"down":{"uv":[5.375,13.75,5.25,14.375],"texture":"#2"}}},{"from":[8,-3.6,-8.32579],"to":[8,1.4,1.67421],"rotation":{"angle":0,"axis":"y","origin":[8,8,-1]},"faces":{"north":{"uv":[0,0,0,1.25],"texture":"#2"},"east":{"uv":[9.5,10,12,11.25],"texture":"#2"},"south":{"uv":[0,0,0,1.25],"texture":"#2"},"west":{"uv":[11,0,13.5,1.25],"texture":"#2"},"up":{"uv":[0,2.5,0,0],"texture":"#2"},"down":{"uv":[0,0,0,2.5],"texture":"#2"}}},{"from":[7.9,-7.5,10.4],"to":[7.9,23.5,32],"rotation":{"angle":0,"axis":"y","origin":[8,8,15]},"faces":{"north":{"uv":[0,0,0,7.75],"texture":"#2"},"east":{"uv":[0,0,5.375,7.75],"texture":"#2"},"south":{"uv":[0,0,0,7.75],"texture":"#2"},"west":{"uv":[5.5,0,10.875,7.75],"texture":"#2"},"up":{"uv":[0,5.375,0,0],"texture":"#2"},"down":{"uv":[0,0,0,5.375],"texture":"#2"}}}],"gui_light":"front","display":{"thirdperson_righthand":{"translation":[0,-1,6.25],"scale":[0.6,0.6,0.6]},"thirdperson_lefthand":{"translation":[0,-1,6.25],"scale":[0.6,0.6,0.6]},"firstperson_righthand":{"rotation":[9.75,0,0],"translation":[5.75,6.5,0],"scale":[0.47109,0.47109,0.47109]},"firstperson_lefthand":{"rotation":[9.75,0,0],"translation":[5.75,6.5,0],"scale":[0.47109,0.47109,0.47109]},"ground":{"rotation":[45,0,0],"translation":[0,6,0],"scale":[0.5,0.5,0.5]},"gui":{"rotation":[90,45,-90],"translation":[0.5,-0.5,0],"scale":[0.45,0.45,0.45]},"head":{"scale":[0,0,0]},"fixed":{"rotation":[0,-90,0],"translation":[-8.75,0,-1.5],"scale":[1.5,1.5,1.5]}}}