{
	"credit": "Made with Blockbench",
	"texture_size": [128, 128],
	"textures": {
		"1": "elitecreatures/carnivoret_weapon_set/bow2"
	},
	"elements": [
		{
			"from": [7.125, 2.725, -1.45079],
			"to": [8.875, 3.975, 0.29921],
			"rotation": {"angle": 0, "axis": "y", "origin": [8, 8, -1]},
			"faces": {
				"north": {"uv": [0, 6.875, 0.25, 7.0625], "texture": "#1"},
				"east": {"uv": [0.25, 6.875, 0.5, 7.0625], "texture": "#1"},
				"south": {"uv": [0.5, 6.875, 0.75, 7.0625], "texture": "#1"},
				"west": {"uv": [0.75, 6.875, 1, 7.0625], "texture": "#1"},
				"up": {"uv": [6.75, 6.375, 6.5, 6.125], "texture": "#1"},
				"down": {"uv": [6.75, 6.375, 6.5, 6.625], "texture": "#1"}
			}
		},
		{
			"from": [7.325, 3.73567, -2.75267],
			"to": [8.675, 6.88567, -1.40267],
			"rotation": {"angle": -22.5, "axis": "x", "origin": [8, 8, -1]},
			"faces": {
				"north": {"uv": [0, 6.5, 0.1875, 6.875], "texture": "#1"},
				"east": {"uv": [0.25, 6.5, 0.4375, 6.875], "texture": "#1"},
				"south": {"uv": [5.125, 6.5, 5.3125, 6.875], "texture": "#1"},
				"west": {"uv": [5.375, 6.5, 5.5625, 6.875], "texture": "#1"},
				"up": {"uv": [7.1875, 5.1875, 7, 5], "texture": "#1"},
				"down": {"uv": [7.1875, 5.25, 7, 5.4375], "texture": "#1"}
			}
		},
		{
			"from": [7.325, 6.88567, -0.50267],
			"to": [8.675, 10.23567, 0.84733],
			"rotation": {"angle": -22.5, "axis": "x", "origin": [8, 8, -1]},
			"faces": {
				"north": {"uv": [6.375, 3.25, 6.5625, 3.6875], "texture": "#1"},
				"east": {"uv": [3.375, 6.375, 3.5625, 6.8125], "texture": "#1"},
				"south": {"uv": [3.625, 6.375, 3.8125, 6.8125], "texture": "#1"},
				"west": {"uv": [3.875, 6.375, 4.0625, 6.8125], "texture": "#1"},
				"up": {"uv": [7.1875, 7.1875, 7, 7], "texture": "#1"},
				"down": {"uv": [0.1875, 7.125, 0, 7.3125], "texture": "#1"}
			}
		},
		{
			"from": [7.325, 5.31067, -1.40267],
			"to": [8.675, 6.88567, 0.84733],
			"rotation": {"angle": -22.5, "axis": "x", "origin": [8, 8, -1]},
			"faces": {
				"north": {"uv": [7, 6.5, 7.1875, 6.6875], "texture": "#1"},
				"east": {"uv": [6.5, 6.625, 6.8125, 6.8125], "texture": "#1"},
				"south": {"uv": [7, 6.75, 7.1875, 6.9375], "texture": "#1"},
				"west": {"uv": [6.75, 0, 7.0625, 0.1875], "texture": "#1"},
				"up": {"uv": [6.9375, 0.5625, 6.75, 0.25], "texture": "#1"},
				"down": {"uv": [6.9375, 0.625, 6.75, 0.9375], "texture": "#1"}
			}
		},
		{
			"from": [7, 3.91997, 2.17995],
			"to": [9, 5.41997, 3.67995],
			"rotation": {"angle": 45, "axis": "x", "origin": [8, 8, -1]},
			"faces": {
				"north": {"uv": [1, 6.875, 1.25, 7.0625], "texture": "#1"},
				"east": {"uv": [5.75, 7, 5.9375, 7.1875], "texture": "#1"},
				"south": {"uv": [1.25, 6.875, 1.5, 7.0625], "texture": "#1"},
				"west": {"uv": [6, 7, 6.1875, 7.1875], "texture": "#1"},
				"up": {"uv": [1.75, 7.0625, 1.5, 6.875], "texture": "#1"},
				"down": {"uv": [2, 6.875, 1.75, 7.0625], "texture": "#1"}
			}
		},
		{
			"from": [7.125, 8.57398, -2.53891],
			"to": [8.875, 10.12398, -0.98891],
			"rotation": {"angle": 45, "axis": "x", "origin": [8, 8, -1]},
			"faces": {
				"north": {"uv": [6.875, 2, 7.125, 2.1875], "texture": "#1"},
				"east": {"uv": [1, 7.125, 1.1875, 7.3125], "texture": "#1"},
				"south": {"uv": [2.25, 6.875, 2.5, 7.0625], "texture": "#1"},
				"west": {"uv": [7.125, 1, 7.3125, 1.1875], "texture": "#1"},
				"up": {"uv": [7.125, 2.4375, 6.875, 2.25], "texture": "#1"},
				"down": {"uv": [2.75, 6.875, 2.5, 7.0625], "texture": "#1"}
			}
		},
		{
			"from": [7.025, 9.49404, -1.74028],
			"to": [8.975, 10.74404, 0.60972],
			"rotation": {"angle": 0, "axis": "y", "origin": [8, 8, -1]},
			"faces": {
				"north": {"uv": [6.875, 2.5, 7.125, 2.6875], "texture": "#1"},
				"east": {"uv": [4.125, 6.75, 4.4375, 6.9375], "texture": "#1"},
				"south": {"uv": [2.75, 6.875, 3, 7.0625], "texture": "#1"},
				"west": {"uv": [6.75, 4.25, 7.0625, 4.4375], "texture": "#1"},
				"up": {"uv": [4.375, 6.6875, 4.125, 6.375], "texture": "#1"},
				"down": {"uv": [4.625, 6.375, 4.375, 6.6875], "texture": "#1"}
			}
		},
		{
			"from": [6.775, 10.74404, -1.99028],
			"to": [9.225, 13.24404, 0.85972],
			"rotation": {"angle": 0, "axis": "y", "origin": [8, 8, -1]},
			"faces": {
				"north": {"uv": [6.25, 5.75, 6.5625, 6.0625], "texture": "#1"},
				"east": {"uv": [5.125, 5.75, 5.5, 6.0625], "texture": "#1"},
				"south": {"uv": [6.375, 0.625, 6.6875, 0.9375], "texture": "#1"},
				"west": {"uv": [5.5, 5.75, 5.875, 6.0625], "texture": "#1"},
				"up": {"uv": [6.1875, 6.125, 5.875, 5.75], "texture": "#1"},
				"down": {"uv": [6.3125, 5.125, 6, 5.5], "texture": "#1"}
			}
		},
		{
			"from": [6.775, 10.74404, -3.59028],
			"to": [9.225, 12.24404, -1.99028],
			"rotation": {"angle": 0, "axis": "y", "origin": [8, 8, -1]},
			"faces": {
				"north": {"uv": [6.75, 1, 7.0625, 1.1875], "texture": "#1"},
				"east": {"uv": [7.125, 0, 7.3125, 0.1875], "texture": "#1"},
				"south": {"uv": [6.75, 1.25, 7.0625, 1.4375], "texture": "#1"},
				"west": {"uv": [0.25, 7.125, 0.4375, 7.3125], "texture": "#1"},
				"up": {"uv": [7.0625, 1.6875, 6.75, 1.5], "texture": "#1"},
				"down": {"uv": [7.0625, 4, 6.75, 4.1875], "texture": "#1"}
			}
		},
		{
			"from": [7.09595, 10.10246, -3.48068],
			"to": [8.90405, 11.20946, -1.59988],
			"rotation": {"angle": 0, "axis": "y", "origin": [8, 8, -1]},
			"faces": {
				"north": {"uv": [6.75, 5, 7, 5.125], "texture": "#1"},
				"east": {"uv": [3.625, 7.125, 3.875, 7.25], "texture": "#1"},
				"south": {"uv": [3.875, 7.125, 4.125, 7.25], "texture": "#1"},
				"west": {"uv": [7.125, 4, 7.375, 4.125], "texture": "#1"},
				"up": {"uv": [0.75, 6.875, 0.5, 6.625], "texture": "#1"},
				"down": {"uv": [1, 6.625, 0.75, 6.875], "texture": "#1"}
			}
		},
		{
			"from": [6.88525, 9.41154, -3.51828],
			"to": [9.11475, 10.77654, -3.51828],
			"rotation": {"angle": 0, "axis": "y", "origin": [8, 8, -1]},
			"faces": {
				"north": {"uv": [6.875, 1.75, 7.125, 1.9375], "texture": "#1"},
				"east": {"uv": [0, 0, 0, 0.1875], "texture": "#1"},
				"south": {"uv": [2, 6.875, 2.25, 7.0625], "texture": "#1"},
				"west": {"uv": [0, 0, 0, 0.1875], "texture": "#1"},
				"up": {"uv": [0.25, 0, 0, 0], "texture": "#1"},
				"down": {"uv": [0.25, 0, 0, 0], "texture": "#1"}
			}
		},
		{
			"from": [6.88525, 9.41154, -3.51828],
			"to": [6.88525, 10.77654, -2.06228],
			"rotation": {"angle": 0, "axis": "y", "origin": [8, 8, -1]},
			"faces": {
				"north": {"uv": [0, 0, 0, 0.1875], "texture": "#1"},
				"east": {"uv": [0.75, 7.125, 0.9375, 7.3125], "texture": "#1"},
				"south": {"uv": [0, 0, 0, 0.1875], "texture": "#1"},
				"west": {"uv": [7.125, 0.75, 7.3125, 0.9375], "texture": "#1"},
				"up": {"uv": [0, 0.1875, 0, 0], "texture": "#1"},
				"down": {"uv": [0, 0, 0, 0.1875], "texture": "#1"}
			}
		},
		{
			"from": [8.88525, 9.41154, -3.51828],
			"to": [9.11475, 10.77654, -2.06228],
			"rotation": {"angle": 0, "axis": "y", "origin": [8, 8, -1]},
			"faces": {
				"north": {"uv": [4.125, 7.375, 4.1875, 7.5625], "texture": "#1"},
				"east": {"uv": [0.5, 7.125, 0.6875, 7.3125], "texture": "#1"},
				"south": {"uv": [7.375, 4.125, 7.4375, 4.3125], "texture": "#1"},
				"west": {"uv": [7.125, 0.5, 7.3125, 0.6875], "texture": "#1"},
				"up": {"uv": [4.3125, 7.5625, 4.25, 7.375], "texture": "#1"},
				"down": {"uv": [4.4375, 7.375, 4.375, 7.5625], "texture": "#1"}
			}
		},
		{
			"from": [6.075, 11.99404, -0.99028],
			"to": [6.775, 14.24404, -0.14028],
			"rotation": {"angle": 0, "axis": "y", "origin": [8, 8, -1]},
			"faces": {
				"north": {"uv": [0.125, 7.375, 0.1875, 7.6875], "texture": "#1"},
				"east": {"uv": [7, 0.5, 7.125, 0.8125], "texture": "#1"},
				"south": {"uv": [0.25, 7.375, 0.3125, 7.6875], "texture": "#1"},
				"west": {"uv": [7, 2.75, 7.125, 3.0625], "texture": "#1"},
				"up": {"uv": [7.4375, 5, 7.375, 4.875], "texture": "#1"},
				"down": {"uv": [7.4375, 5, 7.375, 5.125], "texture": "#1"}
			}
		},
		{
			"from": [9.225, 11.99404, -0.99028],
			"to": [9.925, 14.24404, -0.14028],
			"rotation": {"angle": 0, "axis": "y", "origin": [8, 8, -1]},
			"faces": {
				"north": {"uv": [7.375, 0.25, 7.4375, 0.5625], "texture": "#1"},
				"east": {"uv": [7, 3.125, 7.125, 3.4375], "texture": "#1"},
				"south": {"uv": [0.375, 7.375, 0.4375, 7.6875], "texture": "#1"},
				"west": {"uv": [4.125, 7, 4.25, 7.3125], "texture": "#1"},
				"up": {"uv": [7.4375, 5.25, 7.375, 5.125], "texture": "#1"},
				"down": {"uv": [7.4375, 5.25, 7.375, 5.375], "texture": "#1"}
			}
		},
		{
			"from": [6.775, 6.94404, -14.39028],
			"to": [9.225, 9.44404, -11.54028],
			"rotation": {"angle": 0, "axis": "y", "origin": [8, 8, -13]},
			"faces": {
				"north": {"uv": [6.375, 1, 6.6875, 1.3125], "texture": "#1"},
				"east": {"uv": [0.625, 6.25, 1, 6.5625], "texture": "#1"},
				"south": {"uv": [6.375, 1.375, 6.6875, 1.6875], "texture": "#1"},
				"west": {"uv": [1, 6.25, 1.375, 6.5625], "texture": "#1"},
				"up": {"uv": [1.6875, 6.625, 1.375, 6.25], "texture": "#1"},
				"down": {"uv": [2.0625, 6.25, 1.75, 6.625], "texture": "#1"}
			}
		},
		{
			"from": [6.075, 8.19404, -13.39028],
			"to": [6.775, 10.44404, -12.54028],
			"rotation": {"angle": 0, "axis": "y", "origin": [8, 8, -13]},
			"faces": {
				"north": {"uv": [7.375, 1.625, 7.4375, 1.9375], "texture": "#1"},
				"east": {"uv": [4.625, 7, 4.75, 7.3125], "texture": "#1"},
				"south": {"uv": [1.75, 7.375, 1.8125, 7.6875], "texture": "#1"},
				"west": {"uv": [4.75, 7, 4.875, 7.3125], "texture": "#1"},
				"up": {"uv": [7.4375, 6.25, 7.375, 6.125], "texture": "#1"},
				"down": {"uv": [7.4375, 6.25, 7.375, 6.375], "texture": "#1"}
			}
		},
		{
			"from": [6.775, 6.94404, -15.99028],
			"to": [9.225, 8.44404, -14.39028],
			"rotation": {"angle": 0, "axis": "y", "origin": [8, 8, -13]},
			"faces": {
				"north": {"uv": [6.75, 4.5, 7.0625, 4.6875], "texture": "#1"},
				"east": {"uv": [3.375, 7.125, 3.5625, 7.3125], "texture": "#1"},
				"south": {"uv": [6.75, 4.75, 7.0625, 4.9375], "texture": "#1"},
				"west": {"uv": [7.125, 3.5, 7.3125, 3.6875], "texture": "#1"},
				"up": {"uv": [7.0625, 6.1875, 6.75, 6], "texture": "#1"},
				"down": {"uv": [7.0625, 6.25, 6.75, 6.4375], "texture": "#1"}
			}
		},
		{
			"from": [9.225, 8.19404, -13.39028],
			"to": [9.925, 10.44404, -12.54028],
			"rotation": {"angle": 0, "axis": "y", "origin": [8, 8, -13]},
			"faces": {
				"north": {"uv": [1.5, 7.375, 1.5625, 7.6875], "texture": "#1"},
				"east": {"uv": [4.25, 7, 4.375, 7.3125], "texture": "#1"},
				"south": {"uv": [1.625, 7.375, 1.6875, 7.6875], "texture": "#1"},
				"west": {"uv": [4.375, 7, 4.5, 7.3125], "texture": "#1"},
				"up": {"uv": [7.4375, 6, 7.375, 5.875], "texture": "#1"},
				"down": {"uv": [7.4375, 6, 7.375, 6.125], "texture": "#1"}
			}
		},
		{
			"from": [6.88525, 5.61154, -15.91828],
			"to": [9.11475, 6.97654, -15.91828],
			"rotation": {"angle": 0, "axis": "y", "origin": [8, 8, -13]},
			"faces": {
				"north": {"uv": [6.75, 6.875, 7, 7.0625], "texture": "#1"},
				"east": {"uv": [0, 0, 0, 0.1875], "texture": "#1"},
				"south": {"uv": [7, 0.25, 7.25, 0.4375], "texture": "#1"},
				"west": {"uv": [0, 0, 0, 0.1875], "texture": "#1"},
				"up": {"uv": [0.25, 0, 0, 0], "texture": "#1"},
				"down": {"uv": [0.25, 0, 0, 0], "texture": "#1"}
			}
		},
		{
			"from": [8.88525, 5.61154, -15.91828],
			"to": [9.11475, 6.97654, -14.46228],
			"rotation": {"angle": 0, "axis": "y", "origin": [8, 8, -13]},
			"faces": {
				"north": {"uv": [7.375, 4.375, 7.4375, 4.5625], "texture": "#1"},
				"east": {"uv": [7.125, 3, 7.3125, 3.1875], "texture": "#1"},
				"south": {"uv": [4.625, 7.375, 4.6875, 7.5625], "texture": "#1"},
				"west": {"uv": [7.125, 3.25, 7.3125, 3.4375], "texture": "#1"},
				"up": {"uv": [7.4375, 4.8125, 7.375, 4.625], "texture": "#1"},
				"down": {"uv": [4.8125, 7.375, 4.75, 7.5625], "texture": "#1"}
			}
		},
		{
			"from": [6.88525, 5.61154, -15.51828],
			"to": [6.88525, 6.97654, -14.06228],
			"rotation": {"angle": 0, "axis": "y", "origin": [8, 8, -13]},
			"faces": {
				"north": {"uv": [0, 0, 0, 0.1875], "texture": "#1"},
				"east": {"uv": [2.75, 7.125, 2.9375, 7.3125], "texture": "#1"},
				"south": {"uv": [0, 0, 0, 0.1875], "texture": "#1"},
				"west": {"uv": [7.125, 2.75, 7.3125, 2.9375], "texture": "#1"},
				"up": {"uv": [0, 0.1875, 0, 0], "texture": "#1"},
				"down": {"uv": [0, 0, 0, 0.1875], "texture": "#1"}
			}
		},
		{
			"from": [7.36456, 18.86204, 4.12522],
			"to": [8.51456, 20.16204, 6.12522],
			"rotation": {"angle": -22.5, "axis": "x", "origin": [8, 8, -1]},
			"faces": {
				"north": {"uv": [7.25, 0.25, 7.375, 0.4375], "texture": "#1"},
				"east": {"uv": [3.375, 6.875, 3.625, 7.0625], "texture": "#1"},
				"south": {"uv": [3, 7.25, 3.125, 7.4375], "texture": "#1"},
				"west": {"uv": [6.875, 3.5, 7.125, 3.6875], "texture": "#1"},
				"up": {"uv": [2.125, 6.875, 2, 6.625], "texture": "#1"},
				"down": {"uv": [6.375, 7, 6.25, 7.25], "texture": "#1"}
			}
		},
		{
			"from": [7.38956, 20.20712, -5.95725],
			"to": [8.48956, 21.63212, -4.55725],
			"rotation": {"angle": 22.5, "axis": "x", "origin": [8, 8, -1]},
			"faces": {
				"north": {"uv": [3.125, 7.25, 3.25, 7.4375], "texture": "#1"},
				"east": {"uv": [1.25, 7.125, 1.4375, 7.3125], "texture": "#1"},
				"south": {"uv": [3.25, 7.25, 3.375, 7.4375], "texture": "#1"},
				"west": {"uv": [7.125, 1.25, 7.3125, 1.4375], "texture": "#1"},
				"up": {"uv": [3.75, 7.4375, 3.625, 7.25], "texture": "#1"},
				"down": {"uv": [3.875, 7.25, 3.75, 7.4375], "texture": "#1"}
			}
		},
		{
			"from": [7.38956, 19.32324, -5.07337],
			"to": [8.48956, 20.74824, -3.67337],
			"rotation": {"angle": 22.5, "axis": "x", "origin": [8, 8, -1]},
			"faces": {
				"north": {"uv": [3.875, 7.25, 4, 7.4375], "texture": "#1"},
				"east": {"uv": [1.5, 7.125, 1.6875, 7.3125], "texture": "#1"},
				"south": {"uv": [4, 7.25, 4.125, 7.4375], "texture": "#1"},
				"west": {"uv": [7.125, 1.5, 7.3125, 1.6875], "texture": "#1"},
				"up": {"uv": [7.375, 4.3125, 7.25, 4.125], "texture": "#1"},
				"down": {"uv": [7.375, 4.375, 7.25, 4.5625], "texture": "#1"}
			}
		},
		{
			"from": [7.53956, 20.6077, -4.52119],
			"to": [8.33956, 21.7077, -3.27119],
			"rotation": {"angle": 22.5, "axis": "x", "origin": [8, 8, -1]},
			"faces": {
				"north": {"uv": [2.125, 6.25, 2.25, 6.375], "texture": "#1"},
				"east": {"uv": [7.125, 4.625, 7.3125, 4.75], "texture": "#1"},
				"south": {"uv": [0.5, 6.5, 0.625, 6.625], "texture": "#1"},
				"west": {"uv": [7.125, 4.75, 7.3125, 4.875], "texture": "#1"},
				"up": {"uv": [6.875, 7.3125, 6.75, 7.125], "texture": "#1"},
				"down": {"uv": [7, 7.125, 6.875, 7.3125], "texture": "#1"}
			}
		},
		{
			"from": [7.51456, 16.34878, 6.08683],
			"to": [8.36456, 19.29878, 7.08683],
			"rotation": {"angle": -22.5, "axis": "x", "origin": [8, 8, -1]},
			"faces": {
				"north": {"uv": [5.625, 6.5, 5.75, 6.875], "texture": "#1"},
				"east": {"uv": [4.5, 6.75, 4.625, 7.125], "texture": "#1"},
				"south": {"uv": [6.375, 6.75, 6.5, 7.125], "texture": "#1"},
				"west": {"uv": [6.875, 2.75, 7, 3.125], "texture": "#1"},
				"up": {"uv": [6.75, 6.125, 6.625, 6], "texture": "#1"},
				"down": {"uv": [6.875, 6.5, 6.75, 6.625], "texture": "#1"}
			}
		},
		{
			"from": [7.53956, 18.93356, -6.04533],
			"to": [8.33956, 20.18356, -4.94533],
			"rotation": {"angle": 22.5, "axis": "x", "origin": [8, 8, -1]},
			"faces": {
				"north": {"uv": [1.875, 7.375, 2, 7.5], "texture": "#1"},
				"east": {"uv": [2, 7.375, 2.125, 7.5], "texture": "#1"},
				"south": {"uv": [7.375, 2, 7.5, 2.125], "texture": "#1"},
				"west": {"uv": [2.125, 7.375, 2.25, 7.5], "texture": "#1"},
				"up": {"uv": [7.5, 2.25, 7.375, 2.125], "texture": "#1"},
				"down": {"uv": [2.375, 7.375, 2.25, 7.5], "texture": "#1"}
			}
		},
		{
			"from": [7.51456, 16.34878, 3.16361],
			"to": [8.36456, 19.29878, 4.16361],
			"rotation": {"angle": -22.5, "axis": "x", "origin": [8, 8, -1]},
			"faces": {
				"north": {"uv": [3, 6.875, 3.125, 7.25], "texture": "#1"},
				"east": {"uv": [3.125, 6.875, 3.25, 7.25], "texture": "#1"},
				"south": {"uv": [6.875, 3.125, 7, 3.5], "texture": "#1"},
				"west": {"uv": [3.25, 6.875, 3.375, 7.25], "texture": "#1"},
				"up": {"uv": [7.125, 1, 7, 0.875], "texture": "#1"},
				"down": {"uv": [7.25, 4.875, 7.125, 5], "texture": "#1"}
			}
		},
		{
			"from": [7.15, 13.91627, -3.92995],
			"to": [8.85, 18.11627, -2.22995],
			"rotation": {"angle": 22.5, "axis": "x", "origin": [8, 8, -1]},
			"faces": {
				"north": {"uv": [6.375, 1.75, 6.5625, 2.25], "texture": "#1"},
				"east": {"uv": [2.125, 6.375, 2.3125, 6.875], "texture": "#1"},
				"south": {"uv": [6.375, 2.25, 6.5625, 2.75], "texture": "#1"},
				"west": {"uv": [2.375, 6.375, 2.5625, 6.875], "texture": "#1"},
				"up": {"uv": [1.9375, 7.3125, 1.75, 7.125], "texture": "#1"},
				"down": {"uv": [7.3125, 1.75, 7.125, 1.9375], "texture": "#1"}
			}
		},
		{
			"from": [7.65, 14.72919, -4.82155],
			"to": [8.35, 15.92919, -0.62155],
			"rotation": {"angle": 0, "axis": "y", "origin": [8, 8, -1]},
			"faces": {
				"north": {"uv": [7.375, 5.375, 7.4375, 5.5], "texture": "#1"},
				"east": {"uv": [6.625, 5.5, 7.125, 5.625], "texture": "#1"},
				"south": {"uv": [7.375, 5.5, 7.4375, 5.625], "texture": "#1"},
				"west": {"uv": [6.625, 5.625, 7.125, 5.75], "texture": "#1"},
				"up": {"uv": [4.5625, 7.625, 4.5, 7.125], "texture": "#1"},
				"down": {"uv": [7.1875, 5.5, 7.125, 6], "texture": "#1"}
			}
		},
		{
			"from": [7.65, 14.72919, -7.52155],
			"to": [8.35, 15.42919, -4.82155],
			"rotation": {"angle": 0, "axis": "y", "origin": [8, 8, -1]},
			"faces": {
				"north": {"uv": [7.375, 6.375, 7.4375, 6.4375], "texture": "#1"},
				"east": {"uv": [0.5, 7.375, 0.8125, 7.4375], "texture": "#1"},
				"south": {"uv": [7.375, 6.5, 7.4375, 6.5625], "texture": "#1"},
				"west": {"uv": [7.375, 0.625, 7.6875, 0.6875], "texture": "#1"},
				"up": {"uv": [7.4375, 1.0625, 7.375, 0.75], "texture": "#1"},
				"down": {"uv": [0.9375, 7.375, 0.875, 7.6875], "texture": "#1"}
			}
		},
		{
			"from": [7.4, 16.26449, 5.77299],
			"to": [8.5, 17.96449, 10.97299],
			"rotation": {"angle": -22.5, "axis": "x", "origin": [8, 8, -1]},
			"faces": {
				"north": {"uv": [5.375, 7.25, 5.5, 7.4375], "texture": "#1"},
				"east": {"uv": [6, 5.5, 6.625, 5.6875], "texture": "#1"},
				"south": {"uv": [7.25, 5.375, 7.375, 5.5625], "texture": "#1"},
				"west": {"uv": [5.125, 6.125, 5.75, 6.3125], "texture": "#1"},
				"up": {"uv": [4.75, 7, 4.625, 6.375], "texture": "#1"},
				"down": {"uv": [4.875, 6.375, 4.75, 7], "texture": "#1"}
			}
		},
		{
			"from": [7.4, 16.28739, 11.11762],
			"to": [8.5, 17.23739, 16.31762],
			"rotation": {"angle": -22.5, "axis": "x", "origin": [8, 7.2729, -2.75537]},
			"faces": {
				"north": {"uv": [3.5, 7.375, 3.625, 7.5], "texture": "#1"},
				"east": {"uv": [5.125, 6.375, 5.75, 6.5], "texture": "#1"},
				"south": {"uv": [7.375, 3.5, 7.5, 3.625], "texture": "#1"},
				"west": {"uv": [6.375, 5.125, 7, 5.25], "texture": "#1"},
				"up": {"uv": [5.875, 7, 5.75, 6.375], "texture": "#1"},
				"down": {"uv": [6, 6.375, 5.875, 7], "texture": "#1"}
			}
		},
		{
			"from": [7.4, -1.96449, 5.77299],
			"to": [8.5, -0.26449, 10.97299],
			"rotation": {"angle": 22.5, "axis": "x", "origin": [8, 8, -1]},
			"faces": {
				"north": {"uv": [0, 7.375, 0.125, 7.5625], "texture": "#1"},
				"east": {"uv": [5.75, 6.125, 6.375, 6.3125], "texture": "#1"},
				"south": {"uv": [7.375, 0, 7.5, 0.1875], "texture": "#1"},
				"west": {"uv": [0, 6.25, 0.625, 6.4375], "texture": "#1"},
				"up": {"uv": [6.5, 6.75, 6.375, 6.125], "texture": "#1"},
				"down": {"uv": [6.375, 6.375, 6.25, 7], "texture": "#1"}
			}
		},
		{
			"from": [7.4, -1.23739, 11.11762],
			"to": [8.5, -0.28739, 16.31762],
			"rotation": {"angle": 22.5, "axis": "x", "origin": [8, 8.7271, -2.75537]},
			"faces": {
				"north": {"uv": [7.375, 3.625, 7.5, 3.75], "texture": "#1"},
				"east": {"uv": [6.375, 5.25, 7, 5.375], "texture": "#1"},
				"south": {"uv": [7.375, 4, 7.5, 4.125], "texture": "#1"},
				"west": {"uv": [6.375, 5.375, 7, 5.5], "texture": "#1"},
				"up": {"uv": [6.125, 7, 6, 6.375], "texture": "#1"},
				"down": {"uv": [6.25, 6.375, 6.125, 7], "texture": "#1"}
			}
		},
		{
			"from": [7.4, 13.15, -1.17579],
			"to": [8.6, 14.65, 0.02421],
			"rotation": {"angle": 0, "axis": "y", "origin": [8, 8, -1]},
			"faces": {
				"north": {"uv": [7.25, 4.875, 7.375, 5.0625], "texture": "#1"},
				"east": {"uv": [5.125, 7.25, 5.25, 7.4375], "texture": "#1"},
				"south": {"uv": [7.25, 5.125, 7.375, 5.3125], "texture": "#1"},
				"west": {"uv": [5.25, 7.25, 5.375, 7.4375], "texture": "#1"},
				"up": {"uv": [7.5, 2.375, 7.375, 2.25], "texture": "#1"},
				"down": {"uv": [2.5, 7.375, 2.375, 7.5], "texture": "#1"}
			}
		},
		{
			"from": [6.93956, 18.11089, -3.96144],
			"to": [8.93956, 20.11089, -1.96144],
			"rotation": {"angle": 22.5, "axis": "x", "origin": [8, 8, -1]},
			"faces": {
				"north": {"uv": [1, 6.625, 1.25, 6.875], "texture": "#1"},
				"east": {"uv": [1.25, 6.625, 1.5, 6.875], "texture": "#1"},
				"south": {"uv": [1.5, 6.625, 1.75, 6.875], "texture": "#1"},
				"west": {"uv": [1.75, 6.625, 2, 6.875], "texture": "#1"},
				"up": {"uv": [6.875, 2, 6.625, 1.75], "texture": "#1"},
				"down": {"uv": [6.875, 2, 6.625, 2.25], "texture": "#1"}
			}
		},
		{
			"from": [7.53956, -5.7077, -4.52119],
			"to": [8.33956, -4.6077, -3.27119],
			"rotation": {"angle": -22.5, "axis": "x", "origin": [8, 8, -1]},
			"faces": {
				"north": {"uv": [3.375, 7.375, 3.5, 7.5], "texture": "#1"},
				"east": {"uv": [7.25, 6.875, 7.4375, 7], "texture": "#1"},
				"south": {"uv": [7.375, 3.375, 7.5, 3.5], "texture": "#1"},
				"west": {"uv": [7, 7.25, 7.1875, 7.375], "texture": "#1"},
				"up": {"uv": [7.375, 7.1875, 7.25, 7], "texture": "#1"},
				"down": {"uv": [7.375, 7.25, 7.25, 7.4375], "texture": "#1"}
			}
		},
		{
			"from": [7.51456, -3.29878, 6.08683],
			"to": [8.36456, -0.34878, 7.08683],
			"rotation": {"angle": 22.5, "axis": "x", "origin": [8, 8, -1]},
			"faces": {
				"north": {"uv": [5.625, 6.875, 5.75, 7.25], "texture": "#1"},
				"east": {"uv": [6.5, 6.875, 6.625, 7.25], "texture": "#1"},
				"south": {"uv": [6.875, 6.5, 7, 6.875], "texture": "#1"},
				"west": {"uv": [6.625, 6.875, 6.75, 7.25], "texture": "#1"},
				"up": {"uv": [7.5, 3.25, 7.375, 3.125], "texture": "#1"},
				"down": {"uv": [7.5, 3.25, 7.375, 3.375], "texture": "#1"}
			}
		},
		{
			"from": [7.51456, -3.29878, 3.16361],
			"to": [8.36456, -0.34878, 4.16361],
			"rotation": {"angle": 22.5, "axis": "x", "origin": [8, 8, -1]},
			"faces": {
				"north": {"uv": [5.125, 6.875, 5.25, 7.25], "texture": "#1"},
				"east": {"uv": [5.25, 6.875, 5.375, 7.25], "texture": "#1"},
				"south": {"uv": [5.375, 6.875, 5.5, 7.25], "texture": "#1"},
				"west": {"uv": [5.5, 6.875, 5.625, 7.25], "texture": "#1"},
				"up": {"uv": [7.5, 3, 7.375, 2.875], "texture": "#1"},
				"down": {"uv": [7.5, 3, 7.375, 3.125], "texture": "#1"}
			}
		},
		{
			"from": [7.53956, -4.18356, -6.04533],
			"to": [8.33956, -2.93356, -4.94533],
			"rotation": {"angle": -22.5, "axis": "x", "origin": [8, 8, -1]},
			"faces": {
				"north": {"uv": [7.375, 2.5, 7.5, 2.625], "texture": "#1"},
				"east": {"uv": [2.625, 7.375, 2.75, 7.5], "texture": "#1"},
				"south": {"uv": [7.375, 2.625, 7.5, 2.75], "texture": "#1"},
				"west": {"uv": [2.75, 7.375, 2.875, 7.5], "texture": "#1"},
				"up": {"uv": [7.5, 2.875, 7.375, 2.75], "texture": "#1"},
				"down": {"uv": [3, 7.375, 2.875, 7.5], "texture": "#1"}
			}
		},
		{
			"from": [7.36456, -4.16204, 4.12522],
			"to": [8.51456, -2.86204, 6.12522],
			"rotation": {"angle": 22.5, "axis": "x", "origin": [8, 8, -1]},
			"faces": {
				"north": {"uv": [6.625, 7.25, 6.75, 7.4375], "texture": "#1"},
				"east": {"uv": [3.625, 6.875, 3.875, 7.0625], "texture": "#1"},
				"south": {"uv": [7.25, 6.625, 7.375, 6.8125], "texture": "#1"},
				"west": {"uv": [3.875, 6.875, 4.125, 7.0625], "texture": "#1"},
				"up": {"uv": [7.25, 4.375, 7.125, 4.125], "texture": "#1"},
				"down": {"uv": [7.25, 4.375, 7.125, 4.625], "texture": "#1"}
			}
		},
		{
			"from": [7.38956, -5.63212, -5.95725],
			"to": [8.48956, -4.20712, -4.55725],
			"rotation": {"angle": -22.5, "axis": "x", "origin": [8, 8, -1]},
			"faces": {
				"north": {"uv": [7.25, 6.125, 7.375, 6.3125], "texture": "#1"},
				"east": {"uv": [2.5, 7.125, 2.6875, 7.3125], "texture": "#1"},
				"south": {"uv": [6.25, 7.25, 6.375, 7.4375], "texture": "#1"},
				"west": {"uv": [7.125, 2.5, 7.3125, 2.6875], "texture": "#1"},
				"up": {"uv": [7.375, 6.5625, 7.25, 6.375], "texture": "#1"},
				"down": {"uv": [6.625, 7.25, 6.5, 7.4375], "texture": "#1"}
			}
		},
		{
			"from": [7.38956, -4.74824, -5.07337],
			"to": [8.48956, -3.32324, -3.67337],
			"rotation": {"angle": -22.5, "axis": "x", "origin": [8, 8, -1]},
			"faces": {
				"north": {"uv": [5.875, 7.25, 6, 7.4375], "texture": "#1"},
				"east": {"uv": [2.25, 7.125, 2.4375, 7.3125], "texture": "#1"},
				"south": {"uv": [7.25, 5.875, 7.375, 6.0625], "texture": "#1"},
				"west": {"uv": [7.125, 2.25, 7.3125, 2.4375], "texture": "#1"},
				"up": {"uv": [6.125, 7.4375, 6, 7.25], "texture": "#1"},
				"down": {"uv": [6.25, 7.25, 6.125, 7.4375], "texture": "#1"}
			}
		},
		{
			"from": [7.15, -2.11627, -3.92995],
			"to": [8.85, 2.08373, -2.22995],
			"rotation": {"angle": -22.5, "axis": "x", "origin": [8, 8, -1]},
			"faces": {
				"north": {"uv": [2.625, 6.375, 2.8125, 6.875], "texture": "#1"},
				"east": {"uv": [6.375, 2.75, 6.5625, 3.25], "texture": "#1"},
				"south": {"uv": [2.875, 6.375, 3.0625, 6.875], "texture": "#1"},
				"west": {"uv": [3.125, 6.375, 3.3125, 6.875], "texture": "#1"},
				"up": {"uv": [2.1875, 7.3125, 2, 7.125], "texture": "#1"},
				"down": {"uv": [7.3125, 2, 7.125, 2.1875], "texture": "#1"}
			}
		},
		{
			"from": [7.4, 1.35, -1.17579],
			"to": [8.6, 2.85, 0.02421],
			"rotation": {"angle": 0, "axis": "y", "origin": [8, 8, -1]},
			"faces": {
				"north": {"uv": [5.5, 7.25, 5.625, 7.4375], "texture": "#1"},
				"east": {"uv": [5.625, 7.25, 5.75, 7.4375], "texture": "#1"},
				"south": {"uv": [7.25, 5.625, 7.375, 5.8125], "texture": "#1"},
				"west": {"uv": [5.75, 7.25, 5.875, 7.4375], "texture": "#1"},
				"up": {"uv": [7.5, 2.5, 7.375, 2.375], "texture": "#1"},
				"down": {"uv": [2.625, 7.375, 2.5, 7.5], "texture": "#1"}
			}
		},
		{
			"from": [6.93956, -4.11089, -3.96144],
			"to": [8.93956, -2.11089, -1.96144],
			"rotation": {"angle": -22.5, "axis": "x", "origin": [8, 8, -1]},
			"faces": {
				"north": {"uv": [6.625, 2.25, 6.875, 2.5], "texture": "#1"},
				"east": {"uv": [6.625, 2.5, 6.875, 2.75], "texture": "#1"},
				"south": {"uv": [6.625, 2.75, 6.875, 3], "texture": "#1"},
				"west": {"uv": [6.625, 3, 6.875, 3.25], "texture": "#1"},
				"up": {"uv": [6.875, 3.5, 6.625, 3.25], "texture": "#1"},
				"down": {"uv": [6.875, 3.5, 6.625, 3.75], "texture": "#1"}
			}
		},
		{
			"from": [8, 14.5, -8.32579],
			"to": [8, 19.5, 1.67421],
			"rotation": {"angle": 0, "axis": "y", "origin": [8, 8, -1]},
			"faces": {
				"north": {"uv": [0, 0, 0, 0.625], "texture": "#1"},
				"east": {"uv": [2.25, 5.125, 3.5, 5.75], "texture": "#1"},
				"south": {"uv": [0, 0, 0, 0.625], "texture": "#1"},
				"west": {"uv": [3.5, 5.125, 4.75, 5.75], "texture": "#1"},
				"up": {"uv": [0, 1.25, 0, 0], "texture": "#1"},
				"down": {"uv": [0, 0, 0, 1.25], "texture": "#1"}
			}
		},
		{
			"from": [8.6, 18.3, -0.52579],
			"to": [8.6, 23.3, 5.77421],
			"rotation": {"angle": -22.5, "axis": "y", "origin": [3.6, 17, -3.32579]},
			"faces": {
				"north": {"uv": [0, 0, 0, 0.625], "texture": "#1"},
				"east": {"uv": [5.5, 0.625, 6.3125, 1.25], "texture": "#1"},
				"south": {"uv": [0, 0, 0, 0.625], "texture": "#1"},
				"west": {"uv": [5.5, 1.25, 6.3125, 1.875], "texture": "#1"},
				"up": {"uv": [0, 0.8125, 0, 0], "texture": "#1"},
				"down": {"uv": [0, 0, 0, 0.8125], "texture": "#1"}
			}
		},
		{
			"from": [7.4, 17.7, -0.52579],
			"to": [7.4, 22.7, 5.77421],
			"rotation": {"angle": 22.5, "axis": "y", "origin": [12.1, 17, -3.32579]},
			"faces": {
				"north": {"uv": [0, 0, 0, 0.625], "texture": "#1"},
				"east": {"uv": [5.5, 1.875, 6.3125, 2.5], "texture": "#1"},
				"south": {"uv": [0, 0, 0, 0.625], "texture": "#1"},
				"west": {"uv": [5.5, 2.5, 6.3125, 3.125], "texture": "#1"},
				"up": {"uv": [0, 0.8125, 0, 0], "texture": "#1"},
				"down": {"uv": [0, 0, 0, 0.8125], "texture": "#1"}
			}
		},
		{
			"from": [8.6, -7.3, -0.52579],
			"to": [8.6, -2.3, 5.77421],
			"rotation": {"angle": -22.5, "axis": "y", "origin": [3.6, -1, -3.32579]},
			"faces": {
				"north": {"uv": [0, 0, 0, 0.625], "texture": "#1"},
				"east": {"uv": [3.125, 5.75, 3.9375, 6.375], "texture": "#1"},
				"south": {"uv": [0, 0, 0, 0.625], "texture": "#1"},
				"west": {"uv": [4, 5.75, 4.8125, 6.375], "texture": "#1"},
				"up": {"uv": [0, 0.8125, 0, 0], "texture": "#1"},
				"down": {"uv": [0, 0, 0, 0.8125], "texture": "#1"}
			}
		},
		{
			"from": [7.4, -6.7, -0.52579],
			"to": [7.4, -1.7, 5.77421],
			"rotation": {"angle": 22.5, "axis": "y", "origin": [12.1, -1, -3.32579]},
			"faces": {
				"north": {"uv": [0, 0, 0, 0.625], "texture": "#1"},
				"east": {"uv": [5.5, 3.125, 6.3125, 3.75], "texture": "#1"},
				"south": {"uv": [0, 0, 0, 0.625], "texture": "#1"},
				"west": {"uv": [2.25, 5.75, 3.0625, 6.375], "texture": "#1"},
				"up": {"uv": [0, 0.8125, 0, 0], "texture": "#1"},
				"down": {"uv": [0, 0, 0, 0.8125], "texture": "#1"}
			}
		},
		{
			"from": [8, 20.4, -5.82579],
			"to": [8, 29.4, 12.17421],
			"rotation": {"angle": 0, "axis": "y", "origin": [8, 24.5, 10.6742]},
			"faces": {
				"north": {"uv": [0, 0, 0, 1.125], "texture": "#1"},
				"east": {"uv": [0, 4, 2.25, 5.125], "texture": "#1"},
				"south": {"uv": [0, 0, 0, 1.125], "texture": "#1"},
				"west": {"uv": [2.25, 4, 4.5, 5.125], "texture": "#1"},
				"up": {"uv": [0, 2.25, 0, 0], "texture": "#1"},
				"down": {"uv": [0, 0, 0, 2.25], "texture": "#1"}
			}
		},
		{
			"from": [8, -13.4, -5.82579],
			"to": [8, -4.4, 12.17421],
			"rotation": {"angle": 0, "axis": "y", "origin": [8, -8.5, 10.6742]},
			"faces": {
				"north": {"uv": [0, 0, 0, 1.125], "texture": "#1"},
				"east": {"uv": [4.5, 4, 6.75, 5.125], "texture": "#1"},
				"south": {"uv": [0, 0, 0, 1.125], "texture": "#1"},
				"west": {"uv": [0, 5.125, 2.25, 6.25], "texture": "#1"},
				"up": {"uv": [0, 2.25, 0, 0], "texture": "#1"},
				"down": {"uv": [0, 0, 0, 2.25], "texture": "#1"}
			}
		},
		{
			"from": [7.65, -0.02919, -4.82155],
			"to": [8.35, 1.17081, -0.62155],
			"rotation": {"angle": 0, "axis": "y", "origin": [8, 8, -1]},
			"faces": {
				"north": {"uv": [7.375, 5.625, 7.4375, 5.75], "texture": "#1"},
				"east": {"uv": [6.625, 5.75, 7.125, 5.875], "texture": "#1"},
				"south": {"uv": [7.375, 5.75, 7.4375, 5.875], "texture": "#1"},
				"west": {"uv": [6.625, 5.875, 7.125, 6], "texture": "#1"},
				"up": {"uv": [7.1875, 6.5, 7.125, 6], "texture": "#1"},
				"down": {"uv": [6.4375, 7.125, 6.375, 7.625], "texture": "#1"}
			}
		},
		{
			"from": [7.65, 0.47081, -7.52155],
			"to": [8.35, 1.17081, -4.82155],
			"rotation": {"angle": 0, "axis": "y", "origin": [8, 8, -1]},
			"faces": {
				"north": {"uv": [7.375, 6.625, 7.4375, 6.6875], "texture": "#1"},
				"east": {"uv": [1, 7.375, 1.3125, 7.4375], "texture": "#1"},
				"south": {"uv": [6.75, 7.375, 6.8125, 7.4375], "texture": "#1"},
				"west": {"uv": [7.375, 1.125, 7.6875, 1.1875], "texture": "#1"},
				"up": {"uv": [7.4375, 1.5625, 7.375, 1.25], "texture": "#1"},
				"down": {"uv": [1.4375, 7.375, 1.375, 7.6875], "texture": "#1"}
			}
		},
		{
			"from": [8, -3.6, -8.32579],
			"to": [8, 1.4, 1.67421],
			"rotation": {"angle": 0, "axis": "y", "origin": [8, 8, -1]},
			"faces": {
				"north": {"uv": [0, 0, 0, 0.625], "texture": "#1"},
				"east": {"uv": [4.75, 5.125, 6, 5.75], "texture": "#1"},
				"south": {"uv": [0, 0, 0, 0.625], "texture": "#1"},
				"west": {"uv": [5.5, 0, 6.75, 0.625], "texture": "#1"},
				"up": {"uv": [0, 1.25, 0, 0], "texture": "#1"},
				"down": {"uv": [0, 0, 0, 1.25], "texture": "#1"}
			}
		},
		{
			"from": [7.9, -7.5, 10.3],
			"to": [7.9, 8, 31.9],
			"rotation": {"angle": 0, "axis": "y", "origin": [8, 8, 15]},
			"faces": {
				"north": {"uv": [0, 0, 0, 1.9375], "texture": "#1"},
				"east": {"uv": [5.4375, 2, 2.75, 3.9375], "texture": "#1"},
				"south": {"uv": [0, 0, 0, 1.9375], "texture": "#1"},
				"west": {"uv": [2.75, 2, 5.4375, 3.9375], "texture": "#1"},
				"up": {"uv": [0, 2.6875, 0, 0], "texture": "#1"},
				"down": {"uv": [0, 0, 0, 2.6875], "texture": "#1"}
			}
		},
		{
			"from": [7.9, 8, 10.3],
			"to": [7.9, 23.5, 31.9],
			"rotation": {"angle": 0, "axis": "y", "origin": [8, 8, 15]},
			"faces": {
				"north": {"uv": [0, 1.9375, 0, 0], "texture": "#1"},
				"east": {"uv": [5.4375, 3.9375, 2.75, 2], "texture": "#1"},
				"south": {"uv": [0, 1.9375, 0, 0], "texture": "#1"},
				"west": {"uv": [2.75, 3.9375, 5.4375, 2], "texture": "#1"},
				"up": {"uv": [0, 2.6875, 0, 0], "texture": "#1"},
				"down": {"uv": [0, 0, 0, 2.6875], "texture": "#1"}
			}
		},
		{
			"from": [7.7, 7.8, -11.6],
			"to": [8.3, 8.4, 10.3],
			"rotation": {"angle": 0, "axis": "y", "origin": [8, 8, 8]},
			"faces": {
				"north": {"uv": [7.375, 6.75, 7.4375, 6.8125], "texture": "#1"},
				"east": {"uv": [5.5, 3.75, 8.25, 3.8125], "texture": "#1"},
				"south": {"uv": [6.875, 7.375, 6.9375, 7.4375], "texture": "#1"},
				"west": {"uv": [5.5, 3.875, 8.25, 3.9375], "texture": "#1"},
				"up": {"uv": [4.9375, 8.5, 4.875, 5.75], "texture": "#1"},
				"down": {"uv": [5.0625, 5.75, 5, 8.5], "texture": "#1"}
			}
		}
	],
	"gui_light": "front",
	"display": {
		"thirdperson_righthand": {
			"translation": [0, -1, 6.25],
			"scale": [0.6, 0.6, 0.6]
		},
		"thirdperson_lefthand": {
			"translation": [0, -1, 6.25],
			"scale": [0.6, 0.6, 0.6]
		},
		"firstperson_righthand": {
			"rotation": [9.75, 0, 0],
			"translation": [5.75, 6.5, 0],
			"scale": [0.47109, 0.47109, 0.47109]
		},
		"firstperson_lefthand": {
			"rotation": [9.75, 0, 0],
			"translation": [5.75, 6.5, 0],
			"scale": [0.47109, 0.47109, 0.47109]
		},
		"ground": {
			"rotation": [45, 0, 0],
			"translation": [0, 6, 0],
			"scale": [0.5, 0.5, 0.5]
		},
		"gui": {
			"rotation": [90, 45, -90],
			"translation": [0.5, -0.5, 0],
			"scale": [0.45, 0.45, 0.45]
		},
		"head": {
			"scale": [0, 0, 0]
		},
		"fixed": {
			"rotation": [0, -90, 0],
			"translation": [-8.75, 0, -1.5],
			"scale": [1.5, 1.5, 1.5]
		}
	}
}