{
	"credit": "MadewithBlockbench",
	"texture_size": [64, 64],
	"textures": {
		"3": "elitecreatures/carnivoret_weapon_set/fishing1"
	},
	"elements": [
		{
			"from": [7.125, -5.85, 7.125],
			"to": [8.875, -4.6, 8.875],
			"rotation": {"angle": 0, "axis": "y", "origin": [8, -5.46679, 8]},
			"faces": {
				"north": {"uv": [7.75, 6.25, 8.25, 6.625], "texture": "#3"},
				"east": {"uv": [7.75, 6.75, 8.25, 7.125], "texture": "#3"},
				"south": {"uv": [0.5, 8, 1, 8.375], "texture": "#3"},
				"west": {"uv": [1, 8, 1.5, 8.375], "texture": "#3"},
				"up": {"uv": [0.75, 8, 0.25, 7.5], "texture": "#3"},
				"down": {"uv": [1.25, 7.5, 0.75, 8], "texture": "#3"}
			}
		},
		{
			"from": [7.325, -4.80359, 6.29187],
			"to": [8.675, -1.65359, 7.64187],
			"rotation": {"angle": -22.5, "axis": "x", "origin": [8, -1.73541, 7.9]},
			"faces": {
				"north": {"uv": [7.25, 4.5, 7.625, 5.25], "texture": "#3"},
				"east": {"uv": [7.25, 5.25, 7.625, 6], "texture": "#3"},
				"south": {"uv": [7.25, 6, 7.625, 6.75], "texture": "#3"},
				"west": {"uv": [7.25, 6.75, 7.625, 7.5], "texture": "#3"},
				"up": {"uv": [2.875, 8.875, 2.5, 8.5], "texture": "#3"},
				"down": {"uv": [8.875, 2.75, 8.5, 3.125], "texture": "#3"}
			}
		},
		{
			"from": [7.325, -1.04756, 7.08861],
			"to": [8.675, 2.30244, 8.43861],
			"rotation": {"angle": -22.5, "axis": "x", "origin": [8, 2.22062, 8.69674]},
			"faces": {
				"north": {"uv": [2, 6.5, 2.375, 7.375], "texture": "#3"},
				"east": {"uv": [2.5, 6.5, 2.875, 7.375], "texture": "#3"},
				"south": {"uv": [3, 6.5, 3.375, 7.375], "texture": "#3"},
				"west": {"uv": [3.5, 6.5, 3.875, 7.375], "texture": "#3"},
				"up": {"uv": [8.875, 4.625, 8.5, 4.25], "texture": "#3"},
				"down": {"uv": [8.875, 4.75, 8.5, 5.125], "texture": "#3"}
			}
		},
		{
			"from": [7.325, -3.00023, 8.78992],
			"to": [8.675, -1.42523, 11.03992],
			"rotation": {"angle": -22.5, "axis": "x", "origin": [8, -4.50705, 9.04805]},
			"faces": {
				"north": {"uv": [3.5, 8.5, 3.875, 8.875], "texture": "#3"},
				"east": {"uv": [7.5, 7.5, 8.125, 7.875], "texture": "#3"},
				"south": {"uv": [8.5, 3.75, 8.875, 4.125], "texture": "#3"},
				"west": {"uv": [7.75, 0, 8.375, 0.375], "texture": "#3"},
				"up": {"uv": [8.125, 1.125, 7.75, 0.5], "texture": "#3"},
				"down": {"uv": [8.125, 1.25, 7.75, 1.875], "texture": "#3"}
			}
		},
		{
			"from": [7, -6.38776, 7.42097],
			"to": [9, -4.88776, 8.92097],
			"rotation": {"angle": 45, "axis": "x", "origin": [8, -5.46679, 8]},
			"faces": {
				"north": {"uv": [2, 8, 2.5, 8.375], "texture": "#3"},
				"east": {"uv": [3, 8.5, 3.375, 8.875], "texture": "#3"},
				"south": {"uv": [2.5, 8, 3, 8.375], "texture": "#3"},
				"west": {"uv": [8.5, 3.25, 8.875, 3.625], "texture": "#3"},
				"up": {"uv": [3.5, 8.375, 3, 8], "texture": "#3"},
				"down": {"uv": [4, 8, 3.5, 8.375], "texture": "#3"}
			}
		},
		{
			"from": [7.125, 0.22814, 7.43854],
			"to": [8.875, 1.77814, 8.98854],
			"rotation": {"angle": 45, "axis": "x", "origin": [8, 1.23154, 8]},
			"faces": {
				"north": {"uv": [8, 5.5, 8.5, 5.875], "texture": "#3"},
				"east": {"uv": [7.25, 8.5, 7.625, 8.875], "texture": "#3"},
				"south": {"uv": [5.75, 8, 6.25, 8.375], "texture": "#3"},
				"west": {"uv": [7.75, 8.5, 8.125, 8.875], "texture": "#3"},
				"up": {"uv": [6.75, 8.375, 6.25, 8], "texture": "#3"},
				"down": {"uv": [7.25, 8, 6.75, 8.375], "texture": "#3"}
			}
		},
		{
			"from": [7.025, 0.91904, 6.83551],
			"to": [8.975, 2.16904, 9.18551],
			"rotation": {"angle": 0, "axis": "y", "origin": [8, 1.23154, 8]},
			"faces": {
				"north": {"uv": [7.5, 8, 8, 8.375], "texture": "#3"},
				"east": {"uv": [7.75, 4, 8.375, 4.375], "texture": "#3"},
				"south": {"uv": [8, 8, 8.5, 8.375], "texture": "#3"},
				"west": {"uv": [4.5, 7.75, 5.125, 8.125], "texture": "#3"},
				"up": {"uv": [7.75, 3.625, 7.25, 3], "texture": "#3"},
				"down": {"uv": [7.75, 3.75, 7.25, 4.375], "texture": "#3"}
			}
		},
		{
			"from": [6.775, 2.16904, 6.58551],
			"to": [9.225, 4.66904, 9.43551],
			"rotation": {"angle": 0, "axis": "y", "origin": [8, -0.51846, 8]},
			"faces": {
				"north": {"uv": [3.25, 5.75, 3.875, 6.375], "texture": "#3"},
				"east": {"uv": [0.25, 5.75, 1, 6.375], "texture": "#3"},
				"south": {"uv": [4, 5.75, 4.625, 6.375], "texture": "#3"},
				"west": {"uv": [1, 5.75, 1.75, 6.375], "texture": "#3"},
				"up": {"uv": [2.375, 6.5, 1.75, 5.75], "texture": "#3"},
				"down": {"uv": [3.125, 5.75, 2.5, 6.5], "texture": "#3"}
			}
		},
		{
			"from": [6.775, 2.16904, 4.98551],
			"to": [9.225, 3.66904, 6.58551],
			"rotation": {"angle": 0, "axis": "y", "origin": [8, -0.51846, 9.15]},
			"faces": {
				"north": {"uv": [7.75, 2, 8.375, 2.375], "texture": "#3"},
				"east": {"uv": [8.5, 5.25, 8.875, 5.625], "texture": "#3"},
				"south": {"uv": [7.75, 2.5, 8.375, 2.875], "texture": "#3"},
				"west": {"uv": [5.75, 8.5, 6.125, 8.875], "texture": "#3"},
				"up": {"uv": [8.375, 3.375, 7.75, 3], "texture": "#3"},
				"down": {"uv": [8.375, 3.5, 7.75, 3.875], "texture": "#3"}
			}
		},
		{
			"from": [7.09595, 1.52746, 5.09511],
			"to": [8.90405, 2.63446, 6.97591],
			"rotation": {"angle": 0, "axis": "y", "origin": [8, 1.75296, 5.85751]},
			"faces": {
				"north": {"uv": [8.75, 7.75, 9.25, 8], "texture": "#3"},
				"east": {"uv": [0.75, 9, 1.25, 9.25], "texture": "#3"},
				"south": {"uv": [9, 1, 9.5, 1.25], "texture": "#3"},
				"west": {"uv": [9, 1.75, 9.5, 2], "texture": "#3"},
				"up": {"uv": [1.75, 8, 1.25, 7.5], "texture": "#3"},
				"down": {"uv": [2.5, 7.5, 2, 8], "texture": "#3"}
			}
		},
		{
			"from": [6.88525, 0.83654, 5.05751],
			"to": [9.11475, 2.20154, 5.05751],
			"rotation": {"angle": 0, "axis": "y", "origin": [8, 0.11092, 8.8472]},
			"faces": {
				"north": {"uv": [8, 4.5, 8.5, 4.875], "texture": "#3"},
				"east": {"uv": [0, 0, 0, 0.375], "texture": "#3"},
				"south": {"uv": [8, 5, 8.5, 5.375], "texture": "#3"},
				"west": {"uv": [0, 0, 0, 0.375], "texture": "#3"},
				"up": {"uv": [0.5, 0, 0, 0], "texture": "#3"},
				"down": {"uv": [0.5, 0, 0, 0], "texture": "#3"}
			}
		},
		{
			"from": [6.88525, 0.83654, 5.05751],
			"to": [6.88525, 2.20154, 6.51351],
			"rotation": {"angle": 0, "axis": "y", "origin": [8, 0.11092, 8.8472]},
			"faces": {
				"north": {"uv": [0, 0, 0, 0.375], "texture": "#3"},
				"east": {"uv": [6.75, 8.5, 7.125, 8.875], "texture": "#3"},
				"south": {"uv": [0, 0, 0, 0.375], "texture": "#3"},
				"west": {"uv": [8.5, 6.75, 8.875, 7.125], "texture": "#3"},
				"up": {"uv": [0, 0.375, 0, 0], "texture": "#3"},
				"down": {"uv": [0, 0, 0, 0.375], "texture": "#3"}
			}
		},
		{
			"from": [8.88525, 0.83654, 5.05751],
			"to": [9.11475, 2.20154, 6.51351],
			"rotation": {"angle": 0, "axis": "y", "origin": [8, 0.11092, 8.8472]},
			"faces": {
				"north": {"uv": [9, 6.5, 9.125, 6.875], "texture": "#3"},
				"east": {"uv": [6.25, 8.5, 6.625, 8.875], "texture": "#3"},
				"south": {"uv": [7, 9, 7.125, 9.375], "texture": "#3"},
				"west": {"uv": [8.5, 6.25, 8.875, 6.625], "texture": "#3"},
				"up": {"uv": [7.375, 9.375, 7.25, 9], "texture": "#3"},
				"down": {"uv": [7.625, 9, 7.5, 9.375], "texture": "#3"}
			}
		},
		{
			"from": [6.075, 3.41904, 7.58551],
			"to": [6.775, 5.66904, 8.43551],
			"rotation": {"angle": 0, "axis": "y", "origin": [6.425, 4.54404, 8.01051]},
			"faces": {
				"north": {"uv": [9, 5, 9.125, 5.625], "texture": "#3"},
				"east": {"uv": [5, 8.25, 5.25, 8.875], "texture": "#3"},
				"south": {"uv": [5.75, 9, 5.875, 9.625], "texture": "#3"},
				"west": {"uv": [8.25, 6.25, 8.5, 6.875], "texture": "#3"},
				"up": {"uv": [8.875, 0.75, 8.75, 0.5], "texture": "#3"},
				"down": {"uv": [9.125, 7, 9, 7.25], "texture": "#3"}
			}
		},
		{
			"from": [9.225, 3.41904, 7.58551],
			"to": [9.925, 5.66904, 8.43551],
			"rotation": {"angle": 0, "axis": "y", "origin": [9.575, 4.54404, 8.01051]},
			"faces": {
				"north": {"uv": [6, 9, 6.125, 9.625], "texture": "#3"},
				"east": {"uv": [8.5, 0, 8.75, 0.625], "texture": "#3"},
				"south": {"uv": [6.25, 9, 6.375, 9.625], "texture": "#3"},
				"west": {"uv": [0.5, 8.5, 0.75, 9.125], "texture": "#3"},
				"up": {"uv": [0.625, 9.5, 0.5, 9.25], "texture": "#3"},
				"down": {"uv": [0.875, 9.25, 0.75, 9.5], "texture": "#3"}
			}
		},
		{
			"from": [7.625, 5.27391, 9.07144],
			"to": [8.375, 6.57391, 11.07144],
			"rotation": {"angle": 45, "axis": "x", "origin": [8, 5.0241, 9.88709]},
			"faces": {
				"north": {"uv": [3.25, 9, 3.5, 9.375], "texture": "#3"},
				"east": {"uv": [8.25, 1.25, 8.75, 1.625], "texture": "#3"},
				"south": {"uv": [9, 3.25, 9.25, 3.625], "texture": "#3"},
				"west": {"uv": [4.5, 8.25, 5, 8.625], "texture": "#3"},
				"up": {"uv": [5.5, 9, 5.25, 8.5], "texture": "#3"},
				"down": {"uv": [2.25, 9, 2, 9.5], "texture": "#3"}
			}
		},
		{
			"from": [7.65, 5.2782, 10.38941],
			"to": [8.35, 6.6782, 11.81441],
			"rotation": {"angle": 0, "axis": "y", "origin": [8, 5.0241, 9.88709]},
			"faces": {
				"north": {"uv": [7.75, 9, 7.875, 9.375], "texture": "#3"},
				"east": {"uv": [8.5, 8, 8.875, 8.375], "texture": "#3"},
				"south": {"uv": [8, 9, 8.125, 9.375], "texture": "#3"},
				"west": {"uv": [8.25, 8.5, 8.625, 8.875], "texture": "#3"},
				"up": {"uv": [9.125, 8.375, 9, 8], "texture": "#3"},
				"down": {"uv": [8.375, 9, 8.25, 9.375], "texture": "#3"}
			}
		},
		{
			"from": [7.65, 4.39431, 9.50552],
			"to": [8.35, 5.79431, 10.93052],
			"rotation": {"angle": 0, "axis": "y", "origin": [8, 5.0241, 9.88709]},
			"faces": {
				"north": {"uv": [8.5, 9, 8.625, 9.375], "texture": "#3"},
				"east": {"uv": [8.75, 0, 9.125, 0.375], "texture": "#3"},
				"south": {"uv": [8.75, 9, 8.875, 9.375], "texture": "#3"},
				"west": {"uv": [1.25, 8.75, 1.625, 9.125], "texture": "#3"},
				"up": {"uv": [9.125, 9.375, 9, 9], "texture": "#3"},
				"down": {"uv": [9.375, 0, 9.25, 0.375], "texture": "#3"}
			}
		},
		{
			"from": [7.8, 4.36716, 10.81885],
			"to": [8.2, 5.61716, 11.91885],
			"rotation": {"angle": 22.5, "axis": "x", "origin": [8, 5.0241, 9.88709]},
			"faces": {
				"north": {"uv": [1, 9.25, 1.125, 9.5], "texture": "#3"},
				"east": {"uv": [4.5, 6.5, 4.75, 6.75], "texture": "#3"},
				"south": {"uv": [1.25, 9.25, 1.375, 9.5], "texture": "#3"},
				"west": {"uv": [8.25, 1.75, 8.5, 2], "texture": "#3"},
				"up": {"uv": [9.375, 1.5, 9.25, 1.25], "texture": "#3"},
				"down": {"uv": [1.625, 9.25, 1.5, 9.5], "texture": "#3"}
			}
		},
		{
			"from": [7.775, 3.1229, 7.90924],
			"to": [8.225, 4.1229, 10.85924],
			"rotation": {"angle": -22.5, "axis": "x", "origin": [8, 5.0241, 9.88709]},
			"faces": {
				"north": {"uv": [9.25, 1.5, 9.375, 1.75], "texture": "#3"},
				"east": {"uv": [7.75, 7.25, 8.5, 7.5], "texture": "#3"},
				"south": {"uv": [1.75, 9.25, 1.875, 9.5], "texture": "#3"},
				"west": {"uv": [8, 6, 8.75, 6.25], "texture": "#3"},
				"up": {"uv": [2.625, 9.75, 2.5, 9], "texture": "#3"},
				"down": {"uv": [9.125, 2.5, 9, 3.25], "texture": "#3"}
			}
		},
		{
			"from": [7.8, 5.66627, 9.11585],
			"to": [8.2, 6.76627, 10.36585],
			"rotation": {"angle": 0, "axis": "y", "origin": [8, 5.0241, 9.88709]},
			"faces": {
				"north": {"uv": [9.25, 2.5, 9.375, 2.75], "texture": "#3"},
				"east": {"uv": [8.25, 7, 8.5, 7.25], "texture": "#3"},
				"south": {"uv": [9.25, 2.75, 9.375, 3], "texture": "#3"},
				"west": {"uv": [1.25, 8.5, 1.5, 8.75], "texture": "#3"},
				"up": {"uv": [9.375, 3.25, 9.25, 3], "texture": "#3"},
				"down": {"uv": [9.375, 3.25, 9.25, 3.5], "texture": "#3"}
			}
		},
		{
			"from": [7.775, 2.76065, 8.10983],
			"to": [8.225, 5.71065, 9.10983],
			"rotation": {"angle": 45, "axis": "x", "origin": [8, 5.0241, 9.88709]},
			"faces": {
				"north": {"uv": [2.75, 9, 2.875, 9.75], "texture": "#3"},
				"east": {"uv": [1.5, 8, 1.75, 8.75], "texture": "#3"},
				"south": {"uv": [3, 9, 3.125, 9.75], "texture": "#3"},
				"west": {"uv": [8.25, 0.5, 8.5, 1.25], "texture": "#3"},
				"up": {"uv": [9.375, 2.25, 9.25, 2], "texture": "#3"},
				"down": {"uv": [9.375, 2.25, 9.25, 2.5], "texture": "#3"}
			}
		},
		{
			"from": [7.95, -14.41796, 8.3],
			"to": [8.05, -3.41796, 15.3],
			"rotation": {"angle": -22.5, "axis": "x", "origin": [8, -8.91796, 8]},
			"faces": {
				"north": {"uv": [5.25, 5.75, 5.375, 8.5], "texture": "#3"},
				"east": {"uv": [5.5, 0, 7.25, 2.75], "texture": "#3"},
				"south": {"uv": [1.75, 6.5, 1.875, 9.25], "texture": "#3"},
				"west": {"uv": [5.5, 2.75, 7.25, 5.5], "texture": "#3"},
				"up": {"uv": [7.875, 6.25, 7.75, 4.5], "texture": "#3"},
				"down": {"uv": [0.375, 8, 0.25, 9.75], "texture": "#3"}
			}
		},
		{
			"from": [7.15, 7.675, 7.15],
			"to": [8.85, 11.175, 8.85],
			"rotation": {"angle": 0, "axis": "y", "origin": [8, 4.275, 8]},
			"faces": {
				"north": {"uv": [5.75, 6.5, 6.125, 7.375], "texture": "#3"},
				"east": {"uv": [6.25, 6.5, 6.625, 7.375], "texture": "#3"},
				"south": {"uv": [4.5, 6.75, 4.875, 7.625], "texture": "#3"},
				"west": {"uv": [6.75, 5.5, 7.125, 6.375], "texture": "#3"},
				"up": {"uv": [9.125, 1.625, 8.75, 1.25], "texture": "#3"},
				"down": {"uv": [4.875, 8.75, 4.5, 9.125], "texture": "#3"}
			}
		},
		{
			"from": [7.15, 4.175, 7.15],
			"to": [8.85, 7.675, 8.85],
			"rotation": {"angle": 0, "axis": "y", "origin": [8, 10.175, 8]},
			"faces": {
				"north": {"uv": [6.75, 6.5, 7.125, 7.375], "texture": "#3"},
				"east": {"uv": [7.25, 0, 7.625, 0.875], "texture": "#3"},
				"south": {"uv": [7.25, 1, 7.625, 1.875], "texture": "#3"},
				"west": {"uv": [7.25, 2, 7.625, 2.875], "texture": "#3"},
				"up": {"uv": [9.125, 8.875, 8.75, 8.5], "texture": "#3"},
				"down": {"uv": [9.375, 0.5, 9, 0.875], "texture": "#3"}
			}
		},
		{
			"from": [7.15, 12.0203, 7.13074],
			"to": [8.85, 16.2203, 8.83074],
			"rotation": {"angle": 0, "axis": "y", "origin": [8, 16.05427, 7.79605]},
			"faces": {
				"north": {"uv": [4.75, 5.75, 5.125, 6.75], "texture": "#3"},
				"east": {"uv": [5.75, 5.5, 6.125, 6.5], "texture": "#3"},
				"south": {"uv": [6.25, 5.5, 6.625, 6.5], "texture": "#3"},
				"west": {"uv": [0.25, 6.5, 0.625, 7.5], "texture": "#3"},
				"up": {"uv": [9.125, 6.125, 8.75, 5.75], "texture": "#3"},
				"down": {"uv": [9.125, 7.25, 8.75, 7.625], "texture": "#3"}
			}
		},
		{
			"from": [7.15, 15.81171, 7.91551],
			"to": [8.85, 20.01171, 8.81551],
			"rotation": {"angle": -22.5, "axis": "x", "origin": [8, 16.05427, 7.79605]},
			"faces": {
				"north": {"uv": [0.75, 6.5, 1.125, 7.5], "texture": "#3"},
				"east": {"uv": [5, 6.75, 5.25, 7.75], "texture": "#3"},
				"south": {"uv": [1.25, 6.5, 1.625, 7.5], "texture": "#3"},
				"west": {"uv": [7.25, 7.5, 7.5, 8.5], "texture": "#3"},
				"up": {"uv": [9.375, 5, 9, 4.75], "texture": "#3"},
				"down": {"uv": [5.375, 9, 5, 9.25], "texture": "#3"}
			}
		},
		{
			"from": [7.4, 11.175, 7.4],
			"to": [8.6, 12.675, 8.6],
			"rotation": {"angle": 0, "axis": "y", "origin": [8, 4.775, 26]},
			"faces": {
				"north": {"uv": [3.5, 9, 3.75, 9.375], "texture": "#3"},
				"east": {"uv": [3.75, 9, 4, 9.375], "texture": "#3"},
				"south": {"uv": [9, 3.75, 9.25, 4.125], "texture": "#3"},
				"west": {"uv": [9, 4.25, 9.25, 4.625], "texture": "#3"},
				"up": {"uv": [8.75, 6, 8.5, 5.75], "texture": "#3"},
				"down": {"uv": [8.75, 7.25, 8.5, 7.5], "texture": "#3"}
			}
		},
		{
			"from": [7, 10.34391, 7.86127],
			"to": [9, 12.34391, 9.86127],
			"rotation": {"angle": 45, "axis": "x", "origin": [8, 12.3241, 8.28709]},
			"faces": {
				"north": {"uv": [2.5, 7.5, 3, 8], "texture": "#3"},
				"east": {"uv": [3, 7.5, 3.5, 8], "texture": "#3"},
				"south": {"uv": [3.5, 7.5, 4, 8], "texture": "#3"},
				"west": {"uv": [5.75, 7.5, 6.25, 8], "texture": "#3"},
				"up": {"uv": [6.75, 8, 6.25, 7.5], "texture": "#3"},
				"down": {"uv": [7.25, 7.5, 6.75, 8], "texture": "#3"}
			}
		},
		{
			"from": [7.5, 7.025, 5.7],
			"to": [8.5, 7.725, 7.8],
			"rotation": {"angle": 0, "axis": "y", "origin": [8, 7.525, 8]},
			"faces": {
				"north": {"uv": [9.25, 3.5, 9.5, 3.625], "texture": "#3"},
				"east": {"uv": [9, 6.25, 9.5, 6.375], "texture": "#3"},
				"south": {"uv": [9.25, 3.75, 9.5, 3.875], "texture": "#3"},
				"west": {"uv": [6.5, 9, 7, 9.125], "texture": "#3"},
				"up": {"uv": [9.25, 2.5, 9, 2], "texture": "#3"},
				"down": {"uv": [2.5, 9, 2.25, 9.5], "texture": "#3"}
			}
		},
		{
			"from": [7.5, 12.025, 5.7],
			"to": [8.5, 12.725, 7.8],
			"rotation": {"angle": 0, "axis": "y", "origin": [8, 7.525, 8]},
			"faces": {
				"north": {"uv": [9.25, 3.5, 9.5, 3.625], "texture": "#3"},
				"east": {"uv": [9, 6.25, 9.5, 6.375], "texture": "#3"},
				"south": {"uv": [9.25, 3.75, 9.5, 3.875], "texture": "#3"},
				"west": {"uv": [6.5, 9, 7, 9.125], "texture": "#3"},
				"up": {"uv": [9.25, 2.5, 9, 2], "texture": "#3"},
				"down": {"uv": [2.5, 9, 2.25, 9.5], "texture": "#3"}
			}
		},
		{
			"from": [7.5, 15.425, 5.7],
			"to": [8.5, 16.125, 7.8],
			"rotation": {"angle": 0, "axis": "y", "origin": [8, 7.525, 8]},
			"faces": {
				"north": {"uv": [9.25, 3.5, 9.5, 3.625], "texture": "#3"},
				"east": {"uv": [9, 6.25, 9.5, 6.375], "texture": "#3"},
				"south": {"uv": [9.25, 3.75, 9.5, 3.875], "texture": "#3"},
				"west": {"uv": [6.5, 9, 7, 9.125], "texture": "#3"},
				"up": {"uv": [9.25, 2.5, 9, 2], "texture": "#3"},
				"down": {"uv": [2.5, 9, 2.25, 9.5], "texture": "#3"}
			}
		}
	],
	"gui_light": "front",
	"display": {
		"thirdperson_righthand": {
			"translation": [0, 5.75, 1.75],
			"scale": [0.9, 0.9, 0.9]
		},
		"thirdperson_lefthand": {
			"translation": [0, 5.75, 1.75],
			"scale": [0.9, 0.9, 0.9]
		},
		"firstperson_righthand": {
			"rotation": [6, 0, 0],
			"translation": [3.5, 4.5, 0],
			"scale": [0.53945, 0.53945, 0.53945]
		},
		"firstperson_lefthand": {
			"rotation": [6, 0, 0],
			"translation": [3.5, 4.5, 0],
			"scale": [0.53945, 0.53945, 0.53945]
		},
		"ground": {
			"rotation": [-45, 0, 0],
			"translation": [0, 6, 0],
			"scale": [0.6, 0.6, 0.6]
		},
		"gui": {
			"rotation": [90, 45, -90],
			"translation": [1, 0.5, 0],
			"scale": [0.67047, 0.67047, 0.67047]
		},
		"head": {
			"scale": [0, 0, 0]
		},
		"fixed": {
			"rotation": [0, -90, 0],
			"translation": [0, 6.25, -2.25],
			"scale": [2.2, 2.2, 2.2]
		}
	}
}