{"credit":"MadewithBlockbench","texture_size":[64,64],"textures":{"1":"elitecreatures/carnivoret_weapon_set/hammer","particle":"elitecreatures/carnivoret_weapon_set/hammer"},"elements":[{"from":[7.125,-0.775,7.125],"to":[8.875,0.475,8.875],"rotation":{"angle":0,"axis":"y","origin":[8,-0.39179,8]},"faces":{"north":{"uv":[10,2.5,10.5,2.875],"texture":"#1"},"east":{"uv":[2.75,10,3.25,10.375],"texture":"#1"},"south":{"uv":[3.25,10,3.75,10.375],"texture":"#1"},"west":{"uv":[3.75,10,4.25,10.375],"texture":"#1"},"up":{"uv":[7.25,5.25,6.75,4.75],"texture":"#1"},"down":{"uv":[7.75,4.75,7.25,5.25],"texture":"#1"}}},{"from":[7.325,0.27141,6.29187],"to":[8.675,3.42141,7.64187],"rotation":{"angle":-22.5,"axis":"x","origin":[8,3.33959,7.9]},"faces":{"north":{"uv":[5.25,9,5.625,9.75],"texture":"#1"},"east":{"uv":[9,5.5,9.375,6.25],"texture":"#1"},"south":{"uv":[5.75,9,6.125,9.75],"texture":"#1"},"west":{"uv":[6.25,9,6.625,9.75],"texture":"#1"},"up":{"uv":[10.875,6.125,10.5,5.75],"texture":"#1"},"down":{"uv":[10.875,6.25,10.5,6.625],"texture":"#1"}}},{"from":[7.325,4.02744,7.08861],"to":[8.675,7.37744,8.43861],"rotation":{"angle":-22.5,"axis":"x","origin":[8,7.29562,8.69674]},"faces":{"north":{"uv":[8,8.75,8.375,9.625],"texture":"#1"},"east":{"uv":[8.5,8.75,8.875,9.625],"texture":"#1"},"south":{"uv":[9,0,9.375,0.875],"texture":"#1"},"west":{"uv":[2.75,9,3.125,9.875],"texture":"#1"},"up":{"uv":[10.875,9.625,10.5,9.25],"texture":"#1"},"down":{"uv":[10.875,9.75,10.5,10.125],"texture":"#1"}}},{"from":[7.325,2.07477,8.78992],"to":[8.675,3.64977,11.03992],"rotation":{"angle":-22.5,"axis":"x","origin":[8,0.56795,9.04805]},"faces":{"north":{"uv":[10.5,8.25,10.875,8.625],"texture":"#1"},"east":{"uv":[9.75,5.75,10.375,6.125],"texture":"#1"},"south":{"uv":[10.5,8.75,10.875,9.125],"texture":"#1"},"west":{"uv":[6.25,9.75,6.875,10.125],"texture":"#1"},"up":{"uv":[7.375,10.375,7,9.75],"texture":"#1"},"down":{"uv":[10.125,7,9.75,7.625],"texture":"#1"}}},{"from":[7,-1.31276,7.42097],"to":[9,0.18724,8.92097],"rotation":{"angle":45,"axis":"x","origin":[8,-0.39179,8]},"faces":{"north":{"uv":[4.25,10,4.75,10.375],"texture":"#1"},"east":{"uv":[7,10.5,7.375,10.875],"texture":"#1"},"south":{"uv":[4.75,10,5.25,10.375],"texture":"#1"},"west":{"uv":[10.5,7.75,10.875,8.125],"texture":"#1"},"up":{"uv":[10.5,5.125,10,4.75],"texture":"#1"},"down":{"uv":[10.5,5.25,10,5.625],"texture":"#1"}}},{"from":[7.125,5.30314,7.43854],"to":[8.875,6.85314,8.98854],"rotation":{"angle":45,"axis":"x","origin":[8,6.30654,8]},"faces":{"north":{"uv":[5.25,10.25,5.75,10.625],"texture":"#1"},"east":{"uv":[10.75,4,11.125,4.375],"texture":"#1"},"south":{"uv":[5.75,10.25,6.25,10.625],"texture":"#1"},"west":{"uv":[5.25,10.75,5.625,11.125],"texture":"#1"},"up":{"uv":[6.75,10.625,6.25,10.25],"texture":"#1"},"down":{"uv":[10.75,6.75,10.25,7.125],"texture":"#1"}}},{"from":[7.025,5.99404,6.83551],"to":[8.975,7.24404,9.18551],"rotation":{"angle":0,"axis":"y","origin":[8,6.30654,8]},"faces":{"north":{"uv":[10.25,7.25,10.75,7.625],"texture":"#1"},"east":{"uv":[9.25,9.75,9.875,10.125],"texture":"#1"},"south":{"uv":[8,10.25,8.5,10.625],"texture":"#1"},"west":{"uv":[10,2,10.625,2.375],"texture":"#1"},"up":{"uv":[9.5,1.625,9,1],"texture":"#1"},"down":{"uv":[9.5,4.75,9,5.375],"texture":"#1"}}},{"from":[6.775,7.24404,6.58551],"to":[9.225,9.74404,9.43551],"rotation":{"angle":0,"axis":"y","origin":[8,4.55654,8]},"faces":{"north":{"uv":[8.25,6.25,8.875,6.875],"texture":"#1"},"east":{"uv":[6.75,8,7.5,8.625],"texture":"#1"},"south":{"uv":[8.25,8,8.875,8.625],"texture":"#1"},"west":{"uv":[7.5,8,8.25,8.625],"texture":"#1"},"up":{"uv":[8.875,5.5,8.25,4.75],"texture":"#1"},"down":{"uv":[8.875,5.5,8.25,6.25],"texture":"#1"}}},{"from":[6.775,7.24404,4.98551],"to":[9.225,8.74404,6.58551],"rotation":{"angle":0,"axis":"y","origin":[8,4.55654,9.15]},"faces":{"north":{"uv":[9.75,6.25,10.375,6.625],"texture":"#1"},"east":{"uv":[10.75,0,11.125,0.375],"texture":"#1"},"south":{"uv":[8,9.75,8.625,10.125],"texture":"#1"},"west":{"uv":[0.25,10.75,0.625,11.125],"texture":"#1"},"up":{"uv":[10.375,8.875,9.75,8.5],"texture":"#1"},"down":{"uv":[10.375,9,9.75,9.375],"texture":"#1"}}},{"from":[7.09595,6.60246,5.09511],"to":[8.90405,7.70946,6.97591],"rotation":{"angle":0,"axis":"y","origin":[8,6.82796,5.85751]},"faces":{"north":{"uv":[9.75,3,10.25,3.25],"texture":"#1"},"east":{"uv":[9.75,7.75,10.25,8],"texture":"#1"},"south":{"uv":[11,6.5,11.5,6.75],"texture":"#1"},"west":{"uv":[11,7.75,11.5,8],"texture":"#1"},"up":{"uv":[8.25,5.25,7.75,4.75],"texture":"#1"},"down":{"uv":[9.5,6.25,9,6.75],"texture":"#1"}}},{"from":[6.88525,5.91154,5.05751],"to":[9.11475,7.27654,5.05751],"rotation":{"angle":0,"axis":"y","origin":[8,5.18592,8.8472]},"faces":{"north":{"uv":[10,9.75,10.5,10.125],"texture":"#1"},"east":{"uv":[0,0,0,0.375],"texture":"#1"},"south":{"uv":[10.25,4.25,10.75,4.625],"texture":"#1"},"west":{"uv":[0,0,0,0.375],"texture":"#1"},"up":{"uv":[0.5,0,0,0],"texture":"#1"},"down":{"uv":[0.5,0,0,0],"texture":"#1"}}},{"from":[6.88525,5.91154,5.05751],"to":[6.88525,7.27654,6.51351],"rotation":{"angle":0,"axis":"y","origin":[8,5.18592,8.8472]},"faces":{"north":{"uv":[0,0,0,0.375],"texture":"#1"},"east":{"uv":[10.75,1.5,11.125,1.875],"texture":"#1"},"south":{"uv":[0,0,0,0.375],"texture":"#1"},"west":{"uv":[10.75,2,11.125,2.375],"texture":"#1"},"up":{"uv":[0,0.375,0,0],"texture":"#1"},"down":{"uv":[0,0,0,0.375],"texture":"#1"}}},{"from":[8.88525,5.91154,5.05751],"to":[9.11475,7.27654,6.51351],"rotation":{"angle":0,"axis":"y","origin":[8,5.18592,8.8472]},"faces":{"north":{"uv":[11.75,4.5,11.875,4.875],"texture":"#1"},"east":{"uv":[10.75,0.5,11.125,0.875],"texture":"#1"},"south":{"uv":[5.25,11.75,5.375,12.125],"texture":"#1"},"west":{"uv":[0.75,10.75,1.125,11.125],"texture":"#1"},"up":{"uv":[5.625,12.125,5.5,11.75],"texture":"#1"},"down":{"uv":[5.875,11.75,5.75,12.125],"texture":"#1"}}},{"from":[6.075,8.49404,7.58551],"to":[6.775,10.74404,8.43551],"rotation":{"angle":0,"axis":"y","origin":[6.425,9.61904,8.01051]},"faces":{"north":{"uv":[4.5,11.5,4.625,12.125],"texture":"#1"},"east":{"uv":[6.75,10.25,7,10.875],"texture":"#1"},"south":{"uv":[11.5,4.5,11.625,5.125],"texture":"#1"},"west":{"uv":[8.5,10.25,8.75,10.875],"texture":"#1"},"up":{"uv":[11.875,9.5,11.75,9.25],"texture":"#1"},"down":{"uv":[9.625,11.75,9.5,12],"texture":"#1"}}},{"from":[9.225,8.49404,7.58551],"to":[9.925,10.74404,8.43551],"rotation":{"angle":0,"axis":"y","origin":[9.575,9.61904,8.01051]},"faces":{"north":{"uv":[4.75,11.5,4.875,12.125],"texture":"#1"},"east":{"uv":[0,10.5,0.25,11.125],"texture":"#1"},"south":{"uv":[5,11.5,5.125,12.125],"texture":"#1"},"west":{"uv":[2.25,10.5,2.5,11.125],"texture":"#1"},"up":{"uv":[11.875,9.75,11.75,9.5],"texture":"#1"},"down":{"uv":[9.875,11.75,9.75,12],"texture":"#1"}}},{"from":[7.125,-5.975,7.125],"to":[8.875,-4.725,8.875],"rotation":{"angle":0,"axis":"y","origin":[8,-5.59179,8]},"faces":{"north":{"uv":[4.25,10.5,4.75,10.875],"texture":"#1"},"east":{"uv":[4.75,10.5,5.25,10.875],"texture":"#1"},"south":{"uv":[10.5,4.75,11,5.125],"texture":"#1"},"west":{"uv":[10.5,5.25,11,5.625],"texture":"#1"},"up":{"uv":[5.75,10.25,5.25,9.75],"texture":"#1"},"down":{"uv":[6.25,9.75,5.75,10.25],"texture":"#1"}}},{"from":[7,-6.51276,7.42097],"to":[9,-5.01276,8.92097],"rotation":{"angle":45,"axis":"x","origin":[8,-5.59179,8]},"faces":{"north":{"uv":[10.5,3,11,3.375],"texture":"#1"},"east":{"uv":[11,5,11.375,5.375],"texture":"#1"},"south":{"uv":[3.25,10.5,3.75,10.875],"texture":"#1"},"west":{"uv":[11,5.5,11.375,5.875],"texture":"#1"},"up":{"uv":[11,3.875,10.5,3.5],"texture":"#1"},"down":{"uv":[4.25,10.5,3.75,10.875],"texture":"#1"}}},{"from":[7.95,-15.44296,7.4],"to":[8.05,-4.44296,14.4],"rotation":{"angle":-22.5,"axis":"x","origin":[8,-8.34296,8]},"faces":{"north":{"uv":[2.5,8.5,2.625,11.25],"texture":"#1"},"east":{"uv":[0,0,1.75,2.75],"texture":"#1"},"south":{"uv":[7.75,8.75,7.875,11.5],"texture":"#1"},"west":{"uv":[1.75,0,3.5,2.75],"texture":"#1"},"up":{"uv":[7.625,11.5,7.5,9.75],"texture":"#1"},"down":{"uv":[8.875,9.75,8.75,11.5],"texture":"#1"}}},{"from":[7.15,13.65,7.15],"to":[8.85,17.15,8.85],"rotation":{"angle":0,"axis":"y","origin":[8,10.25,8]},"faces":{"north":{"uv":[3.25,9,3.625,9.875],"texture":"#1"},"east":{"uv":[3.75,9,4.125,9.875],"texture":"#1"},"south":{"uv":[4.25,9,4.625,9.875],"texture":"#1"},"west":{"uv":[4.75,9,5.125,9.875],"texture":"#1"},"up":{"uv":[8.375,11.125,8,10.75],"texture":"#1"},"down":{"uv":[9.375,10.75,9,11.125],"texture":"#1"}}},{"from":[7.15,18.65,7.15],"to":[8.85,22.85,8.85],"rotation":{"angle":0,"axis":"y","origin":[8,10.25,8]},"faces":{"north":{"uv":[3.5,1.75,3.875,2.75],"texture":"#1"},"east":{"uv":[0,8.5,0.375,9.5],"texture":"#1"},"south":{"uv":[0.5,8.5,0.875,9.5],"texture":"#1"},"west":{"uv":[1,8.5,1.375,9.5],"texture":"#1"},"up":{"uv":[9.875,11.125,9.5,10.75],"texture":"#1"},"down":{"uv":[10.375,10.75,10,11.125],"texture":"#1"}}},{"from":[7.15,22.35,3.275],"to":[8.85,24.05,7.475],"rotation":{"angle":0,"axis":"y","origin":[8,18,7.95]},"faces":{"north":{"uv":[10.375,10.75,10,11.125],"rotation":180,"texture":"#1"},"east":{"uv":[0,8.5,0.375,9.5],"rotation":270,"texture":"#1"},"south":{"uv":[9.875,11.125,9.5,10.75],"texture":"#1"},"west":{"uv":[1,8.5,1.375,9.5],"rotation":90,"texture":"#1"},"up":{"uv":[3.5,1.75,3.875,2.75],"rotation":180,"texture":"#1"},"down":{"uv":[0.5,8.5,0.875,9.5],"texture":"#1"}}},{"from":[7.15,22.35,8.525],"to":[8.85,24.05,12.725],"rotation":{"angle":0,"axis":"y","origin":[8,18,8.05]},"faces":{"north":{"uv":[9.5,11.125,9.875,10.75],"texture":"#1"},"east":{"uv":[0,9.5,0.375,8.5],"rotation":270,"texture":"#1"},"south":{"uv":[10,10.75,10.375,11.125],"rotation":180,"texture":"#1"},"west":{"uv":[1,9.5,1.375,8.5],"rotation":90,"texture":"#1"},"up":{"uv":[3.5,2.75,3.875,1.75],"rotation":180,"texture":"#1"},"down":{"uv":[0.5,9.5,0.875,8.5],"texture":"#1"}}},{"from":[7.4,17.15,7.4],"to":[8.6,18.65,8.6],"rotation":{"angle":0,"axis":"y","origin":[8,10.75,8]},"faces":{"north":{"uv":[11.25,9.25,11.5,9.625],"texture":"#1"},"east":{"uv":[9.5,11.25,9.75,11.625],"texture":"#1"},"south":{"uv":[9.75,11.25,10,11.625],"texture":"#1"},"west":{"uv":[10,11.25,10.25,11.625],"texture":"#1"},"up":{"uv":[11,4.75,10.75,4.5],"texture":"#1"},"down":{"uv":[11.75,9.5,11.5,9.75],"texture":"#1"}}},{"from":[7.15,9.45,7.15],"to":[8.85,13.65,8.85],"rotation":{"angle":0,"axis":"y","origin":[8,1.05,8]},"faces":{"north":{"uv":[1.5,8.5,1.875,9.5],"texture":"#1"},"east":{"uv":[2,8.5,2.375,9.5],"texture":"#1"},"south":{"uv":[8.75,1.75,9.125,2.75],"texture":"#1"},"west":{"uv":[8.75,2.75,9.125,3.75],"texture":"#1"},"up":{"uv":[11.125,10.625,10.75,10.25],"texture":"#1"},"down":{"uv":[10.875,10.75,10.5,11.125],"texture":"#1"}}},{"from":[7.15,-5.05,7.15],"to":[8.85,-0.85,8.85],"rotation":{"angle":0,"axis":"y","origin":[8,1.05,8]},"faces":{"north":{"uv":[8.75,3.75,9.125,4.75],"texture":"#1"},"east":{"uv":[6.75,8.75,7.125,9.75],"texture":"#1"},"south":{"uv":[8.75,7,9.125,8],"texture":"#1"},"west":{"uv":[7.25,8.75,7.625,9.75],"texture":"#1"},"up":{"uv":[11.375,6.375,11,6],"texture":"#1"},"down":{"uv":[7.125,11,6.75,11.375],"texture":"#1"}}},{"from":[7,22.3,7],"to":[9,24.3,9],"rotation":{"angle":45,"axis":"x","origin":[8,23.3,8]},"faces":{"north":{"uv":[9,8,9.5,8.5],"texture":"#1"},"east":{"uv":[9,8.5,9.5,9],"texture":"#1"},"south":{"uv":[9,9,9.5,9.5],"texture":"#1"},"west":{"uv":[9.25,1.75,9.75,2.25],"texture":"#1"},"up":{"uv":[9.75,2.75,9.25,2.25],"texture":"#1"},"down":{"uv":[9.75,2.75,9.25,3.25],"texture":"#1"}}},{"from":[5.325,24.55,11.6],"to":[6.475,25.85,13.6],"rotation":{"angle":0,"axis":"y","origin":[5.9,24.67279,12.6]},"faces":{"north":{"uv":[4,11.5,4.25,11.875],"texture":"#1"},"east":{"uv":[10.5,2.5,11,2.875],"texture":"#1"},"south":{"uv":[4.25,11.5,4.5,11.875],"texture":"#1"},"west":{"uv":[2.75,10.5,3.25,10.875],"texture":"#1"},"up":{"uv":[11.25,11.25,11,10.75],"texture":"#1"},"down":{"uv":[0.25,11.25,0,11.75],"texture":"#1"}}},{"from":[5.35,24.78127,12.72099],"to":[6.45,26.20627,14.12099],"rotation":{"angle":-45,"axis":"x","origin":[5.9,24.67279,12.6]},"faces":{"north":{"uv":[3.25,11.5,3.5,11.875],"texture":"#1"},"east":{"uv":[11,4.5,11.375,4.875],"texture":"#1"},"south":{"uv":[3.5,11.5,3.75,11.875],"texture":"#1"},"west":{"uv":[4.75,11,5.125,11.375],"texture":"#1"},"up":{"uv":[11.75,3.875,11.5,3.5],"texture":"#1"},"down":{"uv":[4,11.5,3.75,11.875],"texture":"#1"}}},{"from":[5.35,23.89739,11.8371],"to":[6.45,25.32239,13.2371],"rotation":{"angle":-45,"axis":"x","origin":[5.9,24.67279,12.6]},"faces":{"north":{"uv":[11.5,2.5,11.75,2.875],"texture":"#1"},"east":{"uv":[3.75,11,4.125,11.375],"texture":"#1"},"south":{"uv":[2.75,11.5,3,11.875],"texture":"#1"},"west":{"uv":[4.25,11,4.625,11.375],"texture":"#1"},"up":{"uv":[3.25,11.875,3,11.5],"texture":"#1"},"down":{"uv":[11.75,3,11.5,3.375],"texture":"#1"}}},{"from":[3.9008,22.3008,16.9992],"to":[5.5992,23.4992,17.6976],"rotation":{"angle":0,"axis":"y","origin":[8,22.9,14.89202]},"faces":{"north":{"uv":[11.5,2,11.875,2.25],"texture":"#1"},"east":{"uv":[12,0,12.125,0.25],"texture":"#1"},"south":{"uv":[11.5,2.25,11.875,2.5],"texture":"#1"},"west":{"uv":[0.25,12,0.375,12.25],"texture":"#1"},"up":{"uv":[9.375,11.875,9,11.75],"texture":"#1"},"down":{"uv":[12.125,9,11.75,9.125],"texture":"#1"}}},{"from":[4.15556,22.5508,13.93921],"to":[4.85396,23.2492,15.88761],"rotation":{"angle":-45,"axis":"y","origin":[8,22.9,14.89202]},"faces":{"north":{"uv":[2.75,12,2.875,12.125],"texture":"#1"},"east":{"uv":[11.75,3,12.25,3.125],"texture":"#1"},"south":{"uv":[12,2.75,12.125,2.875],"texture":"#1"},"west":{"uv":[11.75,3.25,12.25,3.375],"texture":"#1"},"up":{"uv":[11.875,4,11.75,3.5],"texture":"#1"},"down":{"uv":[11.875,4,11.75,4.5],"texture":"#1"}}},{"from":[4.4008,22.3008,12.8008],"to":[5.5992,23.4992,16.9992],"rotation":{"angle":0,"axis":"y","origin":[8,22.9,14.89202]},"faces":{"north":{"uv":[11.75,2.5,12,2.75],"texture":"#1"},"east":{"uv":[9.75,0.75,10.75,1],"texture":"#1"},"south":{"uv":[11.75,2.75,12,3],"texture":"#1"},"west":{"uv":[9.75,1.75,10.75,2],"texture":"#1"},"up":{"uv":[10,3,9.75,2],"texture":"#1"},"down":{"uv":[10,4.75,9.75,5.75],"texture":"#1"}}},{"from":[5.9008,20.8008,10.5008],"to":[10.0992,24.9992,14.6992],"rotation":{"angle":0,"axis":"y","origin":[8.1,22.9,14.89202]},"faces":{"north":{"uv":[7.75,3.75,8.75,4.75],"texture":"#1"},"east":{"uv":[7.75,7,8.75,8],"texture":"#1"},"south":{"uv":[2.75,8,3.75,9],"texture":"#1"},"west":{"uv":[3.75,8,4.75,9],"texture":"#1"},"up":{"uv":[5.75,9,4.75,8],"texture":"#1"},"down":{"uv":[6.75,8,5.75,9],"texture":"#1"}}},{"from":[5.9008,20.8008,16.1008],"to":[10.0992,24.9992,17.2992],"rotation":{"angle":0,"axis":"y","origin":[8.1,22.9,14.89202]},"faces":{"north":{"uv":[7.75,1.75,8.75,2.75],"texture":"#1"},"east":{"uv":[0.75,9.75,1,10.75],"texture":"#1"},"south":{"uv":[7.75,2.75,8.75,3.75],"texture":"#1"},"west":{"uv":[1,9.75,1.25,10.75],"texture":"#1"},"up":{"uv":[10.75,0.5,9.75,0.25],"texture":"#1"},"down":{"uv":[10.75,0.5,9.75,0.75],"texture":"#1"}}},{"from":[9.55,24.78127,12.72099],"to":[10.65,26.20627,14.12099],"rotation":{"angle":-45,"axis":"x","origin":[10.1,24.67279,12.6]},"faces":{"north":{"uv":[1.5,11.5,1.75,11.875],"texture":"#1"},"east":{"uv":[3.25,11,3.625,11.375],"texture":"#1"},"south":{"uv":[11.5,1.5,11.75,1.875],"texture":"#1"},"west":{"uv":[11,3.5,11.375,3.875],"texture":"#1"},"up":{"uv":[2,11.875,1.75,11.5],"texture":"#1"},"down":{"uv":[2.25,11.5,2,11.875],"texture":"#1"}}},{"from":[9.55,23.89739,11.8371],"to":[10.65,25.32239,13.2371],"rotation":{"angle":-45,"axis":"x","origin":[10.1,24.67279,12.6]},"faces":{"north":{"uv":[11.5,0,11.75,0.375],"texture":"#1"},"east":{"uv":[2.75,11,3.125,11.375],"texture":"#1"},"south":{"uv":[11.5,0.5,11.75,0.875],"texture":"#1"},"west":{"uv":[11,3,11.375,3.375],"texture":"#1"},"up":{"uv":[11.75,1.375,11.5,1],"texture":"#1"},"down":{"uv":[1.5,11.5,1.25,11.875],"texture":"#1"}}},{"from":[9.525,24.55,11.6],"to":[10.675,25.85,13.6],"rotation":{"angle":0,"axis":"y","origin":[10.1,24.67279,12.6]},"faces":{"north":{"uv":[11,11.25,11.25,11.625],"texture":"#1"},"east":{"uv":[1.25,10.5,1.75,10.875],"texture":"#1"},"south":{"uv":[11.25,11,11.5,11.375],"texture":"#1"},"west":{"uv":[1.75,10.5,2.25,10.875],"texture":"#1"},"up":{"uv":[11.25,9.5,11,9],"texture":"#1"},"down":{"uv":[11.25,9.5,11,10],"texture":"#1"}}},{"from":[10.4008,22.3008,12.8008],"to":[11.5992,23.4992,16.9992],"rotation":{"angle":0,"axis":"y","origin":[8,22.9,14.89202]},"faces":{"north":{"uv":[2.25,11.75,2.5,12],"texture":"#1"},"east":{"uv":[9.25,9.5,10.25,9.75],"texture":"#1"},"south":{"uv":[2.5,11.75,2.75,12],"texture":"#1"},"west":{"uv":[9.75,0,10.75,0.25],"texture":"#1"},"up":{"uv":[0.5,10.75,0.25,9.75],"texture":"#1"},"down":{"uv":[0.75,9.75,0.5,10.75],"texture":"#1"}}},{"from":[11.14604,22.5508,13.93921],"to":[11.84444,23.2492,15.88761],"rotation":{"angle":45,"axis":"y","origin":[8,22.9,14.89202]},"faces":{"north":{"uv":[2.5,12,2.625,12.125],"texture":"#1"},"east":{"uv":[11.75,1,12.25,1.125],"texture":"#1"},"south":{"uv":[12,2.5,12.125,2.625],"texture":"#1"},"west":{"uv":[11.75,1.25,12.25,1.375],"texture":"#1"},"up":{"uv":[1.125,12.25,1,11.75],"texture":"#1"},"down":{"uv":[11.875,1.5,11.75,2],"texture":"#1"}}},{"from":[10.4008,22.3008,16.9992],"to":[12.0992,23.4992,17.6976],"rotation":{"angle":0,"axis":"y","origin":[8,22.9,14.89202]},"faces":{"north":{"uv":[11.25,9.75,11.625,10],"texture":"#1"},"east":{"uv":[11.75,11.75,11.875,12],"texture":"#1"},"south":{"uv":[11.25,10.75,11.625,11],"texture":"#1"},"west":{"uv":[0,12,0.125,12.25],"texture":"#1"},"up":{"uv":[8.375,11.875,8,11.75],"texture":"#1"},"down":{"uv":[12.125,8.5,11.75,8.625],"texture":"#1"}}},{"from":[7.6508,19.05556,13.93921],"to":[8.3492,19.75396,15.88761],"rotation":{"angle":45,"axis":"x","origin":[8,22.9,14.89202]},"faces":{"north":{"uv":[2.25,12,2.375,12.125],"texture":"#1"},"east":{"uv":[0.25,11.75,0.75,11.875],"texture":"#1"},"south":{"uv":[12,2.25,12.125,2.375],"texture":"#1"},"west":{"uv":[11.75,0.25,12.25,0.375],"texture":"#1"},"up":{"uv":[11.875,1,11.75,0.5],"texture":"#1"},"down":{"uv":[0.875,11.75,0.75,12.25],"texture":"#1"}}},{"from":[7.4008,19.3008,12.8008],"to":[8.5992,20.4992,16.9992],"rotation":{"angle":0,"axis":"y","origin":[8,22.9,14.89202]},"faces":{"north":{"uv":[0,11.75,0.25,12],"texture":"#1"},"east":{"uv":[9.5,8,10.5,8.25],"texture":"#1"},"south":{"uv":[11.75,0,12,0.25],"texture":"#1"},"west":{"uv":[9.5,8.25,10.5,8.5],"texture":"#1"},"up":{"uv":[9.75,9.5,9.5,8.5],"texture":"#1"},"down":{"uv":[9.25,9.5,9,10.5],"texture":"#1"}}},{"from":[7.4008,18.8008,16.9992],"to":[8.5992,20.4992,17.6976],"rotation":{"angle":0,"axis":"y","origin":[8,22.9,14.89202]},"faces":{"north":{"uv":[10.5,11.25,10.75,11.625],"texture":"#1"},"east":{"uv":[7.75,11.75,7.875,12.125],"texture":"#1"},"south":{"uv":[10.75,11.25,11,11.625],"texture":"#1"},"west":{"uv":[11.75,7.75,11.875,8.125],"texture":"#1"},"up":{"uv":[11.75,11.875,11.5,11.75],"texture":"#1"},"down":{"uv":[12,11.5,11.75,11.625],"texture":"#1"}}},{"from":[7.4008,25.3008,16.9992],"to":[8.5992,26.9992,17.6976],"rotation":{"angle":0,"axis":"y","origin":[8,22.9,14.89202]},"faces":{"north":{"uv":[10.25,11.25,10.5,11.625],"texture":"#1"},"east":{"uv":[11.75,7,11.875,7.375],"texture":"#1"},"south":{"uv":[11.25,10.25,11.5,10.625],"texture":"#1"},"west":{"uv":[7.5,11.75,7.625,12.125],"texture":"#1"},"up":{"uv":[12,11.125,11.75,11],"texture":"#1"},"down":{"uv":[12,11.25,11.75,11.375],"texture":"#1"}}},{"from":[7.4008,25.3008,12.8008],"to":[8.5992,26.4992,16.9992],"rotation":{"angle":0,"axis":"y","origin":[8,22.9,14.89202]},"faces":{"north":{"uv":[11.5,10.5,11.75,10.75],"texture":"#1"},"east":{"uv":[9.5,3.75,10.5,4],"texture":"#1"},"south":{"uv":[11.5,11.5,11.75,11.75],"texture":"#1"},"west":{"uv":[9.5,4,10.5,4.25],"texture":"#1"},"up":{"uv":[9.75,6.75,9.5,5.75],"texture":"#1"},"down":{"uv":[9.75,7,9.5,8],"texture":"#1"}}},{"from":[7.6508,26.04604,13.93921],"to":[8.3492,26.74444,15.88761],"rotation":{"angle":-45,"axis":"x","origin":[8,22.9,14.89202]},"faces":{"north":{"uv":[2,12,2.125,12.125],"texture":"#1"},"east":{"uv":[11.5,10,12,10.125],"texture":"#1"},"south":{"uv":[12,2,12.125,2.125],"texture":"#1"},"west":{"uv":[11.5,10.25,12,10.375],"texture":"#1"},"up":{"uv":[11.625,11.5,11.5,11],"texture":"#1"},"down":{"uv":[11.375,11.5,11.25,12],"texture":"#1"}}},{"from":[4.70036,17.7,7.39914],"to":[4.70036,26.7,15.39914],"rotation":{"angle":-22.5,"axis":"y","origin":[3.50036,21.9,11.99914]},"faces":{"north":{"uv":[0,0,0,2.25],"texture":"#1"},"east":{"uv":[2,2.75,0,5],"texture":"#1"},"south":{"uv":[0,0,0,2.25],"texture":"#1"},"west":{"uv":[0,2.75,2,5],"texture":"#1"},"up":{"uv":[2,0,0,0],"rotation":270,"texture":"#1"},"down":{"uv":[2,0,0,0],"rotation":90,"texture":"#1"}}},{"from":[11.29964,17.7,7.39914],"to":[11.29964,26.7,15.39914],"rotation":{"angle":22.5,"axis":"y","origin":[12.49964,21.9,11.99914]},"faces":{"north":{"uv":[0,0,0,2.25],"texture":"#1"},"east":{"uv":[2,2.75,0,5],"texture":"#1"},"south":{"uv":[0,0,0,2.25],"texture":"#1"},"west":{"uv":[0,2.75,2,5],"texture":"#1"},"up":{"uv":[2,0,0,0],"rotation":270,"texture":"#1"},"down":{"uv":[2,0,0,0],"rotation":90,"texture":"#1"}}},{"from":[7.6508,26.04604,0.11239],"to":[8.3492,26.74444,2.06079],"rotation":{"angle":45,"axis":"x","origin":[8,22.9,1.10798]},"faces":{"north":{"uv":[12.125,2,12,2.125],"texture":"#1"},"east":{"uv":[12,10,11.5,10.125],"texture":"#1"},"south":{"uv":[2.125,12,2,12.125],"texture":"#1"},"west":{"uv":[12,10.25,11.5,10.375],"texture":"#1"},"up":{"uv":[11.625,11,11.5,11.5],"texture":"#1"},"down":{"uv":[11.375,12,11.25,11.5],"texture":"#1"}}},{"from":[7.4008,25.3008,-0.9992],"to":[8.5992,26.4992,3.1992],"rotation":{"angle":0,"axis":"y","origin":[8,22.9,1.10798]},"faces":{"north":{"uv":[11.75,11.5,11.5,11.75],"texture":"#1"},"east":{"uv":[10.5,3.75,9.5,4],"texture":"#1"},"south":{"uv":[11.75,10.5,11.5,10.75],"texture":"#1"},"west":{"uv":[10.5,4,9.5,4.25],"texture":"#1"},"up":{"uv":[9.75,5.75,9.5,6.75],"texture":"#1"},"down":{"uv":[9.75,8,9.5,7],"texture":"#1"}}},{"from":[7.4008,25.3008,-1.6976],"to":[8.5992,26.9992,-0.9992],"rotation":{"angle":0,"axis":"y","origin":[8,22.9,1.10798]},"faces":{"north":{"uv":[11.5,10.25,11.25,10.625],"texture":"#1"},"east":{"uv":[11.875,7,11.75,7.375],"texture":"#1"},"south":{"uv":[10.5,11.25,10.25,11.625],"texture":"#1"},"west":{"uv":[7.625,11.75,7.5,12.125],"texture":"#1"},"up":{"uv":[12,11,11.75,11.125],"texture":"#1"},"down":{"uv":[12,11.375,11.75,11.25],"texture":"#1"}}},{"from":[7.4008,18.8008,-1.6976],"to":[8.5992,20.4992,-0.9992],"rotation":{"angle":0,"axis":"y","origin":[8,22.9,1.10798]},"faces":{"north":{"uv":[11,11.25,10.75,11.625],"texture":"#1"},"east":{"uv":[7.875,11.75,7.75,12.125],"texture":"#1"},"south":{"uv":[10.75,11.25,10.5,11.625],"texture":"#1"},"west":{"uv":[11.875,7.75,11.75,8.125],"texture":"#1"},"up":{"uv":[11.75,11.75,11.5,11.875],"texture":"#1"},"down":{"uv":[12,11.625,11.75,11.5],"texture":"#1"}}},{"from":[7.4008,19.3008,-0.9992],"to":[8.5992,20.4992,3.1992],"rotation":{"angle":0,"axis":"y","origin":[8,22.9,1.10798]},"faces":{"north":{"uv":[12,0,11.75,0.25],"texture":"#1"},"east":{"uv":[10.5,8,9.5,8.25],"texture":"#1"},"south":{"uv":[0.25,11.75,0,12],"texture":"#1"},"west":{"uv":[10.5,8.25,9.5,8.5],"texture":"#1"},"up":{"uv":[9.75,8.5,9.5,9.5],"texture":"#1"},"down":{"uv":[9.25,10.5,9,9.5],"texture":"#1"}}},{"from":[7.6508,19.05556,0.11239],"to":[8.3492,19.75396,2.06079],"rotation":{"angle":-45,"axis":"x","origin":[8,22.9,1.10798]},"faces":{"north":{"uv":[12.125,2.25,12,2.375],"texture":"#1"},"east":{"uv":[0.75,11.75,0.25,11.875],"texture":"#1"},"south":{"uv":[2.375,12,2.25,12.125],"texture":"#1"},"west":{"uv":[12.25,0.25,11.75,0.375],"texture":"#1"},"up":{"uv":[11.875,0.5,11.75,1],"texture":"#1"},"down":{"uv":[0.875,12.25,0.75,11.75],"texture":"#1"}}},{"from":[10.4008,22.3008,-1.6976],"to":[12.0992,23.4992,-0.9992],"rotation":{"angle":0,"axis":"y","origin":[8,22.9,1.10798]},"faces":{"north":{"uv":[11.625,10.75,11.25,11],"texture":"#1"},"east":{"uv":[11.875,11.75,11.75,12],"texture":"#1"},"south":{"uv":[11.625,9.75,11.25,10],"texture":"#1"},"west":{"uv":[0.125,12,0,12.25],"texture":"#1"},"up":{"uv":[8.375,11.75,8,11.875],"texture":"#1"},"down":{"uv":[12.125,8.625,11.75,8.5],"texture":"#1"}}},{"from":[11.14604,22.5508,0.11239],"to":[11.84444,23.2492,2.06079],"rotation":{"angle":-45,"axis":"y","origin":[8,22.9,1.10798]},"faces":{"north":{"uv":[12.125,2.5,12,2.625],"texture":"#1"},"east":{"uv":[12.25,1,11.75,1.125],"texture":"#1"},"south":{"uv":[2.625,12,2.5,12.125],"texture":"#1"},"west":{"uv":[12.25,1.25,11.75,1.375],"texture":"#1"},"up":{"uv":[1.125,11.75,1,12.25],"texture":"#1"},"down":{"uv":[11.875,2,11.75,1.5],"texture":"#1"}}},{"from":[10.4008,22.3008,-0.9992],"to":[11.5992,23.4992,3.1992],"rotation":{"angle":0,"axis":"y","origin":[8,22.9,1.10798]},"faces":{"north":{"uv":[2.75,11.75,2.5,12],"texture":"#1"},"east":{"uv":[10.25,9.5,9.25,9.75],"texture":"#1"},"south":{"uv":[2.5,11.75,2.25,12],"texture":"#1"},"west":{"uv":[10.75,0,9.75,0.25],"texture":"#1"},"up":{"uv":[0.5,9.75,0.25,10.75],"texture":"#1"},"down":{"uv":[0.75,10.75,0.5,9.75],"texture":"#1"}}},{"from":[9.525,24.55,2.4],"to":[10.675,25.85,4.4],"rotation":{"angle":0,"axis":"y","origin":[10.1,24.67279,3.4]},"faces":{"north":{"uv":[11.5,11,11.25,11.375],"texture":"#1"},"east":{"uv":[1.75,10.5,1.25,10.875],"texture":"#1"},"south":{"uv":[11.25,11.25,11,11.625],"texture":"#1"},"west":{"uv":[2.25,10.5,1.75,10.875],"texture":"#1"},"up":{"uv":[11.25,9,11,9.5],"texture":"#1"},"down":{"uv":[11.25,10,11,9.5],"texture":"#1"}}},{"from":[9.55,23.89739,2.7629],"to":[10.65,25.32239,4.1629],"rotation":{"angle":45,"axis":"x","origin":[10.1,24.67279,3.4]},"faces":{"north":{"uv":[11.75,0.5,11.5,0.875],"texture":"#1"},"east":{"uv":[3.125,11,2.75,11.375],"texture":"#1"},"south":{"uv":[11.75,0,11.5,0.375],"texture":"#1"},"west":{"uv":[11.375,3,11,3.375],"texture":"#1"},"up":{"uv":[11.75,1,11.5,1.375],"texture":"#1"},"down":{"uv":[1.5,11.875,1.25,11.5],"texture":"#1"}}},{"from":[9.55,24.78127,1.87901],"to":[10.65,26.20627,3.27901],"rotation":{"angle":45,"axis":"x","origin":[10.1,24.67279,3.4]},"faces":{"north":{"uv":[11.75,1.5,11.5,1.875],"texture":"#1"},"east":{"uv":[3.625,11,3.25,11.375],"texture":"#1"},"south":{"uv":[1.75,11.5,1.5,11.875],"texture":"#1"},"west":{"uv":[11.375,3.5,11,3.875],"texture":"#1"},"up":{"uv":[2,11.5,1.75,11.875],"texture":"#1"},"down":{"uv":[2.25,11.875,2,11.5],"texture":"#1"}}},{"from":[5.9008,20.8008,-1.2992],"to":[10.0992,24.9992,-0.1008],"rotation":{"angle":0,"axis":"y","origin":[8.1,22.9,1.10798]},"faces":{"north":{"uv":[8.75,2.75,7.75,3.75],"texture":"#1"},"east":{"uv":[1,9.75,0.75,10.75],"texture":"#1"},"south":{"uv":[8.75,1.75,7.75,2.75],"texture":"#1"},"west":{"uv":[1.25,9.75,1,10.75],"texture":"#1"},"up":{"uv":[10.75,0.25,9.75,0.5],"texture":"#1"},"down":{"uv":[10.75,0.75,9.75,0.5],"texture":"#1"}}},{"from":[5.9008,20.8008,1.3008],"to":[10.0992,24.9992,5.4992],"rotation":{"angle":0,"axis":"y","origin":[8.1,22.9,1.10798]},"faces":{"north":{"uv":[3.75,8,2.75,9],"texture":"#1"},"east":{"uv":[8.75,7,7.75,8],"texture":"#1"},"south":{"uv":[8.75,3.75,7.75,4.75],"texture":"#1"},"west":{"uv":[4.75,8,3.75,9],"texture":"#1"},"up":{"uv":[5.75,8,4.75,9],"texture":"#1"},"down":{"uv":[6.75,9,5.75,8],"texture":"#1"}}},{"from":[4.4008,22.3008,-0.9992],"to":[5.5992,23.4992,3.1992],"rotation":{"angle":0,"axis":"y","origin":[8,22.9,1.10798]},"faces":{"north":{"uv":[12,2.75,11.75,3],"texture":"#1"},"east":{"uv":[10.75,0.75,9.75,1],"texture":"#1"},"south":{"uv":[12,2.5,11.75,2.75],"texture":"#1"},"west":{"uv":[10.75,1.75,9.75,2],"texture":"#1"},"up":{"uv":[10,2,9.75,3],"texture":"#1"},"down":{"uv":[10,5.75,9.75,4.75],"texture":"#1"}}},{"from":[4.15556,22.5508,0.11239],"to":[4.85396,23.2492,2.06079],"rotation":{"angle":45,"axis":"y","origin":[8,22.9,1.10798]},"faces":{"north":{"uv":[12.125,2.75,12,2.875],"texture":"#1"},"east":{"uv":[12.25,3,11.75,3.125],"texture":"#1"},"south":{"uv":[2.875,12,2.75,12.125],"texture":"#1"},"west":{"uv":[12.25,3.25,11.75,3.375],"texture":"#1"},"up":{"uv":[11.875,3.5,11.75,4],"texture":"#1"},"down":{"uv":[11.875,4.5,11.75,4],"texture":"#1"}}},{"from":[3.9008,22.3008,-1.6976],"to":[5.5992,23.4992,-0.9992],"rotation":{"angle":0,"axis":"y","origin":[8,22.9,1.10798]},"faces":{"north":{"uv":[11.875,2.25,11.5,2.5],"texture":"#1"},"east":{"uv":[12.125,0,12,0.25],"texture":"#1"},"south":{"uv":[11.875,2,11.5,2.25],"texture":"#1"},"west":{"uv":[0.375,12,0.25,12.25],"texture":"#1"},"up":{"uv":[9.375,11.75,9,11.875],"texture":"#1"},"down":{"uv":[12.125,9.125,11.75,9],"texture":"#1"}}},{"from":[5.35,23.89739,2.7629],"to":[6.45,25.32239,4.1629],"rotation":{"angle":45,"axis":"x","origin":[5.9,24.67279,3.4]},"faces":{"north":{"uv":[3,11.5,2.75,11.875],"texture":"#1"},"east":{"uv":[4.125,11,3.75,11.375],"texture":"#1"},"south":{"uv":[11.75,2.5,11.5,2.875],"texture":"#1"},"west":{"uv":[4.625,11,4.25,11.375],"texture":"#1"},"up":{"uv":[3.25,11.5,3,11.875],"texture":"#1"},"down":{"uv":[11.75,3.375,11.5,3],"texture":"#1"}}},{"from":[5.35,24.78127,1.87901],"to":[6.45,26.20627,3.27901],"rotation":{"angle":45,"axis":"x","origin":[5.9,24.67279,3.4]},"faces":{"north":{"uv":[3.75,11.5,3.5,11.875],"texture":"#1"},"east":{"uv":[11.375,4.5,11,4.875],"texture":"#1"},"south":{"uv":[3.5,11.5,3.25,11.875],"texture":"#1"},"west":{"uv":[5.125,11,4.75,11.375],"texture":"#1"},"up":{"uv":[11.75,3.5,11.5,3.875],"texture":"#1"},"down":{"uv":[4,11.875,3.75,11.5],"texture":"#1"}}},{"from":[5.325,24.55,2.4],"to":[6.475,25.85,4.4],"rotation":{"angle":0,"axis":"y","origin":[5.9,24.67279,3.4]},"faces":{"north":{"uv":[4.5,11.5,4.25,11.875],"texture":"#1"},"east":{"uv":[11,2.5,10.5,2.875],"texture":"#1"},"south":{"uv":[4.25,11.5,4,11.875],"texture":"#1"},"west":{"uv":[3.25,10.5,2.75,10.875],"texture":"#1"},"up":{"uv":[11.25,10.75,11,11.25],"texture":"#1"},"down":{"uv":[0.25,11.75,0,11.25],"texture":"#1"}}},{"from":[9.625,22.875,-4],"to":[16.125,22.875,7],"rotation":{"angle":0,"axis":"y","origin":[8,22.875,1.5]},"faces":{"north":{"uv":[0,1.625,0,0],"rotation":90,"texture":"#1"},"east":{"uv":[0,2.75,0,0],"rotation":270,"texture":"#1"},"south":{"uv":[0,1.625,0,0],"rotation":270,"texture":"#1"},"west":{"uv":[0,0,0,2.75],"rotation":270,"texture":"#1"},"up":{"uv":[6.25,1.625,3.5,0],"rotation":270,"texture":"#1"},"down":{"uv":[6.75,3.375,4,1.75],"rotation":270,"texture":"#1"}}},{"from":[-0.125,22.875,-4],"to":[6.375,22.875,7],"rotation":{"angle":0,"axis":"y","origin":[8,22.875,1.5]},"faces":{"north":{"uv":[0,0,0,1.625],"rotation":90,"texture":"#1"},"east":{"uv":[0,2.75,0,0],"rotation":270,"texture":"#1"},"south":{"uv":[0,0,0,1.625],"rotation":270,"texture":"#1"},"west":{"uv":[0,0,0,2.75],"rotation":270,"texture":"#1"},"up":{"uv":[6.25,0,3.5,1.625],"rotation":270,"texture":"#1"},"down":{"uv":[6.75,1.75,4,3.375],"rotation":270,"texture":"#1"}}},{"from":[8,24.5,9],"to":[8,31,20],"rotation":{"angle":0,"axis":"y","origin":[8,3,9.6]},"faces":{"north":{"uv":[0,0,0,1.625],"texture":"#1"},"east":{"uv":[3.5,0,6.25,1.625],"texture":"#1"},"south":{"uv":[0,0,0,1.625],"texture":"#1"},"west":{"uv":[4,1.75,6.75,3.375],"texture":"#1"},"up":{"uv":[0,2.75,0,0],"texture":"#1"},"down":{"uv":[0,0,0,2.75],"texture":"#1"}}},{"from":[8,14.75,9],"to":[8,21.25,20],"rotation":{"angle":0,"axis":"y","origin":[8,13,9.6]},"faces":{"north":{"uv":[0,1.625,0,0],"texture":"#1"},"east":{"uv":[3.5,1.625,6.25,0],"texture":"#1"},"south":{"uv":[0,1.625,0,0],"texture":"#1"},"west":{"uv":[4,3.375,6.75,1.75],"texture":"#1"},"up":{"uv":[0,2.75,0,0],"texture":"#1"},"down":{"uv":[0,0,0,2.75],"texture":"#1"}}}],"gui_light":"front","display":{"thirdperson_righthand":{"translation":[0,2.25,1.75],"scale":[0.9,0.9,0.9]},"thirdperson_lefthand":{"translation":[0,2.25,1.75],"scale":[0.9,0.9,0.9]},"firstperson_righthand":{"rotation":[6,0,0],"translation":[3.5,2.25,0],"scale":[0.45547,0.45547,0.45547]},"firstperson_lefthand":{"rotation":[6,0,0],"translation":[3.5,2.25,0],"scale":[0.45547,0.45547,0.45547]},"ground":{"rotation":[-45,0,0],"translation":[0,6,0],"scale":[0.6,0.6,0.6]},"gui":{"rotation":[90,45,-90],"translation":[-2.5,-2.5,0],"scale":[0.50055,0.50055,0.50055]},"head":{"scale":[0,0,0]},"fixed":{"rotation":[0,-90,0],"translation":[0,-2.25,-2.25],"scale":[2.2,2.2,2.2]}}}