{"credit":"MadewithBlockbench","texture_size":[32,32],"textures":{"1":"elitecreatures/carnivoret_weapon_set/key"},"elements":[{"from":[7.274,2.53651,8.69567],"to":[8.726,6.16651,9.35567],"rotation":{"angle":-45,"axis":"x","origin":[8,4.64026,7.66442]},"faces":{"north":{"uv":[7,4,7.75,5.75],"texture":"#1"},"east":{"uv":[4,9,4.25,10.75],"texture":"#1"},"south":{"uv":[5,7,5.75,8.75],"texture":"#1"},"west":{"uv":[7.5,9,7.75,10.75],"texture":"#1"},"up":{"uv":[9.75,9.75,9,9.5],"texture":"#1"},"down":{"uv":[0.75,10,0,10.25],"texture":"#1"}}},{"from":[6.944,2.53651,5.72567],"to":[9.056,5.50651,8.69567],"rotation":{"angle":-45,"axis":"x","origin":[8,4.64026,7.66442]},"faces":{"north":{"uv":[2,6,3,7.5],"texture":"#1"},"east":{"uv":[5,0,6.5,1.5],"texture":"#1"},"south":{"uv":[3,6,4,7.5],"texture":"#1"},"west":{"uv":[5,1.5,6.5,3],"texture":"#1"},"up":{"uv":[7,4.5,6,3],"texture":"#1"},"down":{"uv":[5,6,4,7.5],"texture":"#1"}}},{"from":[6.977,0.11988,5.68098],"to":[9.023,3.88188,6.67098],"rotation":{"angle":0,"axis":"y","origin":[8,2.85063,6.54723]},"faces":{"north":{"uv":[5,3,6,5],"texture":"#1"},"east":{"uv":[4.5,7.5,5,9.5],"texture":"#1"},"south":{"uv":[5,5,6,7],"texture":"#1"},"west":{"uv":[7.5,6,8,8],"texture":"#1"},"up":{"uv":[9.5,1.5,8.5,1],"texture":"#1"},"down":{"uv":[2,9,1,9.5],"texture":"#1"}}},{"from":[6.977,0.11988,8.92185],"to":[9.023,3.88188,9.91185],"rotation":{"angle":0,"axis":"y","origin":[8,2.85063,9.0456]},"faces":{"north":{"uv":[0,6,1,8],"texture":"#1"},"east":{"uv":[0,8,0.5,10],"texture":"#1"},"south":{"uv":[1,6,2,8],"texture":"#1"},"west":{"uv":[0.5,8,1,10],"texture":"#1"},"up":{"uv":[10,2,9,1.5],"texture":"#1"},"down":{"uv":[10,2,9,2.5],"texture":"#1"}}},{"from":[6.977,-0.87954,8.44637],"to":[9.023,1.03446,9.43637],"rotation":{"angle":45,"axis":"x","origin":[8,0.00321,8.57012]},"faces":{"north":{"uv":[1,8,2,9],"texture":"#1"},"east":{"uv":[6.5,2,7,3],"texture":"#1"},"south":{"uv":[8,1.5,9,2.5],"texture":"#1"},"west":{"uv":[7,8.5,7.5,9.5],"texture":"#1"},"up":{"uv":[10,3,9,2.5],"texture":"#1"},"down":{"uv":[10,3,9,3.5],"texture":"#1"}}},{"from":[6.977,-0.87954,6.15647],"to":[9.023,1.03446,7.14647],"rotation":{"angle":-45,"axis":"x","origin":[8,0.00321,7.02272]},"faces":{"north":{"uv":[8,2.5,9,3.5],"texture":"#1"},"east":{"uv":[3.5,9,4,10],"texture":"#1"},"south":{"uv":[8,3.5,9,4.5],"texture":"#1"},"west":{"uv":[9,3.5,9.5,4.5],"texture":"#1"},"up":{"uv":[10,5,9,4.5],"texture":"#1"},"down":{"uv":[6,9,5,9.5],"texture":"#1"}}},{"from":[6.977,-1.23352,7.04045],"to":[9.023,-0.24352,8.55845],"rotation":{"angle":0,"axis":"y","origin":[8,-0.36727,7.6757]},"faces":{"north":{"uv":[9,5,10,5.5],"texture":"#1"},"east":{"uv":[9.5,0,10.25,0.5],"texture":"#1"},"south":{"uv":[9,5.5,10,6],"texture":"#1"},"west":{"uv":[9.5,0.5,10.25,1],"texture":"#1"},"up":{"uv":[9,5.25,8,4.5],"texture":"#1"},"down":{"uv":[9,5.5,8,6.25],"texture":"#1"}}},{"from":[7.274,2.70151,6.13817],"to":[8.726,5.67151,6.79817],"rotation":{"angle":45,"axis":"x","origin":[8,4.64026,7.66442]},"faces":{"north":{"uv":[7.5,0,8.25,1.5],"texture":"#1"},"east":{"uv":[9,6,9.25,7.5],"texture":"#1"},"south":{"uv":[3.5,7.5,4.25,9],"texture":"#1"},"west":{"uv":[8,9,8.25,10.5],"texture":"#1"},"up":{"uv":[10.75,1.75,10,1.5],"texture":"#1"},"down":{"uv":[2.75,10,2,10.25],"texture":"#1"}}},{"from":[7.505,4.64026,7.30142],"to":[8.495,9.78826,8.29142],"rotation":{"angle":0,"axis":"y","origin":[8,9.26026,7.79642]},"faces":{"north":{"uv":[7,6,7.5,8.5],"texture":"#1"},"east":{"uv":[2,7.5,2.5,10],"texture":"#1"},"south":{"uv":[2.5,7.5,3,10],"texture":"#1"},"west":{"uv":[3,7.5,3.5,10],"texture":"#1"},"up":{"uv":[8,2,7.5,1.5],"texture":"#1"},"down":{"uv":[8.5,7.5,8,8],"texture":"#1"}}},{"from":[7.373,9.59026,7.16942],"to":[8.627,13.74826,8.42342],"rotation":{"angle":0,"axis":"y","origin":[8,9.26026,7.79642]},"faces":{"north":{"uv":[6,4.5,6.75,6.5],"texture":"#1"},"east":{"uv":[6.5,0,7.25,2],"texture":"#1"},"south":{"uv":[6,6.5,6.75,8.5],"texture":"#1"},"west":{"uv":[7,2,7.75,4],"texture":"#1"},"up":{"uv":[9.25,8.25,8.5,7.5],"texture":"#1"},"down":{"uv":[9.25,8.5,8.5,9.25],"texture":"#1"}}},{"from":[7.505,12.72526,8.29142],"to":[8.165,13.38526,10.60142],"rotation":{"angle":45,"axis":"z","origin":[8,13.22026,12.91142]},"faces":{"north":{"uv":[10,2,10.25,2.25],"texture":"#1"},"east":{"uv":[9.5,6,10.75,6.25],"texture":"#1"},"south":{"uv":[10,2.5,10.25,2.75],"texture":"#1"},"west":{"uv":[9.5,6.5,10.75,6.75],"texture":"#1"},"up":{"uv":[6.75,10.75,6.5,9.5],"texture":"#1"},"down":{"uv":[7.25,9.5,7,10.75],"texture":"#1"}}},{"from":[7.175,12.39526,10.60142],"to":[8.495,13.71526,11.59142],"rotation":{"angle":45,"axis":"z","origin":[8,13.22026,12.58142]},"faces":{"north":{"uv":[8,6.5,8.75,7.25],"texture":"#1"},"east":{"uv":[1,9.5,1.5,10.25],"texture":"#1"},"south":{"uv":[7.5,8,8.25,8.75],"texture":"#1"},"west":{"uv":[1.5,9.5,2,10.25],"texture":"#1"},"up":{"uv":[10.25,1.5,9.5,1],"texture":"#1"},"down":{"uv":[10.25,3.5,9.5,4],"texture":"#1"}}},{"from":[7.505,10.08526,8.29142],"to":[8.165,10.74526,10.60142],"rotation":{"angle":45,"axis":"z","origin":[8,10.58026,12.91142]},"faces":{"north":{"uv":[3,10,3.25,10.25],"texture":"#1"},"east":{"uv":[9.5,7,10.75,7.25],"texture":"#1"},"south":{"uv":[10,3,10.25,3.25],"texture":"#1"},"west":{"uv":[9.5,7.5,10.75,7.75],"texture":"#1"},"up":{"uv":[9.75,9.25,9.5,8],"texture":"#1"},"down":{"uv":[8.75,9.5,8.5,10.75],"texture":"#1"}}},{"from":[7.175,9.75526,10.60142],"to":[8.495,11.07526,11.59142],"rotation":{"angle":45,"axis":"z","origin":[8,10.58026,12.58142]},"faces":{"north":{"uv":[8.5,0,9.25,0.75],"texture":"#1"},"east":{"uv":[4.5,9.5,5,10.25],"texture":"#1"},"south":{"uv":[6,8.5,6.75,9.25],"texture":"#1"},"west":{"uv":[5,9.5,5.5,10.25],"texture":"#1"},"up":{"uv":[10.25,4.5,9.5,4],"texture":"#1"},"down":{"uv":[6.25,9.5,5.5,10],"texture":"#1"}}},{"from":[8,-7.5,1.675],"to":[8,4.5,6.675],"rotation":{"angle":0,"axis":"y","origin":[8,8,8]},"faces":{"north":{"uv":[0,0,0,6],"texture":"#1"},"east":{"uv":[0,0,2.5,6],"texture":"#1"},"south":{"uv":[0,0,0,6],"texture":"#1"},"west":{"uv":[2.5,0,5,6],"texture":"#1"},"up":{"uv":[0,2.5,0,0],"texture":"#1"},"down":{"uv":[0,0,0,2.5],"texture":"#1"}}},{"from":[8,-7.5,8.725],"to":[8,4.5,13.725],"rotation":{"angle":0,"axis":"y","origin":[8,8,8]},"faces":{"north":{"uv":[0,0,0,6],"texture":"#1"},"east":{"uv":[2.5,0,0,6],"texture":"#1"},"south":{"uv":[0,0,0,6],"texture":"#1"},"west":{"uv":[5,0,2.5,6],"texture":"#1"},"up":{"uv":[0,0,0,2.5],"texture":"#1"},"down":{"uv":[0,2.5,0,0],"texture":"#1"}}}],"gui_light":"front","display":{"thirdperson_righthand":{"rotation":[160,0,180],"translation":[0,2,-0.5],"scale":[0.50742,0.50742,0.50742]},"thirdperson_lefthand":{"rotation":[160,0,180],"translation":[0,2,-0.5],"scale":[0.50742,0.50742,0.50742]},"firstperson_righthand":{"rotation":[-90,180,0],"translation":[2.25,3,0],"scale":[0.48047,0.48047,0.48047]},"firstperson_lefthand":{"rotation":[-90,180,0],"translation":[2.25,3,0],"scale":[0.48047,0.48047,0.48047]},"ground":{"rotation":[0,0,180],"translation":[0,5,0],"scale":[0.6,0.6,0.6]},"gui":{"rotation":[90,-90,-90],"translation":[0,-3,0],"scale":[0.77594,0.77594,0.77594]},"head":{"scale":[0,0,0]},"fixed":{"rotation":[180,90,0],"translation":[0.25,-5.25,-1.5],"scale":[1.4,1.4,1.4]}}}