{
	"credit": "MadewithBlockbench",
	"texture_size": [64, 64],
	"textures": {
		"1": "elitecreatures/carnivoret_weapon_set/shield",
		"particle": "elitecreatures/carnivoret_weapon_set/shield"
	},
	"elements": [
		{
			"from": [6.775, 15.2375, 2.2515],
			"to": [9.225, 17.7375, 5.1015],
			"rotation": {"angle": 22.5, "axis": "x", "origin": [8, 16.62008, 3.6]},
			"faces": {
				"north": {"uv": [8.5, 3.25, 9.125, 3.875], "texture": "#1"},
				"east": {"uv": [7.75, 2.75, 8.5, 3.375], "texture": "#1"},
				"south": {"uv": [4, 8.5, 4.625, 9.125], "texture": "#1"},
				"west": {"uv": [7.75, 3.5, 8.5, 4.125], "texture": "#1"},
				"up": {"uv": [8.375, 5, 7.75, 4.25], "texture": "#1"},
				"down": {"uv": [7.875, 7.75, 7.25, 8.5], "texture": "#1"}
			}
		},
		{
			"from": [6.075, 16.4875, 3.2515],
			"to": [6.775, 18.7375, 4.1015],
			"rotation": {"angle": 22.5, "axis": "x", "origin": [8, 16.62008, 3.6]},
			"faces": {
				"north": {"uv": [11.25, 4.5, 11.375, 5.125], "texture": "#1"},
				"east": {"uv": [9.75, 10.25, 10, 10.875], "texture": "#1"},
				"south": {"uv": [4.75, 11.25, 4.875, 11.875], "texture": "#1"},
				"west": {"uv": [10.25, 9.75, 10.5, 10.375], "texture": "#1"},
				"up": {"uv": [11.625, 7, 11.5, 6.75], "texture": "#1"},
				"down": {"uv": [11.625, 7, 11.5, 7.25], "texture": "#1"}
			}
		},
		{
			"from": [6.775, 15.2375, 0.6515],
			"to": [9.225, 16.7375, 2.2515],
			"rotation": {"angle": 22.5, "axis": "x", "origin": [8, 16.62008, 3.6]},
			"faces": {
				"north": {"uv": [9.75, 6.75, 10.375, 7.125], "texture": "#1"},
				"east": {"uv": [10.75, 5.5, 11.125, 5.875], "texture": "#1"},
				"south": {"uv": [7.25, 9.75, 7.875, 10.125], "texture": "#1"},
				"west": {"uv": [10.75, 6, 11.125, 6.375], "texture": "#1"},
				"up": {"uv": [10.125, 10.125, 9.5, 9.75], "texture": "#1"},
				"down": {"uv": [10.625, 1, 10, 1.375], "texture": "#1"}
			}
		},
		{
			"from": [9.225, 16.4875, 3.2515],
			"to": [9.925, 18.7375, 4.1015],
			"rotation": {"angle": 22.5, "axis": "x", "origin": [8, 16.62008, 3.6]},
			"faces": {
				"north": {"uv": [11.25, 3, 11.375, 3.625], "texture": "#1"},
				"east": {"uv": [7.75, 10.25, 8, 10.875], "texture": "#1"},
				"south": {"uv": [11.25, 3.75, 11.375, 4.375], "texture": "#1"},
				"west": {"uv": [9.5, 10.25, 9.75, 10.875], "texture": "#1"},
				"up": {"uv": [11.625, 6.5, 11.5, 6.25], "texture": "#1"},
				"down": {"uv": [11.625, 6.5, 11.5, 6.75], "texture": "#1"}
			}
		},
		{
			"from": [6.88525, 13.905, 0.7235],
			"to": [9.11475, 15.27, 0.7235],
			"rotation": {"angle": 22.5, "axis": "x", "origin": [8, 16.62008, 3.6]},
			"faces": {
				"north": {"uv": [10.25, 1.5, 10.75, 1.875], "texture": "#1"},
				"east": {"uv": [0, 0, 0, 0.375], "texture": "#1"},
				"south": {"uv": [10.25, 2, 10.75, 2.375], "texture": "#1"},
				"west": {"uv": [0, 0, 0, 0.375], "texture": "#1"},
				"up": {"uv": [0.5, 0, 0, 0], "texture": "#1"},
				"down": {"uv": [0.5, 0, 0, 0], "texture": "#1"}
			}
		},
		{
			"from": [8.88525, 13.905, 0.7235],
			"to": [9.11475, 15.27, 2.1795],
			"rotation": {"angle": 22.5, "axis": "x", "origin": [8, 16.62008, 3.6]},
			"faces": {
				"north": {"uv": [11.5, 4, 11.625, 4.375], "texture": "#1"},
				"east": {"uv": [10.75, 0, 11.125, 0.375], "texture": "#1"},
				"south": {"uv": [4.25, 11.5, 4.375, 11.875], "texture": "#1"},
				"west": {"uv": [4.75, 10.75, 5.125, 11.125], "texture": "#1"},
				"up": {"uv": [11.625, 4.875, 11.5, 4.5], "texture": "#1"},
				"down": {"uv": [5.125, 11.5, 5, 11.875], "texture": "#1"}
			}
		},
		{
			"from": [7.09595, 14.59592, 0.7611],
			"to": [8.90405, 15.70292, 2.6419],
			"rotation": {"angle": 22.5, "axis": "x", "origin": [8, 16.62008, 3.6]},
			"faces": {
				"north": {"uv": [8.5, 10.75, 9, 11], "texture": "#1"},
				"east": {"uv": [10.75, 9, 11.25, 9.25], "texture": "#1"},
				"south": {"uv": [10.75, 9.25, 11.25, 9.5], "texture": "#1"},
				"west": {"uv": [10.75, 9.5, 11.25, 9.75], "texture": "#1"},
				"up": {"uv": [10, 9.75, 9.5, 9.25], "texture": "#1"},
				"down": {"uv": [10.25, 0, 9.75, 0.5], "texture": "#1"}
			}
		},
		{
			"from": [7.025, 13.9875, 2.5015],
			"to": [8.975, 15.2375, 4.8515],
			"rotation": {"angle": 22.5, "axis": "x", "origin": [8, 16.62008, 3.6]},
			"faces": {
				"north": {"uv": [10.75, 7.5, 11.25, 7.75], "texture": "#1"},
				"east": {"uv": [10.25, 8.5, 10.875, 8.75], "texture": "#1"},
				"south": {"uv": [10.75, 7.75, 11.25, 8], "texture": "#1"},
				"west": {"uv": [10.25, 8.75, 10.875, 9], "texture": "#1"},
				"up": {"uv": [9, 8.625, 8.5, 8], "texture": "#1"},
				"down": {"uv": [9, 8.75, 8.5, 9.375], "texture": "#1"}
			}
		},
		{
			"from": [7.425, 16.65, 7],
			"to": [8.575, 17.95, 9],
			"rotation": {"angle": 0, "axis": "y", "origin": [8, 16.77279, 8]},
			"faces": {
				"north": {"uv": [11, 1.5, 11.25, 1.875], "texture": "#1"},
				"east": {"uv": [9, 10, 9.5, 10.375], "texture": "#1"},
				"south": {"uv": [11, 3.5, 11.25, 3.875], "texture": "#1"},
				"west": {"uv": [10.25, 0, 10.75, 0.375], "texture": "#1"},
				"up": {"uv": [8, 5.5, 7.75, 5], "texture": "#1"},
				"down": {"uv": [5.5, 10.75, 5.25, 11.25], "texture": "#1"}
			}
		},
		{
			"from": [7.45, 16.88127, 6.47901],
			"to": [8.55, 18.30627, 7.87901],
			"rotation": {"angle": 45, "axis": "x", "origin": [8, 16.77279, 8]},
			"faces": {
				"north": {"uv": [4, 11, 4.25, 11.375], "texture": "#1"},
				"east": {"uv": [10.5, 3.5, 10.875, 3.875], "texture": "#1"},
				"south": {"uv": [11, 4, 11.25, 4.375], "texture": "#1"},
				"west": {"uv": [10.5, 4, 10.875, 4.375], "texture": "#1"},
				"up": {"uv": [4.5, 11.375, 4.25, 11], "texture": "#1"},
				"down": {"uv": [11.25, 4.5, 11, 4.875], "texture": "#1"}
			}
		},
		{
			"from": [7.45, 15.99739, 7.3629],
			"to": [8.55, 17.42239, 8.7629],
			"rotation": {"angle": 45, "axis": "x", "origin": [8, 16.77279, 8]},
			"faces": {
				"north": {"uv": [11, 5, 11.25, 5.375], "texture": "#1"},
				"east": {"uv": [10.5, 4.5, 10.875, 4.875], "texture": "#1"},
				"south": {"uv": [7.25, 11, 7.5, 11.375], "texture": "#1"},
				"west": {"uv": [10.5, 5, 10.875, 5.375], "texture": "#1"},
				"up": {"uv": [7.75, 11.375, 7.5, 11], "texture": "#1"},
				"down": {"uv": [8, 11, 7.75, 11.375], "texture": "#1"}
			}
		},
		{
			"from": [7.6, 15.60772, 8.50906],
			"to": [8.4, 16.85772, 9.60906],
			"rotation": {"angle": -45, "axis": "x", "origin": [8, 16.77279, 8]},
			"faces": {
				"north": {"uv": [11, 8.75, 11.25, 9], "texture": "#1"},
				"east": {"uv": [5, 11.25, 5.25, 11.5], "texture": "#1"},
				"south": {"uv": [5.25, 11.25, 5.5, 11.5], "texture": "#1"},
				"west": {"uv": [11.25, 5.25, 11.5, 5.5], "texture": "#1"},
				"up": {"uv": [11.5, 5.75, 11.25, 5.5], "texture": "#1"},
				"down": {"uv": [11.5, 5.75, 11.25, 6], "texture": "#1"}
			}
		},
		{
			"from": [7.575, 14.13674, 8.96161],
			"to": [8.425, 17.08674, 9.96161],
			"rotation": {"angle": 0, "axis": "y", "origin": [8, 16.77279, 8]},
			"faces": {
				"north": {"uv": [4.75, 10, 5, 10.75], "texture": "#1"},
				"east": {"uv": [5, 10, 5.25, 10.75], "texture": "#1"},
				"south": {"uv": [5.25, 10, 5.5, 10.75], "texture": "#1"},
				"west": {"uv": [10, 7.25, 10.25, 8], "texture": "#1"},
				"up": {"uv": [11.5, 6.25, 11.25, 6], "texture": "#1"},
				"down": {"uv": [11.5, 6.25, 11.25, 6.5], "texture": "#1"}
			}
		},
		{
			"from": [7.6, 15.60772, 6.39094],
			"to": [8.4, 16.85772, 7.49094],
			"rotation": {"angle": 45, "axis": "x", "origin": [8, 16.77279, 8]},
			"faces": {
				"north": {"uv": [11.25, 7, 11.5, 7.25], "texture": "#1"},
				"east": {"uv": [11.25, 7.25, 11.5, 7.5], "texture": "#1"},
				"south": {"uv": [11.25, 7.5, 11.5, 7.75], "texture": "#1"},
				"west": {"uv": [11.25, 7.75, 11.5, 8], "texture": "#1"},
				"up": {"uv": [11.5, 8.25, 11.25, 8], "texture": "#1"},
				"down": {"uv": [11.5, 8.25, 11.25, 8.5], "texture": "#1"}
			}
		},
		{
			"from": [7.575, 14.13674, 6.03839],
			"to": [8.425, 17.08674, 7.03839],
			"rotation": {"angle": 0, "axis": "y", "origin": [8, 16.77279, 8]},
			"faces": {
				"north": {"uv": [10, 8, 10.25, 8.75], "texture": "#1"},
				"east": {"uv": [8.5, 10, 8.75, 10.75], "texture": "#1"},
				"south": {"uv": [8.75, 10, 9, 10.75], "texture": "#1"},
				"west": {"uv": [10, 8.75, 10.25, 9.5], "texture": "#1"},
				"up": {"uv": [11.5, 6.75, 11.25, 6.5], "texture": "#1"},
				"down": {"uv": [11.5, 6.75, 11.25, 7], "texture": "#1"}
			}
		},
		{
			"from": [7.975, -9.65, 8.9],
			"to": [8.025, 17.45, 15.3],
			"rotation": {"angle": 0, "axis": "y", "origin": [8, 8, 8]},
			"faces": {
				"north": {"uv": [5.5, 6.75, 5.625, 13.5], "texture": "#1"},
				"east": {"uv": [0, 0, 1.625, 6.75], "texture": "#1"},
				"south": {"uv": [5.75, 6.75, 5.875, 13.5], "texture": "#1"},
				"west": {"uv": [1.75, 0, 3.375, 6.75], "texture": "#1"},
				"up": {"uv": [8.125, 11.375, 8, 9.75], "texture": "#1"},
				"down": {"uv": [8.375, 9.75, 8.25, 11.375], "texture": "#1"}
			}
		},
		{
			"from": [7.33128, -9.65, 15.54593],
			"to": [7.38128, 17.45, 18.94593],
			"rotation": {"angle": 45, "axis": "y", "origin": [7.35628, 8, 14.64593]},
			"faces": {
				"north": {"uv": [6, 6.75, 6.125, 13.5], "texture": "#1"},
				"east": {"uv": [0, 6.75, 0.875, 13.5], "texture": "#1"},
				"south": {"uv": [6.25, 6.75, 6.375, 13.5], "texture": "#1"},
				"west": {"uv": [1, 6.75, 1.875, 13.5], "texture": "#1"},
				"up": {"uv": [10.875, 10.625, 10.75, 9.75], "texture": "#1"},
				"down": {"uv": [10.875, 10.75, 10.75, 11.625], "texture": "#1"}
			}
		},
		{
			"from": [7.975, -9.65, 0.7],
			"to": [8.025, 17.45, 7.1],
			"rotation": {"angle": 0, "axis": "y", "origin": [8, 8, 8]},
			"faces": {
				"north": {"uv": [7, 0, 7.125, 6.75], "texture": "#1"},
				"east": {"uv": [3.5, 0, 5.125, 6.75], "texture": "#1"},
				"south": {"uv": [7, 6.75, 7.125, 13.5], "texture": "#1"},
				"west": {"uv": [5.25, 0, 6.875, 6.75], "texture": "#1"},
				"up": {"uv": [10.125, 3.125, 10, 1.5], "texture": "#1"},
				"down": {"uv": [4.625, 10, 4.5, 11.625], "texture": "#1"}
			}
		},
		{
			"from": [7.33128, -9.65, -2.94593],
			"to": [7.38128, 17.45, 0.45407],
			"rotation": {"angle": -45, "axis": "y", "origin": [7.35628, 8, 1.35407]},
			"faces": {
				"north": {"uv": [6.5, 6.75, 6.625, 13.5], "texture": "#1"},
				"east": {"uv": [2, 6.75, 2.875, 13.5], "texture": "#1"},
				"south": {"uv": [6.75, 6.75, 6.875, 13.5], "texture": "#1"},
				"west": {"uv": [3, 6.75, 3.875, 13.5], "texture": "#1"},
				"up": {"uv": [11.125, 1.375, 11, 0.5], "texture": "#1"},
				"down": {"uv": [11.125, 2.5, 11, 3.375], "texture": "#1"}
			}
		},
		{
			"from": [7.15, 2.15, 6.55],
			"to": [8.85, 8.65, 9.45],
			"rotation": {"angle": 0, "axis": "y", "origin": [8, 1.75, 8]},
			"faces": {
				"north": {"uv": [7.25, 2, 7.625, 3.625], "texture": "#1"},
				"east": {"uv": [4, 6.75, 4.75, 8.375], "texture": "#1"},
				"south": {"uv": [7.25, 3.75, 7.625, 5.375], "texture": "#1"},
				"west": {"uv": [4.75, 6.75, 5.5, 8.375], "texture": "#1"},
				"up": {"uv": [9.375, 4.75, 9, 4], "texture": "#1"},
				"down": {"uv": [9.375, 7.25, 9, 8], "texture": "#1"}
			}
		},
		{
			"from": [7.8, 10.15, 12.15],
			"to": [8.2, 14.65, 13.45],
			"rotation": {"angle": 0, "axis": "y", "origin": [8, 1.75, 8]},
			"faces": {
				"north": {"uv": [10, 10.25, 10.125, 11.375], "texture": "#1"},
				"east": {"uv": [8, 0, 8.375, 1.125], "texture": "#1"},
				"south": {"uv": [10.5, 5.5, 10.625, 6.625], "texture": "#1"},
				"west": {"uv": [8, 5, 8.375, 6.125], "texture": "#1"},
				"up": {"uv": [11.625, 0.875, 11.5, 0.5], "texture": "#1"},
				"down": {"uv": [11.625, 1, 11.5, 1.375], "texture": "#1"}
			}
		},
		{
			"from": [7.825, 11.75, 8.45],
			"to": [8.175, 13.05, 12.95],
			"rotation": {"angle": -22.5, "axis": "x", "origin": [8, 12.4, 12.8]},
			"faces": {
				"north": {"uv": [11.5, 1.5, 11.625, 1.875], "texture": "#1"},
				"east": {"uv": [8, 1.25, 9.125, 1.625], "texture": "#1"},
				"south": {"uv": [11.5, 2, 11.625, 2.375], "texture": "#1"},
				"west": {"uv": [8, 6.25, 9.125, 6.625], "texture": "#1"},
				"up": {"uv": [10.625, 7.875, 10.5, 6.75], "texture": "#1"},
				"down": {"uv": [9.125, 10.5, 9, 11.625], "texture": "#1"}
			}
		},
		{
			"from": [7.825, 11.75, 3.05],
			"to": [8.175, 13.05, 7.55],
			"rotation": {"angle": 22.5, "axis": "x", "origin": [8, 12.4, 3.2]},
			"faces": {
				"north": {"uv": [11.625, 2, 11.5, 2.375], "texture": "#1"},
				"east": {"uv": [9.125, 1.25, 8, 1.625], "texture": "#1"},
				"south": {"uv": [11.625, 1.5, 11.5, 1.875], "texture": "#1"},
				"west": {"uv": [9.125, 6.25, 8, 6.625], "texture": "#1"},
				"up": {"uv": [10.625, 6.75, 10.5, 7.875], "texture": "#1"},
				"down": {"uv": [9.125, 11.625, 9, 10.5], "texture": "#1"}
			}
		},
		{
			"from": [7.8, 10.15, 2.55],
			"to": [8.2, 14.65, 3.85],
			"rotation": {"angle": 0, "axis": "y", "origin": [8, 1.75, 8]},
			"faces": {
				"north": {"uv": [9.25, 10.5, 9.375, 11.625], "texture": "#1"},
				"east": {"uv": [8, 6.75, 8.375, 7.875], "texture": "#1"},
				"south": {"uv": [10.5, 9.75, 10.625, 10.875], "texture": "#1"},
				"west": {"uv": [8, 8, 8.375, 9.125], "texture": "#1"},
				"up": {"uv": [11.625, 2.875, 11.5, 2.5], "texture": "#1"},
				"down": {"uv": [11.625, 3, 11.5, 3.375], "texture": "#1"}
			}
		},
		{
			"from": [7.125, 3.14627, 11.00434],
			"to": [8.875, 5.19627, 13.05434],
			"rotation": {"angle": -45, "axis": "x", "origin": [8, -1.70373, 12.45434]},
			"faces": {
				"north": {"uv": [9.5, 7.25, 10, 7.75], "texture": "#1"},
				"east": {"uv": [9.5, 7.75, 10, 8.25], "texture": "#1"},
				"south": {"uv": [9.5, 8.25, 10, 8.75], "texture": "#1"},
				"west": {"uv": [8.5, 9.5, 9, 10], "texture": "#1"},
				"up": {"uv": [10, 9.25, 9.5, 8.75], "texture": "#1"},
				"down": {"uv": [9.5, 9.5, 9, 10], "texture": "#1"}
			}
		},
		{
			"from": [7.15, 10.15, 6.55],
			"to": [8.85, 14.35, 9.45],
			"rotation": {"angle": 0, "axis": "y", "origin": [8, 1.75, 8]},
			"faces": {
				"north": {"uv": [8.5, 4, 8.875, 5], "texture": "#1"},
				"east": {"uv": [7.25, 0, 8, 1], "texture": "#1"},
				"south": {"uv": [4.75, 8.5, 5.125, 9.5], "texture": "#1"},
				"west": {"uv": [7.25, 1, 8, 2], "texture": "#1"},
				"up": {"uv": [9.375, 8.75, 9, 8], "texture": "#1"},
				"down": {"uv": [9.375, 8.75, 9, 9.5], "texture": "#1"}
			}
		},
		{
			"from": [7.75, 13.4, 4.7],
			"to": [8.25, 14.8, 7.5],
			"rotation": {"angle": 0, "axis": "y", "origin": [8, 14.63694, 4.93978]},
			"faces": {
				"north": {"uv": [11.25, 10.5, 11.375, 10.875], "texture": "#1"},
				"east": {"uv": [9.25, 1.25, 10, 1.625], "texture": "#1"},
				"south": {"uv": [11, 11.25, 11.125, 11.625], "texture": "#1"},
				"west": {"uv": [9.25, 1.75, 10, 2.125], "texture": "#1"},
				"up": {"uv": [8.875, 11.75, 8.75, 11], "texture": "#1"},
				"down": {"uv": [9.625, 11, 9.5, 11.75], "texture": "#1"}
			}
		},
		{
			"from": [7.85, 13.68322, 3.25776],
			"to": [8.15, 14.78322, 5.55776],
			"rotation": {"angle": 45, "axis": "x", "origin": [8, 14.63694, 4.93978]},
			"faces": {
				"north": {"uv": [11.5, 5.75, 11.625, 6], "texture": "#1"},
				"east": {"uv": [9, 4.75, 9.625, 5], "texture": "#1"},
				"south": {"uv": [11.5, 6, 11.625, 6.25], "texture": "#1"},
				"west": {"uv": [10, 9.5, 10.625, 9.75], "texture": "#1"},
				"up": {"uv": [11.375, 2.125, 11.25, 1.5], "texture": "#1"},
				"down": {"uv": [11.375, 2.25, 11.25, 2.875], "texture": "#1"}
			}
		},
		{
			"from": [7.85, 13.68322, 10.44224],
			"to": [8.15, 14.78322, 12.74224],
			"rotation": {"angle": -45, "axis": "x", "origin": [8, 14.63694, 11.06022]},
			"faces": {
				"north": {"uv": [11.625, 6, 11.5, 6.25], "texture": "#1"},
				"east": {"uv": [9.625, 4.75, 9, 5], "texture": "#1"},
				"south": {"uv": [11.625, 5.75, 11.5, 6], "texture": "#1"},
				"west": {"uv": [10.625, 9.5, 10, 9.75], "texture": "#1"},
				"up": {"uv": [11.375, 1.5, 11.25, 2.125], "texture": "#1"},
				"down": {"uv": [11.375, 2.875, 11.25, 2.25], "texture": "#1"}
			}
		},
		{
			"from": [7.025, 13.9875, 11.1485],
			"to": [8.975, 15.2375, 13.4985],
			"rotation": {"angle": -22.5, "axis": "x", "origin": [8, 16.62008, 12.4]},
			"faces": {
				"north": {"uv": [11.25, 7.75, 10.75, 8], "texture": "#1"},
				"east": {"uv": [10.875, 8.5, 10.25, 8.75], "texture": "#1"},
				"south": {"uv": [11.25, 7.5, 10.75, 7.75], "texture": "#1"},
				"west": {"uv": [10.875, 8.75, 10.25, 9], "texture": "#1"},
				"up": {"uv": [9, 8, 8.5, 8.625], "texture": "#1"},
				"down": {"uv": [9, 9.375, 8.5, 8.75], "texture": "#1"}
			}
		},
		{
			"from": [7.09595, 14.59592, 13.3581],
			"to": [8.90405, 15.70292, 15.2389],
			"rotation": {"angle": -22.5, "axis": "x", "origin": [8, 16.62008, 12.4]},
			"faces": {
				"north": {"uv": [11.25, 9.25, 10.75, 9.5], "texture": "#1"},
				"east": {"uv": [11.25, 9, 10.75, 9.25], "texture": "#1"},
				"south": {"uv": [9, 10.75, 8.5, 11], "texture": "#1"},
				"west": {"uv": [11.25, 9.5, 10.75, 9.75], "texture": "#1"},
				"up": {"uv": [10, 9.25, 9.5, 9.75], "texture": "#1"},
				"down": {"uv": [10.25, 0.5, 9.75, 0], "texture": "#1"}
			}
		},
		{
			"from": [8.88525, 13.905, 13.8205],
			"to": [9.11475, 15.27, 15.2765],
			"rotation": {"angle": -22.5, "axis": "x", "origin": [8, 16.62008, 12.4]},
			"faces": {
				"north": {"uv": [4.375, 11.5, 4.25, 11.875], "texture": "#1"},
				"east": {"uv": [11.125, 0, 10.75, 0.375], "texture": "#1"},
				"south": {"uv": [11.625, 4, 11.5, 4.375], "texture": "#1"},
				"west": {"uv": [5.125, 10.75, 4.75, 11.125], "texture": "#1"},
				"up": {"uv": [11.625, 4.5, 11.5, 4.875], "texture": "#1"},
				"down": {"uv": [5.125, 11.875, 5, 11.5], "texture": "#1"}
			}
		},
		{
			"from": [6.88525, 13.905, 15.2765],
			"to": [9.11475, 15.27, 15.2765],
			"rotation": {"angle": -22.5, "axis": "x", "origin": [8, 16.62008, 12.4]},
			"faces": {
				"north": {"uv": [10.75, 2, 10.25, 2.375], "texture": "#1"},
				"east": {"uv": [0, 0, 0, 0.375], "texture": "#1"},
				"south": {"uv": [10.75, 1.5, 10.25, 1.875], "texture": "#1"},
				"west": {"uv": [0, 0, 0, 0.375], "texture": "#1"},
				"up": {"uv": [0.5, 0, 0, 0], "texture": "#1"},
				"down": {"uv": [0.5, 0, 0, 0], "texture": "#1"}
			}
		},
		{
			"from": [9.225, 16.4875, 11.8985],
			"to": [9.925, 18.7375, 12.7485],
			"rotation": {"angle": -22.5, "axis": "x", "origin": [8, 16.62008, 12.4]},
			"faces": {
				"north": {"uv": [11.375, 3.75, 11.25, 4.375], "texture": "#1"},
				"east": {"uv": [8, 10.25, 7.75, 10.875], "texture": "#1"},
				"south": {"uv": [11.375, 3, 11.25, 3.625], "texture": "#1"},
				"west": {"uv": [9.75, 10.25, 9.5, 10.875], "texture": "#1"},
				"up": {"uv": [11.625, 6.25, 11.5, 6.5], "texture": "#1"},
				"down": {"uv": [11.625, 6.75, 11.5, 6.5], "texture": "#1"}
			}
		},
		{
			"from": [6.775, 15.2375, 13.7485],
			"to": [9.225, 16.7375, 15.3485],
			"rotation": {"angle": -22.5, "axis": "x", "origin": [8, 16.62008, 12.4]},
			"faces": {
				"north": {"uv": [7.875, 9.75, 7.25, 10.125], "texture": "#1"},
				"east": {"uv": [11.125, 5.5, 10.75, 5.875], "texture": "#1"},
				"south": {"uv": [10.375, 6.75, 9.75, 7.125], "texture": "#1"},
				"west": {"uv": [11.125, 6, 10.75, 6.375], "texture": "#1"},
				"up": {"uv": [10.125, 9.75, 9.5, 10.125], "texture": "#1"},
				"down": {"uv": [10.625, 1.375, 10, 1], "texture": "#1"}
			}
		},
		{
			"from": [6.075, 16.4875, 11.8985],
			"to": [6.775, 18.7375, 12.7485],
			"rotation": {"angle": -22.5, "axis": "x", "origin": [8, 16.62008, 12.4]},
			"faces": {
				"north": {"uv": [4.875, 11.25, 4.75, 11.875], "texture": "#1"},
				"east": {"uv": [10, 10.25, 9.75, 10.875], "texture": "#1"},
				"south": {"uv": [11.375, 4.5, 11.25, 5.125], "texture": "#1"},
				"west": {"uv": [10.5, 9.75, 10.25, 10.375], "texture": "#1"},
				"up": {"uv": [11.625, 6.75, 11.5, 7], "texture": "#1"},
				"down": {"uv": [11.625, 7.25, 11.5, 7], "texture": "#1"}
			}
		},
		{
			"from": [6.775, 15.2375, 10.8985],
			"to": [9.225, 17.7375, 13.7485],
			"rotation": {"angle": -22.5, "axis": "x", "origin": [8, 16.62008, 12.4]},
			"faces": {
				"north": {"uv": [4.625, 8.5, 4, 9.125], "texture": "#1"},
				"east": {"uv": [8.5, 2.75, 7.75, 3.375], "texture": "#1"},
				"south": {"uv": [9.125, 3.25, 8.5, 3.875], "texture": "#1"},
				"west": {"uv": [8.5, 3.5, 7.75, 4.125], "texture": "#1"},
				"up": {"uv": [8.375, 4.25, 7.75, 5], "texture": "#1"},
				"down": {"uv": [7.875, 8.5, 7.25, 7.75], "texture": "#1"}
			}
		},
		{
			"from": [7.75, 13.4, 8.5],
			"to": [8.25, 14.8, 11.3],
			"rotation": {"angle": 0, "axis": "y", "origin": [8, 14.63694, 11.06022]},
			"faces": {
				"north": {"uv": [11.25, 11, 11.375, 11.375], "texture": "#1"},
				"east": {"uv": [9.25, 2.25, 10, 2.625], "texture": "#1"},
				"south": {"uv": [11.5, 0, 11.625, 0.375], "texture": "#1"},
				"west": {"uv": [9.25, 2.75, 10, 3.125], "texture": "#1"},
				"up": {"uv": [9.875, 11.75, 9.75, 11], "texture": "#1"},
				"down": {"uv": [11.125, 9.75, 11, 10.5], "texture": "#1"}
			}
		},
		{
			"from": [7.4, 8.65, 6.8],
			"to": [8.6, 10.15, 9.2],
			"rotation": {"angle": 0, "axis": "y", "origin": [8, 2.25, 8]},
			"faces": {
				"north": {"uv": [11, 8, 11.25, 8.375], "texture": "#1"},
				"east": {"uv": [9.75, 5.75, 10.375, 6.125], "texture": "#1"},
				"south": {"uv": [8.5, 11, 8.75, 11.375], "texture": "#1"},
				"west": {"uv": [9.75, 6.25, 10.375, 6.625], "texture": "#1"},
				"up": {"uv": [10.5, 7.875, 10.25, 7.25], "texture": "#1"},
				"down": {"uv": [7.75, 10.25, 7.5, 10.875], "texture": "#1"}
			}
		},
		{
			"from": [7, 13.8, 7],
			"to": [9, 15.8, 9],
			"rotation": {"angle": 45, "axis": "x", "origin": [8, 14.8, 8]},
			"faces": {
				"north": {"uv": [7.25, 9.25, 7.75, 9.75], "texture": "#1"},
				"east": {"uv": [8, 9.25, 8.5, 9.75], "texture": "#1"},
				"south": {"uv": [9.5, 3.75, 10, 4.25], "texture": "#1"},
				"west": {"uv": [9.5, 4.25, 10, 4.75], "texture": "#1"},
				"up": {"uv": [5, 10, 4.5, 9.5], "texture": "#1"},
				"down": {"uv": [5.5, 9.5, 5, 10], "texture": "#1"}
			}
		},
		{
			"from": [8.8, 10.6, 7.5],
			"to": [13.8, 11.6, 8.5],
			"rotation": {"angle": 0, "axis": "y", "origin": [8, 8, 8]},
			"faces": {
				"north": {"uv": [8.5, 1, 9.75, 1.25], "texture": "#1"},
				"east": {"uv": [9.25, 3.75, 9.5, 4], "texture": "#1"},
				"south": {"uv": [8.5, 5, 9.75, 5.25], "texture": "#1"},
				"west": {"uv": [4.5, 9.25, 4.75, 9.5], "texture": "#1"},
				"up": {"uv": [9.75, 5.5, 8.5, 5.25], "texture": "#1"},
				"down": {"uv": [9.75, 5.5, 8.5, 5.75], "texture": "#1"}
			}
		},
		{
			"from": [12.8, 6.5, 7.5],
			"to": [13.8, 10.6, 8.5],
			"rotation": {"angle": 0, "axis": "y", "origin": [10.2, 11.4, 8]},
			"faces": {
				"north": {"uv": [5.25, 8.5, 5.5, 9.5], "texture": "#1"},
				"east": {"uv": [7.75, 8.5, 8, 9.5], "texture": "#1"},
				"south": {"uv": [4, 9.25, 4.25, 10.25], "texture": "#1"},
				"west": {"uv": [4.25, 9.25, 4.5, 10.25], "texture": "#1"},
				"up": {"uv": [11.25, 2.25, 11, 2], "texture": "#1"},
				"down": {"uv": [11.25, 8.5, 11, 8.75], "texture": "#1"}
			}
		},
		{
			"from": [8.8, 5.5, 7.5],
			"to": [13.8, 6.5, 8.5],
			"rotation": {"angle": 0, "axis": "y", "origin": [8, 8, 8]},
			"faces": {
				"north": {"uv": [8.5, 5.75, 9.75, 6], "texture": "#1"},
				"east": {"uv": [7.75, 9.5, 8, 9.75], "texture": "#1"},
				"south": {"uv": [8.5, 6, 9.75, 6.25], "texture": "#1"},
				"west": {"uv": [9.75, 1, 10, 1.25], "texture": "#1"},
				"up": {"uv": [9.75, 7, 8.5, 6.75], "texture": "#1"},
				"down": {"uv": [9.75, 7, 8.5, 7.25], "texture": "#1"}
			}
		}
	],
	"gui_light": "front",
	"display": {
		"thirdperson_righthand": {
			"rotation": [32, -90, 0],
			"translation": [0, -0.25, -1.25]
		},
		"thirdperson_lefthand": {
			"rotation": [32, 90, 0],
			"translation": [0, -0.25, -1.25]
		},
		"firstperson_righthand": {
			"rotation": [90, -77.5, 90],
			"translation": [-6.75, 2.5, -2.5],
			"scale": [0.7168, 0.7168, 0.7168]
		},
		"firstperson_lefthand": {
			"rotation": [90, 102.5, -90],
			"translation": [-6.75, 2.5, -2.5],
			"scale": [0.7168, 0.7168, 0.7168]
		},
		"ground": {
			"translation": [0, 9, 0],
			"scale": [0.75, 0.75, 0.75]
		},
		"gui": {
			"rotation": [0, 90, 0],
			"translation": [0, 0.5, 0],
			"scale": [0.65461, 0.65461, 0.65461]
		},
		"head": {
			"scale": [0, 0, 0]
		},
		"fixed": {
			"rotation": [0, -90, 0],
			"translation": [0, 0, -3.5],
			"scale": [2.5, 2.5, 2.5]
		}
	}
}