{"credit":"MadewithBlockbench","texture_size":[64,64],"textures":{"1":"elitecreatures/carnivoret_weapon_set/spear","particle":"elitecreatures/carnivoret_weapon_set/spear"},"elements":[{"from":[7.125,-0.675,7.125],"to":[8.875,0.575,8.875],"rotation":{"angle":0,"axis":"y","origin":[8,-0.29179,8]},"faces":{"north":{"uv":[4.25,8.5,4.75,8.875],"texture":"#1"},"east":{"uv":[8.5,5.25,9,5.625],"texture":"#1"},"south":{"uv":[5.5,8.5,6,8.875],"texture":"#1"},"west":{"uv":[8.5,5.75,9,6.125],"texture":"#1"},"up":{"uv":[6,8.5,5.5,8],"texture":"#1"},"down":{"uv":[8.5,5.5,8,6],"texture":"#1"}}},{"from":[7.325,0.37141,6.29187],"to":[8.675,3.52141,7.64187],"rotation":{"angle":-22.5,"axis":"x","origin":[8,3.43959,7.9]},"faces":{"north":{"uv":[8,2.5,8.375,3.25],"texture":"#1"},"east":{"uv":[8,3.25,8.375,4],"texture":"#1"},"south":{"uv":[8,4,8.375,4.75],"texture":"#1"},"west":{"uv":[8,4.75,8.375,5.5],"texture":"#1"},"up":{"uv":[6.375,9.375,6,9],"texture":"#1"},"down":{"uv":[6.875,9,6.5,9.375],"texture":"#1"}}},{"from":[7.325,4.12744,7.08861],"to":[8.675,7.47744,8.43861],"rotation":{"angle":-22.5,"axis":"x","origin":[8,7.39562,8.69674]},"faces":{"north":{"uv":[0,7.5,0.375,8.375],"texture":"#1"},"east":{"uv":[0.5,7.5,0.875,8.375],"texture":"#1"},"south":{"uv":[1,7.5,1.375,8.375],"texture":"#1"},"west":{"uv":[1.5,7.5,1.875,8.375],"texture":"#1"},"up":{"uv":[8.375,9.375,8,9],"texture":"#1"},"down":{"uv":[9.375,8,9,8.375],"texture":"#1"}}},{"from":[7.325,2.17477,8.78992],"to":[8.675,3.74977,11.03992],"rotation":{"angle":-22.5,"axis":"x","origin":[8,0.66795,9.04805]},"faces":{"north":{"uv":[7.5,9,7.875,9.375],"texture":"#1"},"east":{"uv":[8.25,1.5,8.875,1.875],"texture":"#1"},"south":{"uv":[9,7.5,9.375,7.875],"texture":"#1"},"west":{"uv":[8.25,2,8.875,2.375],"texture":"#1"},"up":{"uv":[0.375,9.125,0,8.5],"texture":"#1"},"down":{"uv":[0.875,8.5,0.5,9.125],"texture":"#1"}}},{"from":[7,-1.21276,7.42097],"to":[9,0.28724,8.92097],"rotation":{"angle":45,"axis":"x","origin":[8,-0.29179,8]},"faces":{"north":{"uv":[6,8.5,6.5,8.875],"texture":"#1"},"east":{"uv":[9,6.5,9.375,6.875],"texture":"#1"},"south":{"uv":[8.5,6.25,9,6.625],"texture":"#1"},"west":{"uv":[9,7,9.375,7.375],"texture":"#1"},"up":{"uv":[7,8.875,6.5,8.5],"texture":"#1"},"down":{"uv":[9,6.75,8.5,7.125],"texture":"#1"}}},{"from":[7.125,5.40314,7.43854],"to":[8.875,6.95314,8.98854],"rotation":{"angle":45,"axis":"x","origin":[8,6.40654,8]},"faces":{"north":{"uv":[8,8.5,8.5,8.875],"texture":"#1"},"east":{"uv":[9.25,1,9.625,1.375],"texture":"#1"},"south":{"uv":[8.5,8.25,9,8.625],"texture":"#1"},"west":{"uv":[9.25,2.5,9.625,2.875],"texture":"#1"},"up":{"uv":[9.25,0.375,8.75,0],"texture":"#1"},"down":{"uv":[9.25,0.5,8.75,0.875],"texture":"#1"}}},{"from":[7.025,6.09404,6.83551],"to":[8.975,7.34404,9.18551],"rotation":{"angle":0,"axis":"y","origin":[8,6.40654,8]},"faces":{"north":{"uv":[8.75,1,9.25,1.375],"texture":"#1"},"east":{"uv":[8.5,3,9.125,3.375],"texture":"#1"},"south":{"uv":[8.75,3.5,9.25,3.875],"texture":"#1"},"west":{"uv":[3.25,8.5,3.875,8.875],"texture":"#1"},"up":{"uv":[8,5.625,7.5,5],"texture":"#1"},"down":{"uv":[8,5.75,7.5,6.375],"texture":"#1"}}},{"from":[6.775,7.34404,6.58551],"to":[9.225,9.84404,9.43551],"rotation":{"angle":0,"axis":"y","origin":[8,4.65654,8]},"faces":{"north":{"uv":[6.75,3.75,7.375,4.375],"texture":"#1"},"east":{"uv":[5.5,5.5,6.25,6.125],"texture":"#1"},"south":{"uv":[6.75,4.5,7.375,5.125],"texture":"#1"},"west":{"uv":[5.5,6.25,6.25,6.875],"texture":"#1"},"up":{"uv":[6.875,6.25,6.25,5.5],"texture":"#1"},"down":{"uv":[6.875,6.25,6.25,7],"texture":"#1"}}},{"from":[6.775,7.34404,4.98551],"to":[9.225,8.84404,6.58551],"rotation":{"angle":0,"axis":"y","origin":[8,4.65654,9.15]},"faces":{"north":{"uv":[1,8.5,1.625,8.875],"texture":"#1"},"east":{"uv":[9,8.5,9.375,8.875],"texture":"#1"},"south":{"uv":[1.75,8.5,2.375,8.875],"texture":"#1"},"west":{"uv":[9,9,9.375,9.375],"texture":"#1"},"up":{"uv":[3.125,8.875,2.5,8.5],"texture":"#1"},"down":{"uv":[9.125,2.5,8.5,2.875],"texture":"#1"}}},{"from":[7.09595,6.70246,5.09511],"to":[8.90405,7.80946,6.97591],"rotation":{"angle":0,"axis":"y","origin":[8,6.92796,5.85751]},"faces":{"north":{"uv":[9.25,6.25,9.75,6.5],"texture":"#1"},"east":{"uv":[9.5,5.5,10,5.75],"texture":"#1"},"south":{"uv":[6,9.5,6.5,9.75],"texture":"#1"},"west":{"uv":[6.5,9.5,7,9.75],"texture":"#1"},"up":{"uv":[6.5,8.5,6,8],"texture":"#1"},"down":{"uv":[8.5,6,8,6.5],"texture":"#1"}}},{"from":[6.88525,6.01154,5.05751],"to":[9.11475,7.37654,5.05751],"rotation":{"angle":0,"axis":"y","origin":[8,5.28592,8.8472]},"faces":{"north":{"uv":[8.5,7.25,9,7.625],"texture":"#1"},"east":{"uv":[0,0,0,0.375],"texture":"#1"},"south":{"uv":[8.5,7.75,9,8.125],"texture":"#1"},"west":{"uv":[0,0,0,0.375],"texture":"#1"},"up":{"uv":[0.5,0,0,0],"texture":"#1"},"down":{"uv":[0.5,0,0,0],"texture":"#1"}}},{"from":[6.88525,6.01154,5.05751],"to":[6.88525,7.37654,6.51351],"rotation":{"angle":0,"axis":"y","origin":[8,5.28592,8.8472]},"faces":{"north":{"uv":[0,0,0,0.375],"texture":"#1"},"east":{"uv":[0.5,9.25,0.875,9.625],"texture":"#1"},"south":{"uv":[0,0,0,0.375],"texture":"#1"},"west":{"uv":[9.25,0.5,9.625,0.875],"texture":"#1"},"up":{"uv":[0,0.375,0,0],"texture":"#1"},"down":{"uv":[0,0,0,0.375],"texture":"#1"}}},{"from":[8.88525,6.01154,5.05751],"to":[9.11475,7.37654,6.51351],"rotation":{"angle":0,"axis":"y","origin":[8,5.28592,8.8472]},"faces":{"north":{"uv":[6.25,9.75,6.375,10.125],"texture":"#1"},"east":{"uv":[0,9.25,0.375,9.625],"texture":"#1"},"south":{"uv":[9.75,6.25,9.875,6.625],"texture":"#1"},"west":{"uv":[9.25,0,9.625,0.375],"texture":"#1"},"up":{"uv":[6.625,10.125,6.5,9.75],"texture":"#1"},"down":{"uv":[6.875,9.75,6.75,10.125],"texture":"#1"}}},{"from":[6.075,8.59404,7.58551],"to":[6.775,10.84404,8.43551],"rotation":{"angle":0,"axis":"y","origin":[6.425,9.71904,8.01051]},"faces":{"north":{"uv":[1.25,9.75,1.375,10.375],"texture":"#1"},"east":{"uv":[3.75,9,4,9.625],"texture":"#1"},"south":{"uv":[1.5,9.75,1.625,10.375],"texture":"#1"},"west":{"uv":[5.5,9,5.75,9.625],"texture":"#1"},"up":{"uv":[9.875,7,9.75,6.75],"texture":"#1"},"down":{"uv":[9.875,7,9.75,7.25],"texture":"#1"}}},{"from":[9.225,8.59404,7.58551],"to":[9.925,10.84404,8.43551],"rotation":{"angle":0,"axis":"y","origin":[9.575,9.71904,8.01051]},"faces":{"north":{"uv":[9.75,2.5,9.875,3.125],"texture":"#1"},"east":{"uv":[5.75,9,6,9.625],"texture":"#1"},"south":{"uv":[9.75,3.25,9.875,3.875],"texture":"#1"},"west":{"uv":[9,5.75,9.25,6.375],"texture":"#1"},"up":{"uv":[9.875,7.5,9.75,7.25],"texture":"#1"},"down":{"uv":[9.875,7.5,9.75,7.75],"texture":"#1"}}},{"from":[7.425,25.85,7],"to":[8.575,27.15,9],"rotation":{"angle":0,"axis":"y","origin":[8,25.97279,8]},"faces":{"north":{"uv":[7.75,9.5,8,9.875],"texture":"#1"},"east":{"uv":[8.75,4.75,9.25,5.125],"texture":"#1"},"south":{"uv":[8,9.5,8.25,9.875],"texture":"#1"},"west":{"uv":[9,1.5,9.5,1.875],"texture":"#1"},"up":{"uv":[8,3,7.75,2.5],"texture":"#1"},"down":{"uv":[5.5,9.25,5.25,9.75],"texture":"#1"}}},{"from":[7.45,26.08127,6.47901],"to":[8.55,27.50627,7.87901],"rotation":{"angle":45,"axis":"x","origin":[8,25.97279,8]},"faces":{"north":{"uv":[9.5,8,9.75,8.375],"texture":"#1"},"east":{"uv":[9.25,3,9.625,3.375],"texture":"#1"},"south":{"uv":[8.25,9.5,8.5,9.875],"texture":"#1"},"west":{"uv":[9.25,3.5,9.625,3.875],"texture":"#1"},"up":{"uv":[8.75,9.875,8.5,9.5],"texture":"#1"},"down":{"uv":[9.75,8.5,9.5,8.875],"texture":"#1"}}},{"from":[7.45,25.19739,7.3629],"to":[8.55,26.62239,8.7629],"rotation":{"angle":45,"axis":"x","origin":[8,25.97279,8]},"faces":{"north":{"uv":[8.75,9.5,9,9.875],"texture":"#1"},"east":{"uv":[9.25,4.5,9.625,4.875],"texture":"#1"},"south":{"uv":[9,9.5,9.25,9.875],"texture":"#1"},"west":{"uv":[4.75,9.25,5.125,9.625],"texture":"#1"},"up":{"uv":[9.75,9.375,9.5,9],"texture":"#1"},"down":{"uv":[9.5,9.5,9.25,9.875],"texture":"#1"}}},{"from":[7.6,24.80772,8.50906],"to":[8.4,26.05772,9.60906],"rotation":{"angle":-45,"axis":"x","origin":[8,25.97279,8]},"faces":{"north":{"uv":[9.5,6.5,9.75,6.875],"texture":"#1"},"east":{"uv":[9.5,7,9.75,7.375],"texture":"#1"},"south":{"uv":[7.5,9.5,7.75,9.875],"texture":"#1"},"west":{"uv":[9.5,7.5,9.75,7.875],"texture":"#1"},"up":{"uv":[7,5.5,6.75,5.25],"texture":"#1"},"down":{"uv":[9.25,4.5,9,4.75],"texture":"#1"}}},{"from":[7.575,23.33674,8.96161],"to":[8.425,26.28674,9.96161],"rotation":{"angle":0,"axis":"y","origin":[8,25.97279,8]},"faces":{"north":{"uv":[7.25,3,7.5,3.75],"texture":"#1"},"east":{"uv":[4.75,8.5,5,9.25],"texture":"#1"},"south":{"uv":[8.75,4,9,4.75],"texture":"#1"},"west":{"uv":[8.5,8.75,8.75,9.5],"texture":"#1"},"up":{"uv":[9.5,5.25,9.25,5],"texture":"#1"},"down":{"uv":[10,1,9.75,1.25],"texture":"#1"}}},{"from":[7.6,24.80772,6.39094],"to":[8.4,26.05772,7.49094],"rotation":{"angle":45,"axis":"x","origin":[8,25.97279,8]},"faces":{"north":{"uv":[9.75,4.5,10,4.75],"texture":"#1"},"east":{"uv":[4.75,9.75,5,10],"texture":"#1"},"south":{"uv":[9.75,4.75,10,5],"texture":"#1"},"west":{"uv":[5,9.75,5.25,10],"texture":"#1"},"up":{"uv":[5.5,10,5.25,9.75],"texture":"#1"},"down":{"uv":[5.75,9.75,5.5,10],"texture":"#1"}}},{"from":[7.575,23.33674,6.03839],"to":[8.425,26.28674,7.03839],"rotation":{"angle":0,"axis":"y","origin":[8,25.97279,8]},"faces":{"north":{"uv":[8.75,8.75,9,9.5],"texture":"#1"},"east":{"uv":[1,9,1.25,9.75],"texture":"#1"},"south":{"uv":[1.25,9,1.5,9.75],"texture":"#1"},"west":{"uv":[1.5,9,1.75,9.75],"texture":"#1"},"up":{"uv":[10,1.5,9.75,1.25],"texture":"#1"},"down":{"uv":[4,9.75,3.75,10],"texture":"#1"}}},{"from":[7.95,-10.14296,7.4],"to":[8.05,0.85704,14.4],"rotation":{"angle":-22.5,"axis":"x","origin":[8,-3.04296,8]},"faces":{"north":{"uv":[7,7.25,7.125,10],"texture":"#1"},"east":{"uv":[5,0,6.75,2.75],"texture":"#1"},"south":{"uv":[7.25,7.25,7.375,10],"texture":"#1"},"west":{"uv":[5,2.75,6.75,5.5],"texture":"#1"},"up":{"uv":[8.625,5.25,8.5,3.5],"texture":"#1"},"down":{"uv":[4.125,8.5,4,10.25],"texture":"#1"}}},{"from":[7.975,17.03506,-0.5344],"to":[8.025,32,9.1656],"rotation":{"angle":0,"axis":"y","origin":[8,0.81946,15.2156]},"faces":{"north":{"uv":[6.75,0,6.875,3.75],"texture":"#1"},"east":{"uv":[0,3.75,2.375,7.5],"texture":"#1"},"south":{"uv":[7,0,7.125,3.75],"texture":"#1"},"west":{"uv":[2.5,3.75,4.875,7.5],"texture":"#1"},"up":{"uv":[7.875,8.875,7.75,6.5],"texture":"#1"},"down":{"uv":[8.125,0,8,2.375],"texture":"#1"}}},{"from":[7.975,16.43506,9.5344],"to":[8.025,31.4,19.2344],"rotation":{"angle":0,"axis":"y","origin":[8,0.81946,0.7844]},"faces":{"north":{"uv":[5,5.5,5.125,9.25],"texture":"#1"},"east":{"uv":[0,0,2.375,3.75],"texture":"#1"},"south":{"uv":[5.25,5.5,5.375,9.25],"texture":"#1"},"west":{"uv":[2.5,0,4.875,3.75],"texture":"#1"},"up":{"uv":[7.625,8.875,7.5,6.5],"texture":"#1"},"down":{"uv":[7.875,0,7.75,2.375],"texture":"#1"}}},{"from":[7.15,13.75,7.15],"to":[8.85,17.25,8.85],"rotation":{"angle":0,"axis":"y","origin":[8,10.35,8]},"faces":{"north":{"uv":[2,7.5,2.375,8.375],"texture":"#1"},"east":{"uv":[2.5,7.5,2.875,8.375],"texture":"#1"},"south":{"uv":[3,7.5,3.375,8.375],"texture":"#1"},"west":{"uv":[7.5,3,7.875,3.875],"texture":"#1"},"up":{"uv":[9.625,6.125,9.25,5.75],"texture":"#1"},"down":{"uv":[9.875,1.5,9.5,1.875],"texture":"#1"}}},{"from":[7.15,18.75,7.15],"to":[8.85,22.95,8.85],"rotation":{"angle":0,"axis":"y","origin":[8,10.35,8]},"faces":{"north":{"uv":[7,5.25,7.375,6.25],"texture":"#1"},"east":{"uv":[5.5,7,5.875,8],"texture":"#1"},"south":{"uv":[6,7,6.375,8],"texture":"#1"},"west":{"uv":[7,6.25,7.375,7.25],"texture":"#1"},"up":{"uv":[2.125,9.875,1.75,9.5],"texture":"#1"},"down":{"uv":[9.875,2,9.5,2.375],"texture":"#1"}}},{"from":[7.4,17.25,7.4],"to":[8.6,18.75,8.6],"rotation":{"angle":0,"axis":"y","origin":[8,10.85,8]},"faces":{"north":{"uv":[9.5,9.5,9.75,9.875],"texture":"#1"},"east":{"uv":[0,9.75,0.25,10.125],"texture":"#1"},"south":{"uv":[9.75,0,10,0.375],"texture":"#1"},"west":{"uv":[0.25,9.75,0.5,10.125],"texture":"#1"},"up":{"uv":[6,10,5.75,9.75],"texture":"#1"},"down":{"uv":[10,5.75,9.75,6],"texture":"#1"}}},{"from":[7.15,9.55,7.15],"to":[8.85,13.75,8.85],"rotation":{"angle":0,"axis":"y","origin":[8,1.15,8]},"faces":{"north":{"uv":[6.5,7,6.875,8],"texture":"#1"},"east":{"uv":[7.25,0,7.625,1],"texture":"#1"},"south":{"uv":[7.25,1,7.625,2],"texture":"#1"},"west":{"uv":[7.25,2,7.625,3],"texture":"#1"},"up":{"uv":[2.625,9.875,2.25,9.5],"texture":"#1"},"down":{"uv":[3.125,9.5,2.75,9.875],"texture":"#1"}}},{"from":[7,22.4,7],"to":[9,24.4,9],"rotation":{"angle":45,"axis":"x","origin":[8,23.4,8]},"faces":{"north":{"uv":[6.5,8,7,8.5],"texture":"#1"},"east":{"uv":[8,6.5,8.5,7],"texture":"#1"},"south":{"uv":[8,7,8.5,7.5],"texture":"#1"},"west":{"uv":[8,7.5,8.5,8],"texture":"#1"},"up":{"uv":[8.5,8.5,8,8],"texture":"#1"},"down":{"uv":[8.75,0,8.25,0.5],"texture":"#1"}}}],"gui_light":"front","display":{"thirdperson_righthand":{"translation":[0,1.5,1.75],"scale":[0.85,0.85,0.85]},"thirdperson_lefthand":{"translation":[0,1.5,1.75],"scale":[0.85,0.85,0.85]},"firstperson_righthand":{"rotation":[6,0,0],"translation":[3.5,2,0],"scale":[0.46328,0.46328,0.46328]},"firstperson_lefthand":{"rotation":[6,0,0],"translation":[3.5,2,0],"scale":[0.46328,0.46328,0.46328]},"ground":{"rotation":[-45,0,0],"translation":[0,6,0],"scale":[0.6,0.6,0.6]},"gui":{"rotation":[90,45,-90],"translation":[-3.25,-3.75,0],"scale":[0.60992,0.60992,0.60992]},"head":{"scale":[0,0,0]},"fixed":{"rotation":[0,-90,0],"translation":[0,-11.5,-2.25],"scale":[2.2,2.2,2.2]}}}