{
  "registers": {
    "charmander": {
      "normal": {
        "isShiny": false,
        "status": "CAUGHT",
        "discoveredTimestamp": 1728851978116,
        "caughtTimestamp": 1728851978116
      }
    },
    "quaxly": {
      "normal": {
        "isShiny": false,
        "status": "CAUGHT",
        "discoveredTimestamp": 1728852197944,
        "caughtTimestamp": 1728852197944
      }
    },
    "beedrill": {
      "normal": {
        "isShiny": false,
        "status": "SEEN",
        "discoveredTimestamp": 1728852207594
      }
    },
    "lechonk": {
      "normal": {
        "isShiny": false,
        "status": "SEEN",
        "discoveredTimestamp": 1728852212406
      }
    },
    "pachirisu": {
      "normal": {
        "isShiny": false,
        "status": "SEEN",
        "discoveredTimestamp": 1728852216723
      }
    },
    "buneary": {
      "normal": {
        "isShiny": false,
        "status": "SEEN",
        "discoveredTimestamp": 1728852218120
      }
    },
    "sentret": {
      "normal": {
        "isShiny": false,
        "status": "SEEN",
        "discoveredTimestamp": 1728852239353
      }
    },
    "ariados": {
      "normal": {
        "isShiny": false,
        "status": "SEEN",
        "discoveredTimestamp": 1728852266675
      }
    },
    "venipede": {
      "normal": {
        "isShiny": false,
        "status": "SEEN",
        "discoveredTimestamp": 1728852273019
      }
    },
    "mudkip": {
      "normal": {
        "isShiny": false,
        "status": "CAUGHT",
        "discoveredTimestamp": 1728852275354,
        "caughtTimestamp": 1728852275354
      }
    },
    "hariyama": {
      "normal": {
        "isShiny": false,
        "status": "CAUGHT",
        "discoveredTimestamp": 1728852472251,
        "caughtTimestamp": 1728852472251
      }
    },
    "wooloo": {
      "normal": {
        "isShiny": false,
        "status": "SEEN",
        "discoveredTimestamp": 1728852616494
      }
    },
    "zigzagoon": {
      "normal": {
        "isShiny": false,
        "status": "SEEN",
        "discoveredTimestamp": 1728852620843
      }
    },
    "taillow": {
      "normal": {
        "isShiny": false,
        "status": "SEEN",
        "discoveredTimestamp": 1728852622014
      }
    },
    "mareep": {
      "normal": {
        "isShiny": false,
        "status": "SEEN",
        "discoveredTimestamp": 1728852630416
      }
    },
    "bouffalant": {
      "normal": {
        "isShiny": false,
        "status": "CAUGHT",
        "discoveredTimestamp": 1728852635509,
        "caughtTimestamp": 1728852830103
      }
    },
    "combee": {
      "normal": {
        "isShiny": false,
        "status": "SEEN",
        "discoveredTimestamp": 1728852639646
      }
    },
    "furret": {
      "normal": {
        "isShiny": false,
        "status": "SEEN",
        "discoveredTimestamp": 1728852654214
      }
    },
    "bunnelby": {
      "normal": {
        "isShiny": false,
        "status": "SEEN",
        "discoveredTimestamp": 1728852658514
      }
    },
    "mudsdale": {
      "normal": {
        "isShiny": false,
        "status": "SEEN",
        "discoveredTimestamp": 1728852665566
      }
    },
    "stonjourner": {
      "normal": {
        "isShiny": false,
        "status": "SEEN",
        "discoveredTimestamp": 1728852673065
      }
    },
    "misdreavus": {
      "normal": {
        "isShiny": false,
        "status": "SEEN",
        "discoveredTimestamp": 1728852975351
      }
    },
    "basculin": {
      "bluestriped": {
        "isShiny": false,
        "status": "SEEN",
        "discoveredTimestamp": 1728853067351
      }
    },
    "swinub": {
      "normal": {
        "isShiny": false,
        "status": "SEEN",
        "discoveredTimestamp": 1728853082751
      }
    },
    "ponyta": {
      "normal": {
        "isShiny": false,
        "status": "CAUGHT",
        "discoveredTimestamp": 1728853124097,
        "caughtTimestamp": 1728853124097
      }
    },
    "arctozolt": {
      "normal": {
        "isShiny": false,
        "status": "SEEN",
        "discoveredTimestamp": 1728853129301
      }
    },
    "riolu": {
      "normal": {
        "isShiny": false,
        "status": "SEEN",
        "discoveredTimestamp": 1728853151101
      }
    },
    "gible": {
      "normal": {
        "isShiny": false,
        "status": "SEEN",
        "discoveredTimestamp": 1728853174300
      }
    },
    "tirtouga": {
      "normal": {
        "isShiny": false,
        "status": "SEEN",
        "discoveredTimestamp": 1728853323451
      }
    },
    "dracovish": {
      "normal": {
        "isShiny": false,
        "status": "SEEN",
        "discoveredTimestamp": 1728853424299
      }
    },
    "tangela": {
      "normal": {
        "isShiny": false,
        "status": "SEEN",
        "discoveredTimestamp": 1728853829298
      }
    },
    "sizzlipede": {
      "normal": {
        "isShiny": false,
        "status": "SEEN",
        "discoveredTimestamp": 1728853897697
      }
    },
    "larvitar": {
      "normal": {
        "isShiny": false,
        "status": "SEEN",
        "discoveredTimestamp": 1728853964996
      }
    },
    "oddish": {
      "normal": {
        "isShiny": false,
        "status": "SEEN",
        "discoveredTimestamp": 1728854092446
      }
    },
    "cottonee": {
      "normal": {
        "isShiny": false,
        "status": "SEEN",
        "discoveredTimestamp": 1728854105696
      }
    },
    "raticate": {
      "normal": {
        "isShiny": false,
        "status": "SEEN",
        "discoveredTimestamp": 1728854109613
      }
    }
  }
}