{"SURVIVAL":{"bedSpawnLocation":{"==":"org.bukkit.Location","world":"world","x":-540.5,"y":119.1,"z":-38.5,"pitch":0.0,"yaw":75.7059},"inventoryContents":{"14":{"==":"org.bukkit.inventory.ItemStack","v":3465,"type":"GOLD_INGOT","amount":5},"17":{"==":"org.bukkit.inventory.ItemStack","v":3465,"type":"CRIMSON_PLANKS","amount":6},"0":{"==":"org.bukkit.inventory.ItemStack","v":3465,"type":"OAK_PLANKS"},"1":{"==":"org.bukkit.inventory.ItemStack","v":3465,"type":"STICK","amount":2},"2":{"==":"org.bukkit.inventory.ItemStack","v":3465,"type":"IRON_INGOT","amount":18},"3":{"==":"org.bukkit.inventory.ItemStack","v":3465,"type":"NETHERRACK","amount":49},"4":{"==":"org.bukkit.inventory.ItemStack","v":3465,"type":"NETHERRACK","amount":42},"5":{"==":"org.bukkit.inventory.ItemStack","v":3465,"type":"NETHERRACK","amount":64},"6":{"==":"org.bukkit.inventory.ItemStack","v":3465,"type":"NETHERRACK","amount":64},"7":{"==":"org.bukkit.inventory.ItemStack","v":3465,"type":"COBBLEMON_FIRE_STONE","amount":4},"8":{"==":"org.bukkit.inventory.ItemStack","v":3465,"type":"GOLDEN_PICKAXE","meta":{"==":"ItemMeta","meta-type":"UNSPECIFIC","Damage":11}}},"offHandItem":{"==":"org.bukkit.inventory.ItemStack","v":3465,"type":"AIR","amount":0},"potions":[],"armorContents":{},"enderChestContents":{},"stats":{"ex":"0.0","ma":"300","fl":"20","el":"0","hp":"20.0","xp":"0.8571429","txp":"6","sa":"5.0","fd":"0.0","ft":"-20","ra":"300"}}}