{"SURVIVAL":{"inventoryContents":{"0":{"==":"org.bukkit.inventory.ItemStack","v":3465,"type":"OAK_PLANKS"},"1":{"==":"org.bukkit.inventory.ItemStack","v":3465,"type":"GOLD_INGOT","amount":8},"2":{"==":"org.bukkit.inventory.ItemStack","v":3465,"type":"IRON_INGOT","amount":18}},"bedSpawnLocation":{"==":"org.bukkit.Location","world":"world","x":-540.5,"y":119.1,"z":-38.5,"pitch":0.0,"yaw":75.7059},"armorContents":{},"offHandItem":{"==":"org.bukkit.inventory.ItemStack","v":3465,"type":"AIR","amount":0},"enderChestContents":{},"potions":[],"stats":{"ex":"1.5860027","ma":"300","fl":"20","el":"0","xp":"0.0","hp":"20.0","txp":"0","sa":"3.0","fd":"0.0","ft":"-20","ra":"300"}}}