{"SURVIVAL":{"offHandItem":{"==":"org.bukkit.inventory.ItemStack","v":3465,"type":"AIR","amount":0},"armorContents":{},"potions":[],"enderChestContents":{},"inventoryContents":{"22":{"==":"org.bukkit.inventory.ItemStack","v":3465,"type":"CRAFTING_TABLE"},"25":{"==":"org.bukkit.inventory.ItemStack","v":3465,"type":"COBBLESTONE","amount":3},"28":{"==":"org.bukkit.inventory.ItemStack","v":3465,"type":"COBBLEMON_POKE_BALL","amount":6},"29":{"==":"org.bukkit.inventory.ItemStack","v":3465,"type":"COBBLEMON_RED_APRICORN_SEED"},"31":{"==":"org.bukkit.inventory.ItemStack","v":3465,"type":"COBBLEMON_RELIC_COIN","amount":34},"10":{"==":"org.bukkit.inventory.ItemStack","v":3465,"type":"COBBLEMON_ICE_HEAL","amount":2},"32":{"==":"org.bukkit.inventory.ItemStack","v":3465,"type":"PATCHOULI_GUIDE_BOOK","meta":{"==":"ItemMeta","meta-type":"UNSPECIFIC","internal":"H4sIAAAAAAAA\/+NiYOBg4CtILEnOyC\/NybRKys\/PZhDPTU1PzM3PK7aCMeLTSzNTUhkA0CAgXi4AAAA="}},"11":{"==":"org.bukkit.inventory.ItemStack","v":3465,"type":"COBBLEMON_ANTIDOTE"},"33":{"==":"org.bukkit.inventory.ItemStack","v":3465,"type":"JUNGLE_PLANKS","amount":4},"12":{"==":"org.bukkit.inventory.ItemStack","v":3465,"type":"COBBLEMON_YELLOW_APRICORN_SEED"},"13":{"==":"org.bukkit.inventory.ItemStack","v":3465,"type":"COBBLEMON_RED_APRICORN"},"35":{"==":"org.bukkit.inventory.ItemStack","v":3465,"type":"COBGYMS_LESSER_SHARD","amount":3},"14":{"==":"org.bukkit.inventory.ItemStack","v":3465,"type":"IRON_INGOT","amount":39},"15":{"==":"org.bukkit.inventory.ItemStack","v":3465,"type":"WHEAT","amount":9},"16":{"==":"org.bukkit.inventory.ItemStack","v":3465,"type":"COBBLEMON_BLUE_APRICORN","amount":7},"17":{"==":"org.bukkit.inventory.ItemStack","v":3465,"type":"COBBLED_DEEPSLATE","amount":15},"18":{"==":"org.bukkit.inventory.ItemStack","v":3465,"type":"BAMBOO","amount":14},"19":{"==":"org.bukkit.inventory.ItemStack","v":3465,"type":"COBBLEMON_PINK_APRICORN","amount":3},"0":{"==":"org.bukkit.inventory.ItemStack","v":3465,"type":"COBBLEDEX_COBBLEDEX_ITEM"},"1":{"==":"org.bukkit.inventory.ItemStack","v":3465,"type":"COBBLEMON_ORAN_BERRY","amount":10},"2":{"==":"org.bukkit.inventory.ItemStack","v":3465,"type":"COBBLEMON_YELLOW_APRICORN","amount":3},"3":{"==":"org.bukkit.inventory.ItemStack","v":3465,"type":"COBBLEMON_AWAKENING","amount":2},"4":{"==":"org.bukkit.inventory.ItemStack","v":3465,"type":"COBBLEMON_HEAL_BALL","amount":17},"7":{"==":"org.bukkit.inventory.ItemStack","v":3465,"type":"COBBLEMON_POTION","amount":7},"8":{"==":"org.bukkit.inventory.ItemStack","v":3465,"type":"IRON_PICKAXE","meta":{"==":"ItemMeta","meta-type":"UNSPECIFIC","Damage":111}},"9":{"==":"org.bukkit.inventory.ItemStack","v":3465,"type":"DIAMOND","amount":2},"20":{"==":"org.bukkit.inventory.ItemStack","v":3465,"type":"LAPIS_LAZULI","amount":50},"21":{"==":"org.bukkit.inventory.ItemStack","v":3465,"type":"STICK","amount":3}},"stats":{"ex":"0.3037116","ma":"300","fl":"6","el":"0","xp":"0.0","hp":"4.833335876464844","txp":"0","ft":"-20","fd":"0.0","sa":"0.0","ra":"300"}}}