{"SURVIVAL":{"potions":[],"inventoryContents":{"23":{"==":"org.bukkit.inventory.ItemStack","v":3465,"type":"CREATE_SUPER_GLUE"},"24":{"==":"org.bukkit.inventory.ItemStack","v":3465,"type":"CREATE_WRENCH"},"25":{"==":"org.bukkit.inventory.ItemStack","v":3465,"type":"COBBLEDEX_COBBLEDEX_ITEM"},"26":{"==":"org.bukkit.inventory.ItemStack","v":3465,"type":"COBBLEMON_WHITE_MINT_LEAF","amount":2},"27":{"==":"org.bukkit.inventory.ItemStack","v":3465,"type":"BONE_MEAL","amount":64},"11":{"==":"org.bukkit.inventory.ItemStack","v":3465,"type":"ARROW","amount":7},"13":{"==":"org.bukkit.inventory.ItemStack","v":3465,"type":"WATER_BUCKET"},"15":{"==":"org.bukkit.inventory.ItemStack","v":3465,"type":"PATCHOULI_GUIDE_BOOK","meta":{"==":"ItemMeta","meta-type":"UNSPECIFIC","internal":"H4sIAAAAAAAA\/+NiYOBg4CtILEnOyC\/NybRKys\/PZhDPTU1PzM3PK7aCMeLTSzNTUhkA0CAgXi4AAAA="}},"37":{"==":"org.bukkit.inventory.ItemStack","v":3465,"type":"IRON_LEGGINGS","meta":{"==":"ItemMeta","meta-type":"ARMOR","Damage":49}},"38":{"==":"org.bukkit.inventory.ItemStack","v":3465,"type":"IRON_CHESTPLATE","meta":{"==":"ItemMeta","meta-type":"ARMOR","Damage":49}},"39":{"==":"org.bukkit.inventory.ItemStack","v":3465,"type":"IRON_HELMET","meta":{"==":"ItemMeta","meta-type":"ARMOR","Damage":49}},"0":{"==":"org.bukkit.inventory.ItemStack","v":3465,"type":"IRON_PICKAXE","meta":{"==":"ItemMeta","meta-type":"UNSPECIFIC","enchants":{"DIG_SPEED":100,"DURABILITY":6},"Damage":90}},"1":{"==":"org.bukkit.inventory.ItemStack","v":3465,"type":"IRON_AXE","meta":{"==":"ItemMeta","meta-type":"UNSPECIFIC","enchants":{"DURABILITY":6,"DIG_SPEED":6},"Damage":28}},"2":{"==":"org.bukkit.inventory.ItemStack","v":3465,"type":"WOODEN_AXE"},"3":{"==":"org.bukkit.inventory.ItemStack","v":3465,"type":"BONE_MEAL","amount":64},"8":{"==":"org.bukkit.inventory.ItemStack","v":3465,"type":"OAK_DOOR"},"9":{"==":"org.bukkit.inventory.ItemStack","v":3465,"type":"COOKED_BEEF","amount":63},"21":{"==":"org.bukkit.inventory.ItemStack","v":3465,"type":"COAL","amount":23}},"bedSpawnLocation":{"==":"org.bukkit.Location","world":"world","x":-551.5,"y":117.0,"z":-162.5,"pitch":0.0,"yaw":51.13513},"armorContents":{"1":{"==":"org.bukkit.inventory.ItemStack","v":3465,"type":"IRON_LEGGINGS","meta":{"==":"ItemMeta","meta-type":"ARMOR","Damage":49}},"2":{"==":"org.bukkit.inventory.ItemStack","v":3465,"type":"IRON_CHESTPLATE","meta":{"==":"ItemMeta","meta-type":"ARMOR","Damage":49}},"3":{"==":"org.bukkit.inventory.ItemStack","v":3465,"type":"IRON_HELMET","meta":{"==":"ItemMeta","meta-type":"ARMOR","Damage":49}}},"offHandItem":{"==":"org.bukkit.inventory.ItemStack","v":3465,"type":"AIR","amount":0},"enderChestContents":{},"stats":{"ex":"3.6490486","ma":"300","fl":"15","el":"8","hp":"13.168335914611816","xp":"0.8260869","txp":"131","sa":"0.0","ft":"-20","fd":"0.0","ra":"300"}}}