{"SURVIVAL":{"enderChestContents":{},"potions":[],"armorContents":{},"bedSpawnLocation":{"==":"org.bukkit.Location","world":"spawn","x":-3.5,"y":1.1,"z":-27.5,"pitch":0.0,"yaw":0.0},"offHandItem":{"==":"org.bukkit.inventory.ItemStack","v":3465,"type":"AIR","amount":0},"inventoryContents":{"14":{"==":"org.bukkit.inventory.ItemStack","v":3465,"type":"CHEST","amount":3},"15":{"==":"org.bukkit.inventory.ItemStack","v":3465,"type":"OAK_LOG","amount":42},"0":{"==":"org.bukkit.inventory.ItemStack","v":3465,"type":"IRON_PICKAXE","meta":{"==":"ItemMeta","meta-type":"UNSPECIFIC","Damage":6}},"1":{"==":"org.bukkit.inventory.ItemStack","v":3465,"type":"IRON_AXE","meta":{"==":"ItemMeta","meta-type":"UNSPECIFIC","Damage":17}},"2":{"==":"org.bukkit.inventory.ItemStack","v":3465,"type":"IRON_SWORD"},"3":{"==":"org.bukkit.inventory.ItemStack","v":3465,"type":"JUSTHAMMERS_STONE_HAMMER","meta":{"==":"ItemMeta","meta-type":"UNSPECIFIC","enchants":{"DIG_SPEED":10},"Unbreakable":true}},"4":{"==":"org.bukkit.inventory.ItemStack","v":3465,"type":"JUSTHAMMERS_IRON_HAMMER","meta":{"==":"ItemMeta","meta-type":"UNSPECIFIC","enchants":{"DIG_SPEED":5},"Unbreakable":true}},"5":{"==":"org.bukkit.inventory.ItemStack","v":3465,"type":"COOKED_MUTTON","amount":56}},"stats":{"ex":"0.031348705","ma":"300","fl":"18","el":"11","xp":"0.62068963","hp":"20.0","txp":"205","sa":"9.6","ft":"-20","fd":"0.0","ra":"300"}}}