{"SURVIVAL":{"enderChestContents":{},"offHandItem":{"==":"org.bukkit.inventory.ItemStack","v":3465,"type":"AIR","amount":0},"potions":[],"armorContents":{},"bedSpawnLocation":{"==":"org.bukkit.Location","world":"spawn","x":-3.5,"y":1.1,"z":-27.5,"pitch":0.0,"yaw":0.0},"inventoryContents":{"17":{"==":"org.bukkit.inventory.ItemStack","v":3465,"type":"OAK_LOG","amount":46}},"stats":{"ex":"0.36020496","ma":"300","fl":"20","el":"0","hp":"20.0","xp":"0.0","txp":"0","ft":"-20","fd":"0.0","sa":"3.0","ra":"300"}}}