{"SURVIVAL":{"inventoryContents":{"10":{"==":"org.bukkit.inventory.ItemStack","v":3465,"type":"WOODEN_AXE"},"11":{"==":"org.bukkit.inventory.ItemStack","v":3465,"type":"OAK_PLANKS","amount":33},"12":{"==":"org.bukkit.inventory.ItemStack","v":3465,"type":"OAK_PLANKS","amount":33},"17":{"==":"org.bukkit.inventory.ItemStack","v":3465,"type":"JUSTHAMMERS_IRON_HAMMER","meta":{"==":"ItemMeta","meta-type":"UNSPECIFIC","enchants":{"DIG_SPEED":5},"Unbreakable":true}},"0":{"==":"org.bukkit.inventory.ItemStack","v":3465,"type":"IRON_SWORD","meta":{"==":"ItemMeta","meta-type":"UNSPECIFIC","display-name":"{\"extra\":[{\"bold\":false,\"italic\":false,\"underlined\":false,\"strikethrough\":false,\"obfuscated\":false,\"color\":\"#1488CC\",\"text\":\"ᴍ\"},{\"bold\":false,\"italic\":false,\"underlined\":false,\"strikethrough\":false,\"obfuscated\":false,\"color\":\"#1682CA\",\"text\":\"ᴀ\"},{\"bold\":false,\"italic\":false,\"underlined\":false,\"strikethrough\":false,\"obfuscated\":false,\"color\":\"#177DC9\",\"text\":\"ᴛ\"},{\"bold\":false,\"italic\":false,\"underlined\":false,\"strikethrough\":false,\"obfuscated\":false,\"color\":\"#1977C7\",\"text\":\"ᴀ \"},{\"bold\":false,\"italic\":false,\"underlined\":false,\"strikethrough\":false,\"obfuscated\":false,\"color\":\"#1C6BC3\",\"text\":\"ɢ\"},{\"bold\":false,\"italic\":false,\"underlined\":false,\"strikethrough\":false,\"obfuscated\":false,\"color\":\"#1D66C2\",\"text\":\"ɪ\"},{\"bold\":false,\"italic\":false,\"underlined\":false,\"strikethrough\":false,\"obfuscated\":false,\"color\":\"#1F60C0\",\"text\":\"ᴍ\"},{\"bold\":false,\"italic\":false,\"underlined\":false,\"strikethrough\":false,\"obfuscated\":false,\"color\":\"#205ABE\",\"text\":\"ᴍ\"},{\"bold\":false,\"italic\":false,\"underlined\":false,\"strikethrough\":false,\"obfuscated\":false,\"color\":\"#2254BC\",\"text\":\"ɪ\"},{\"bold\":false,\"italic\":false,\"underlined\":false,\"strikethrough\":false,\"obfuscated\":false,\"color\":\"#234FBB\",\"text\":\"ɢ\"},{\"bold\":false,\"italic\":false,\"underlined\":false,\"strikethrough\":false,\"obfuscated\":false,\"color\":\"#2549B9\",\"text\":\"ʜ\"},{\"bold\":false,\"italic\":false,\"underlined\":false,\"strikethrough\":false,\"obfuscated\":false,\"color\":\"#2643B7\",\"text\":\"ᴏ\"},{\"bold\":false,\"italic\":false,\"underlined\":false,\"strikethrough\":false,\"obfuscated\":false,\"color\":\"#283DB5\",\"text\":\"ᴜ\"},{\"bold\":false,\"italic\":false,\"underlined\":false,\"strikethrough\":false,\"obfuscated\":false,\"color\":\"#2938B4\",\"text\":\"ʟ\"},{\"bold\":false,\"italic\":false,\"underlined\":false,\"strikethrough\":false,\"obfuscated\":false,\"color\":\"#2B32B2\",\"text\":\"ꜱ\"}],\"text\":\"\"}","lore":["{\"extra\":[{\"bold\":false,\"italic\":false,\"underlined\":false,\"strikethrough\":false,\"obfuscated\":false,\"color\":\"white\",\"text\":\"ꜰɪʟᴏ \"},{\"bold\":false,\"italic\":false,\"underlined\":false,\"strikethrough\":false,\"obfuscated\":false,\"color\":\"#1488CC\",\"text\":\"7\"}],\"text\":\"\"}"],"enchants":{"DAMAGE_ALL":7},"ItemFlags":["HIDE_ENCHANTS","HIDE_ATTRIBUTES","HIDE_UNBREAKABLE","HIDE_DESTROYS","HIDE_PLACED_ON","HIDE_POTION_EFFECTS","HIDE_DYE","HIDE_ARMOR_TRIM"],"Unbreakable":true,"Damage":21}},"1":{"==":"org.bukkit.inventory.ItemStack","v":3465,"type":"IRON_PICKAXE","meta":{"==":"ItemMeta","meta-type":"UNSPECIFIC","enchants":{"DIG_SPEED":60,"LOOT_BONUS_BLOCKS":5},"Unbreakable":true}},"2":{"==":"org.bukkit.inventory.ItemStack","v":3465,"type":"IRON_AXE","meta":{"==":"ItemMeta","meta-type":"UNSPECIFIC","Damage":21}},"3":{"==":"org.bukkit.inventory.ItemStack","v":3465,"type":"JUSTHAMMERS_STONE_HAMMER","meta":{"==":"ItemMeta","meta-type":"UNSPECIFIC","enchants":{"DIG_SPEED":10},"Unbreakable":true}},"4":{"==":"org.bukkit.inventory.ItemStack","v":3465,"type":"COOKED_MUTTON","amount":47},"5":{"==":"org.bukkit.inventory.ItemStack","v":3465,"type":"WHITE_WOOL"},"7":{"==":"org.bukkit.inventory.ItemStack","v":3465,"type":"MUTTON"}},"bedSpawnLocation":{"==":"org.bukkit.Location","world":"world","x":-542.5,"y":119.1,"z":-38.5,"pitch":0.0,"yaw":89.199356},"armorContents":{},"offHandItem":{"==":"org.bukkit.inventory.ItemStack","v":3465,"type":"AIR","amount":0},"enderChestContents":{},"potions":[],"stats":{"ex":"3.4875884","ma":"300","fl":"20","el":"5","xp":"0.6764709","hp":"20.0","txp":"1245","sa":"5.6000004","fd":"0.0","ft":"-20","ra":"300"}}}