{"SURVIVAL":{"potions":[],"offHandItem":{"==":"org.bukkit.inventory.ItemStack","v":3465,"type":"AIR","amount":0},"armorContents":{},"bedSpawnLocation":{"==":"org.bukkit.Location","world":"world","x":-578.5,"y":111.1,"z":-53.5,"pitch":0.0,"yaw":-3.0064697},"enderChestContents":{},"inventoryContents":{"22":{"==":"org.bukkit.inventory.ItemStack","v":3465,"type":"IRON_INGOT","amount":2},"23":{"==":"org.bukkit.inventory.ItemStack","v":3465,"type":"CREATE_COGWHEEL"},"25":{"==":"org.bukkit.inventory.ItemStack","v":3465,"type":"LAPIS_LAZULI","amount":33},"30":{"==":"org.bukkit.inventory.ItemStack","v":3465,"type":"COBBLEMON_ENERGY_ROOT","amount":3},"31":{"==":"org.bukkit.inventory.ItemStack","v":3465,"type":"DIRT","amount":54},"10":{"==":"org.bukkit.inventory.ItemStack","v":3465,"type":"OAK_PLANKS"},"11":{"==":"org.bukkit.inventory.ItemStack","v":3465,"type":"CREATE_SHAFT","amount":7},"12":{"==":"org.bukkit.inventory.ItemStack","v":3465,"type":"ANDESITE","amount":2},"34":{"==":"org.bukkit.inventory.ItemStack","v":3465,"type":"STONE_SHOVEL","meta":{"==":"ItemMeta","meta-type":"UNSPECIFIC","Damage":50}},"13":{"==":"org.bukkit.inventory.ItemStack","v":3465,"type":"COBBLEMON_BLUE_APRICORN"},"14":{"==":"org.bukkit.inventory.ItemStack","v":3465,"type":"IRON_NUGGET"},"15":{"==":"org.bukkit.inventory.ItemStack","v":3465,"type":"CREATE_ANDESITE_ALLOY","amount":2},"16":{"==":"org.bukkit.inventory.ItemStack","v":3465,"type":"COBBLEMON_GREEN_APRICORN","amount":2},"17":{"==":"org.bukkit.inventory.ItemStack","v":3465,"type":"CREATE_ANDESITE_CASING","amount":17},"18":{"==":"org.bukkit.inventory.ItemStack","v":3465,"type":"COBBLEMON_GREEN_APRICORN_SEED"},"0":{"==":"org.bukkit.inventory.ItemStack","v":3465,"type":"COOKED_MUTTON","amount":2},"3":{"==":"org.bukkit.inventory.ItemStack","v":3465,"type":"EMERALD"},"4":{"==":"org.bukkit.inventory.ItemStack","v":3465,"type":"JUSTHAMMERS_IRON_HAMMER","meta":{"==":"ItemMeta","meta-type":"UNSPECIFIC","Damage":445}},"5":{"==":"org.bukkit.inventory.ItemStack","v":3465,"type":"IRON_PICKAXE","meta":{"==":"ItemMeta","meta-type":"UNSPECIFIC","Damage":37}},"6":{"==":"org.bukkit.inventory.ItemStack","v":3465,"type":"IRON_AXE","meta":{"==":"ItemMeta","meta-type":"UNSPECIFIC","Damage":68}},"7":{"==":"org.bukkit.inventory.ItemStack","v":3465,"type":"BLUE_DYE","amount":4},"8":{"==":"org.bukkit.inventory.ItemStack","v":3465,"type":"COBBLEMON_REMEDY","amount":2},"9":{"==":"org.bukkit.inventory.ItemStack","v":3465,"type":"COBBLEMON_YELLOW_APRICORN","amount":10},"20":{"==":"org.bukkit.inventory.ItemStack","v":3465,"type":"ROTTEN_FLESH"},"21":{"==":"org.bukkit.inventory.ItemStack","v":3465,"type":"OAK_DOOR","amount":2}},"stats":{"ex":"0.68651843","ma":"300","fl":"12","el":"5","xp":"0.17647073","hp":"1.8604803085327148","txp":"58","sa":"0.0","ft":"-20","fd":"0.0","ra":"300"}}}