{"SURVIVAL":{"inventoryContents":{"3":{"==":"org.bukkit.inventory.ItemStack","v":3465,"type":"DIAMOND_HELMET"},"4":{"==":"org.bukkit.inventory.ItemStack","v":3465,"type":"DIAMOND_BOOTS"},"5":{"==":"org.bukkit.inventory.ItemStack","v":3465,"type":"DIAMOND_LEGGINGS"},"6":{"==":"org.bukkit.inventory.ItemStack","v":3465,"type":"DIAMOND_CHESTPLATE"}},"armorContents":{},"offHandItem":{"==":"org.bukkit.inventory.ItemStack","v":3465,"type":"AIR","amount":0},"enderChestContents":{},"potions":[],"stats":{"ex":"2.393002","ma":"300","fl":"17","el":"0","xp":"0.0","hp":"8.632320404052734","txp":"0","sa":"0.0","fd":"0.0","ft":"-20","ra":"300"}}}