{"SURVIVAL":{"potions":[],"bedSpawnLocation":{"==":"org.bukkit.Location","world":"world","x":-578.5,"y":111.1,"z":-53.5,"pitch":0.0,"yaw":-3.0064697},"armorContents":{},"offHandItem":{"==":"org.bukkit.inventory.ItemStack","v":3465,"type":"AIR","amount":0},"inventoryContents":{"10":{"==":"org.bukkit.inventory.ItemStack","v":3465,"type":"COBBLEMON_GREEN_APRICORN_SEED"},"11":{"==":"org.bukkit.inventory.ItemStack","v":3465,"type":"COBBLEMON_GREEN_APRICORN","amount":2},"12":{"==":"org.bukkit.inventory.ItemStack","v":3465,"type":"COBBLEMON_RED_APRICORN"},"13":{"==":"org.bukkit.inventory.ItemStack","v":3465,"type":"COBBLEMON_WHITE_APRICORN","amount":11},"14":{"==":"org.bukkit.inventory.ItemStack","v":3465,"type":"COBBLEMON_PINK_APRICORN","amount":3},"15":{"==":"org.bukkit.inventory.ItemStack","v":3465,"type":"COBBLEMON_BLUE_APRICORN","amount":11},"16":{"==":"org.bukkit.inventory.ItemStack","v":3465,"type":"COBBLEMON_PINK_APRICORN_SEED"},"17":{"==":"org.bukkit.inventory.ItemStack","v":3465,"type":"COBBLEMON_BLUE_APRICORN_SEED","amount":2},"9":{"==":"org.bukkit.inventory.ItemStack","v":3465,"type":"COBBLEMON_WHITE_APRICORN_SEED"}},"enderChestContents":{},"stats":{"ex":"3.5160017","ma":"300","fl":"20","el":"5","xp":"0.17647073","hp":"20.0","txp":"58","ft":"-20","fd":"0.0","sa":"1.0","ra":"300"}}}