{"SURVIVAL":{"enderChestContents":{},"offHandItem":{"==":"org.bukkit.inventory.ItemStack","v":3465,"type":"AIR","amount":0},"potions":[],"armorContents":{},"bedSpawnLocation":{"==":"org.bukkit.Location","world":"world","x":-539.5,"y":112.0,"z":-189.5,"pitch":0.0,"yaw":-106.49977},"inventoryContents":{"22":{"==":"org.bukkit.inventory.ItemStack","v":3465,"type":"COBBLESTONE","amount":26},"23":{"==":"org.bukkit.inventory.ItemStack","v":3465,"type":"COBBLED_DEEPSLATE","amount":15},"24":{"==":"org.bukkit.inventory.ItemStack","v":3465,"type":"SAND","amount":9},"25":{"==":"org.bukkit.inventory.ItemStack","v":3465,"type":"RAW_IRON","amount":3},"26":{"==":"org.bukkit.inventory.ItemStack","v":3465,"type":"COBBLEMON_POTION","amount":7},"27":{"==":"org.bukkit.inventory.ItemStack","v":3465,"type":"COBBLEMON_RELIC_COIN","amount":60,"meta":{"==":"ItemMeta","meta-type":"UNSPECIFIC","display-name":"{\"extra\":[{\"bold\":false,\"italic\":false,\"underlined\":false,\"strikethrough\":false,\"obfuscated\":false,\"color\":\"#084CFB\",\"text\":\"M\"},{\"bold\":false,\"italic\":false,\"underlined\":false,\"strikethrough\":false,\"obfuscated\":false,\"color\":\"#0F53FB\",\"text\":\"o\"},{\"bold\":false,\"italic\":false,\"underlined\":false,\"strikethrough\":false,\"obfuscated\":false,\"color\":\"#1559FB\",\"text\":\"n\"},{\"bold\":false,\"italic\":false,\"underlined\":false,\"strikethrough\":false,\"obfuscated\":false,\"color\":\"#1C60FB\",\"text\":\"e\"},{\"bold\":false,\"italic\":false,\"underlined\":false,\"strikethrough\":false,\"obfuscated\":false,\"color\":\"#2267FB\",\"text\":\"d\"},{\"bold\":false,\"italic\":false,\"underlined\":false,\"strikethrough\":false,\"obfuscated\":false,\"color\":\"#296DFB\",\"text\":\"a \"},{\"bold\":false,\"italic\":false,\"underlined\":false,\"strikethrough\":false,\"obfuscated\":false,\"color\":\"#367BFC\",\"text\":\"R\"},{\"bold\":false,\"italic\":false,\"underlined\":false,\"strikethrough\":false,\"obfuscated\":false,\"color\":\"#3D81FC\",\"text\":\"e\"},{\"bold\":false,\"italic\":false,\"underlined\":false,\"strikethrough\":false,\"obfuscated\":false,\"color\":\"#4388FC\",\"text\":\"l\"},{\"bold\":false,\"italic\":false,\"underlined\":false,\"strikethrough\":false,\"obfuscated\":false,\"color\":\"#4A8FFC\",\"text\":\"i\"},{\"bold\":false,\"italic\":false,\"underlined\":false,\"strikethrough\":false,\"obfuscated\":false,\"color\":\"#5195FC\",\"text\":\"q\"},{\"bold\":false,\"italic\":false,\"underlined\":false,\"strikethrough\":false,\"obfuscated\":false,\"color\":\"#579CFC\",\"text\":\"u\"},{\"bold\":false,\"italic\":false,\"underlined\":false,\"strikethrough\":false,\"obfuscated\":false,\"color\":\"#5EA3FC\",\"text\":\"i\"},{\"bold\":false,\"italic\":false,\"underlined\":false,\"strikethrough\":false,\"obfuscated\":false,\"color\":\"#64AAFC\",\"text\":\"a \"},{\"bold\":false,\"italic\":false,\"underlined\":false,\"strikethrough\":false,\"obfuscated\":false,\"color\":\"#78BEFC\",\"text\":\"ᴇ\"},{\"bold\":false,\"italic\":false,\"underlined\":false,\"strikethrough\":false,\"obfuscated\":false,\"color\":\"#7FC4FC\",\"text\":\"ɴ\"},{\"bold\":false,\"italic\":false,\"underlined\":false,\"strikethrough\":false,\"obfuscated\":false,\"color\":\"#85CBFD\",\"text\":\"ᴄ\"},{\"bold\":false,\"italic\":false,\"underlined\":false,\"strikethrough\":false,\"obfuscated\":false,\"color\":\"#8CD2FD\",\"text\":\"ᴀ\"},{\"bold\":false,\"italic\":false,\"underlined\":false,\"strikethrough\":false,\"obfuscated\":false,\"color\":\"#93D8FD\",\"text\":\"ɴ\"},{\"bold\":false,\"italic\":false,\"underlined\":false,\"strikethrough\":false,\"obfuscated\":false,\"color\":\"#99DFFD\",\"text\":\"ᴛ\"},{\"bold\":false,\"italic\":false,\"underlined\":false,\"strikethrough\":false,\"obfuscated\":false,\"color\":\"#A0E6FD\",\"text\":\"ᴀ\"},{\"bold\":false,\"italic\":false,\"underlined\":false,\"strikethrough\":false,\"obfuscated\":false,\"color\":\"#A6ECFD\",\"text\":\"ᴅ\"},{\"bold\":false,\"italic\":false,\"underlined\":false,\"strikethrough\":false,\"obfuscated\":false,\"color\":\"#ADF3FD\",\"text\":\"ᴀ\"}],\"text\":\"\"}","enchants":{"DIG_SPEED":1},"ItemFlags":["HIDE_ENCHANTS","HIDE_ATTRIBUTES","HIDE_UNBREAKABLE","HIDE_DESTROYS","HIDE_PLACED_ON","HIDE_POTION_EFFECTS","HIDE_DYE","HIDE_ARMOR_TRIM"]}},"28":{"==":"org.bukkit.inventory.ItemStack","v":3465,"type":"COBBLEMON_POKE_BALL","amount":6},"29":{"==":"org.bukkit.inventory.ItemStack","v":3465,"type":"COBBLEMON_RED_APRICORN_SEED"},"30":{"==":"org.bukkit.inventory.ItemStack","v":3465,"type":"COBBLEMON_HEAL_BALL","amount":9},"10":{"==":"org.bukkit.inventory.ItemStack","v":3465,"type":"COBBLEMON_ICE_HEAL","amount":2},"32":{"==":"org.bukkit.inventory.ItemStack","v":3465,"type":"PATCHOULI_GUIDE_BOOK","meta":{"==":"ItemMeta","meta-type":"UNSPECIFIC","internal":"H4sIAAAAAAAA\/+NiYOBg4CtILEnOyC\/NybRKys\/PZhDPTU1PzM3PK7aCMeLTSzNTUhkA0CAgXi4AAAA="}},"11":{"==":"org.bukkit.inventory.ItemStack","v":3465,"type":"COBBLEMON_ANTIDOTE"},"33":{"==":"org.bukkit.inventory.ItemStack","v":3465,"type":"SMOOTH_STONE","amount":2},"12":{"==":"org.bukkit.inventory.ItemStack","v":3465,"type":"COBBLEMON_YELLOW_APRICORN_SEED"},"13":{"==":"org.bukkit.inventory.ItemStack","v":3465,"type":"COBBLEMON_RED_APRICORN"},"35":{"==":"org.bukkit.inventory.ItemStack","v":3465,"type":"COBGYMS_LESSER_SHARD","amount":3},"14":{"==":"org.bukkit.inventory.ItemStack","v":3465,"type":"COBBLEMON_BLACK_GILDED_CHEST"},"15":{"==":"org.bukkit.inventory.ItemStack","v":3465,"type":"WHEAT","amount":9},"16":{"==":"org.bukkit.inventory.ItemStack","v":3465,"type":"COBBLEMON_BLUE_APRICORN","amount":7},"17":{"==":"org.bukkit.inventory.ItemStack","v":3465,"type":"GLASS"},"18":{"==":"org.bukkit.inventory.ItemStack","v":3465,"type":"BAMBOO","amount":14},"19":{"==":"org.bukkit.inventory.ItemStack","v":3465,"type":"COBBLEMON_PINK_APRICORN","amount":3},"0":{"==":"org.bukkit.inventory.ItemStack","v":3465,"type":"COBBLEDEX_COBBLEDEX_ITEM"},"1":{"==":"org.bukkit.inventory.ItemStack","v":3465,"type":"COBBLEMON_ORAN_BERRY","amount":37},"2":{"==":"org.bukkit.inventory.ItemStack","v":3465,"type":"COBBLEMON_YELLOW_APRICORN","amount":3},"3":{"==":"org.bukkit.inventory.ItemStack","v":3465,"type":"COBBLEMON_AWAKENING","amount":2},"4":{"==":"org.bukkit.inventory.ItemStack","v":3465,"type":"COBBLEMON_RELIC_COIN","amount":64,"meta":{"==":"ItemMeta","meta-type":"UNSPECIFIC","display-name":"{\"extra\":[{\"bold\":false,\"italic\":false,\"underlined\":false,\"strikethrough\":false,\"obfuscated\":false,\"color\":\"#084CFB\",\"text\":\"M\"},{\"bold\":false,\"italic\":false,\"underlined\":false,\"strikethrough\":false,\"obfuscated\":false,\"color\":\"#0F53FB\",\"text\":\"o\"},{\"bold\":false,\"italic\":false,\"underlined\":false,\"strikethrough\":false,\"obfuscated\":false,\"color\":\"#1559FB\",\"text\":\"n\"},{\"bold\":false,\"italic\":false,\"underlined\":false,\"strikethrough\":false,\"obfuscated\":false,\"color\":\"#1C60FB\",\"text\":\"e\"},{\"bold\":false,\"italic\":false,\"underlined\":false,\"strikethrough\":false,\"obfuscated\":false,\"color\":\"#2267FB\",\"text\":\"d\"},{\"bold\":false,\"italic\":false,\"underlined\":false,\"strikethrough\":false,\"obfuscated\":false,\"color\":\"#296DFB\",\"text\":\"a \"},{\"bold\":false,\"italic\":false,\"underlined\":false,\"strikethrough\":false,\"obfuscated\":false,\"color\":\"#367BFC\",\"text\":\"R\"},{\"bold\":false,\"italic\":false,\"underlined\":false,\"strikethrough\":false,\"obfuscated\":false,\"color\":\"#3D81FC\",\"text\":\"e\"},{\"bold\":false,\"italic\":false,\"underlined\":false,\"strikethrough\":false,\"obfuscated\":false,\"color\":\"#4388FC\",\"text\":\"l\"},{\"bold\":false,\"italic\":false,\"underlined\":false,\"strikethrough\":false,\"obfuscated\":false,\"color\":\"#4A8FFC\",\"text\":\"i\"},{\"bold\":false,\"italic\":false,\"underlined\":false,\"strikethrough\":false,\"obfuscated\":false,\"color\":\"#5195FC\",\"text\":\"q\"},{\"bold\":false,\"italic\":false,\"underlined\":false,\"strikethrough\":false,\"obfuscated\":false,\"color\":\"#579CFC\",\"text\":\"u\"},{\"bold\":false,\"italic\":false,\"underlined\":false,\"strikethrough\":false,\"obfuscated\":false,\"color\":\"#5EA3FC\",\"text\":\"i\"},{\"bold\":false,\"italic\":false,\"underlined\":false,\"strikethrough\":false,\"obfuscated\":false,\"color\":\"#64AAFC\",\"text\":\"a \"},{\"bold\":false,\"italic\":false,\"underlined\":false,\"strikethrough\":false,\"obfuscated\":false,\"color\":\"#78BEFC\",\"text\":\"ᴇ\"},{\"bold\":false,\"italic\":false,\"underlined\":false,\"strikethrough\":false,\"obfuscated\":false,\"color\":\"#7FC4FC\",\"text\":\"ɴ\"},{\"bold\":false,\"italic\":false,\"underlined\":false,\"strikethrough\":false,\"obfuscated\":false,\"color\":\"#85CBFD\",\"text\":\"ᴄ\"},{\"bold\":false,\"italic\":false,\"underlined\":false,\"strikethrough\":false,\"obfuscated\":false,\"color\":\"#8CD2FD\",\"text\":\"ᴀ\"},{\"bold\":false,\"italic\":false,\"underlined\":false,\"strikethrough\":false,\"obfuscated\":false,\"color\":\"#93D8FD\",\"text\":\"ɴ\"},{\"bold\":false,\"italic\":false,\"underlined\":false,\"strikethrough\":false,\"obfuscated\":false,\"color\":\"#99DFFD\",\"text\":\"ᴛ\"},{\"bold\":false,\"italic\":false,\"underlined\":false,\"strikethrough\":false,\"obfuscated\":false,\"color\":\"#A0E6FD\",\"text\":\"ᴀ\"},{\"bold\":false,\"italic\":false,\"underlined\":false,\"strikethrough\":false,\"obfuscated\":false,\"color\":\"#A6ECFD\",\"text\":\"ᴅ\"},{\"bold\":false,\"italic\":false,\"underlined\":false,\"strikethrough\":false,\"obfuscated\":false,\"color\":\"#ADF3FD\",\"text\":\"ᴀ\"}],\"text\":\"\"}","enchants":{"DIG_SPEED":1},"ItemFlags":["HIDE_ENCHANTS","HIDE_ATTRIBUTES","HIDE_UNBREAKABLE","HIDE_DESTROYS","HIDE_PLACED_ON","HIDE_POTION_EFFECTS","HIDE_DYE","HIDE_ARMOR_TRIM"]}},"5":{"==":"org.bukkit.inventory.ItemStack","v":3465,"type":"RAW_COPPER","amount":37},"6":{"==":"org.bukkit.inventory.ItemStack","v":3465,"type":"COBBLEMON_RELIC_COIN","amount":3},"7":{"==":"org.bukkit.inventory.ItemStack","v":3465,"type":"IRON_PICKAXE","meta":{"==":"ItemMeta","meta-type":"UNSPECIFIC","Damage":241}},"8":{"==":"org.bukkit.inventory.ItemStack","v":3465,"type":"IRON_INGOT","amount":39},"9":{"==":"org.bukkit.inventory.ItemStack","v":3465,"type":"DIAMOND","amount":2},"20":{"==":"org.bukkit.inventory.ItemStack","v":3465,"type":"LAPIS_LAZULI","amount":50},"21":{"==":"org.bukkit.inventory.ItemStack","v":3465,"type":"STICK","amount":3}},"stats":{"ex":"0.0","ma":"300","fl":"20","el":"7","hp":"20.0","xp":"0.5714286","txp":"103","ft":"-20","fd":"0.0","sa":"5.0","ra":"300"}}}