{"SURVIVAL":{"enderChestContents":{},"offHandItem":{"==":"org.bukkit.inventory.ItemStack","v":3465,"type":"AIR","amount":0},"potions":[],"armorContents":{},"bedSpawnLocation":{"==":"org.bukkit.Location","world":"spawn","x":-3.5,"y":1.1,"z":-27.5,"pitch":0.0,"yaw":0.0},"inventoryContents":{"10":{"==":"org.bukkit.inventory.ItemStack","v":3465,"type":"SAND","amount":9},"11":{"==":"org.bukkit.inventory.ItemStack","v":3465,"type":"RAW_IRON","amount":3},"33":{"==":"org.bukkit.inventory.ItemStack","v":3465,"type":"IRON_INGOT","amount":39},"34":{"==":"org.bukkit.inventory.ItemStack","v":3465,"type":"COBBLEMON_HEALING_MACHINE"},"4":{"==":"org.bukkit.inventory.ItemStack","v":3465,"type":"COBBLEMON_RELIC_COIN_SACK","amount":2,"meta":{"==":"ItemMeta","meta-type":"UNSPECIFIC","display-name":"{\"extra\":[{\"bold\":false,\"italic\":false,\"underlined\":false,\"strikethrough\":false,\"obfuscated\":false,\"color\":\"#084CFB\",\"text\":\"B\"},{\"bold\":false,\"italic\":false,\"underlined\":false,\"strikethrough\":false,\"obfuscated\":false,\"color\":\"#0E52FB\",\"text\":\"o\"},{\"bold\":false,\"italic\":false,\"underlined\":false,\"strikethrough\":false,\"obfuscated\":false,\"color\":\"#1559FB\",\"text\":\"l\"},{\"bold\":false,\"italic\":false,\"underlined\":false,\"strikethrough\":false,\"obfuscated\":false,\"color\":\"#1B5FFB\",\"text\":\"s\"},{\"bold\":false,\"italic\":false,\"underlined\":false,\"strikethrough\":false,\"obfuscated\":false,\"color\":\"#2166FB\",\"text\":\"ó\"},{\"bold\":false,\"italic\":false,\"underlined\":false,\"strikethrough\":false,\"obfuscated\":false,\"color\":\"#286CFB\",\"text\":\"n \"},{\"bold\":false,\"italic\":false,\"underlined\":false,\"strikethrough\":false,\"obfuscated\":false,\"color\":\"#3479FC\",\"text\":\"D\"},{\"bold\":false,\"italic\":false,\"underlined\":false,\"strikethrough\":false,\"obfuscated\":false,\"color\":\"#3B7FFC\",\"text\":\"e \"},{\"bold\":false,\"italic\":false,\"underlined\":false,\"strikethrough\":false,\"obfuscated\":false,\"color\":\"#478CFC\",\"text\":\"M\"},{\"bold\":false,\"italic\":false,\"underlined\":false,\"strikethrough\":false,\"obfuscated\":false,\"color\":\"#4E93FC\",\"text\":\"o\"},{\"bold\":false,\"italic\":false,\"underlined\":false,\"strikethrough\":false,\"obfuscated\":false,\"color\":\"#5499FC\",\"text\":\"n\"},{\"bold\":false,\"italic\":false,\"underlined\":false,\"strikethrough\":false,\"obfuscated\":false,\"color\":\"#5BA0FC\",\"text\":\"e\"},{\"bold\":false,\"italic\":false,\"underlined\":false,\"strikethrough\":false,\"obfuscated\":false,\"color\":\"#61A6FC\",\"text\":\"d\"},{\"bold\":false,\"italic\":false,\"underlined\":false,\"strikethrough\":false,\"obfuscated\":false,\"color\":\"#67ACFC\",\"text\":\"a\"},{\"bold\":false,\"italic\":false,\"underlined\":false,\"strikethrough\":false,\"obfuscated\":false,\"color\":\"#6EB3FC\",\"text\":\"s \"},{\"bold\":false,\"italic\":false,\"underlined\":false,\"strikethrough\":false,\"obfuscated\":false,\"color\":\"#7AC0FC\",\"text\":\"ᴇ\"},{\"bold\":false,\"italic\":false,\"underlined\":false,\"strikethrough\":false,\"obfuscated\":false,\"color\":\"#81C6FC\",\"text\":\"ɴ\"},{\"bold\":false,\"italic\":false,\"underlined\":false,\"strikethrough\":false,\"obfuscated\":false,\"color\":\"#87CCFD\",\"text\":\"ᴄ\"},{\"bold\":false,\"italic\":false,\"underlined\":false,\"strikethrough\":false,\"obfuscated\":false,\"color\":\"#8DD3FD\",\"text\":\"ᴀ\"},{\"bold\":false,\"italic\":false,\"underlined\":false,\"strikethrough\":false,\"obfuscated\":false,\"color\":\"#94D9FD\",\"text\":\"ɴ\"},{\"bold\":false,\"italic\":false,\"underlined\":false,\"strikethrough\":false,\"obfuscated\":false,\"color\":\"#9AE0FD\",\"text\":\"ᴛ\"},{\"bold\":false,\"italic\":false,\"underlined\":false,\"strikethrough\":false,\"obfuscated\":false,\"color\":\"#A0E6FD\",\"text\":\"ᴀ\"},{\"bold\":false,\"italic\":false,\"underlined\":false,\"strikethrough\":false,\"obfuscated\":false,\"color\":\"#A7EDFD\",\"text\":\"ᴅ\"},{\"bold\":false,\"italic\":false,\"underlined\":false,\"strikethrough\":false,\"obfuscated\":false,\"color\":\"#ADF3FD\",\"text\":\"ᴀ\"}],\"text\":\"\"}","enchants":{"DIG_SPEED":2},"ItemFlags":["HIDE_ENCHANTS","HIDE_ATTRIBUTES","HIDE_UNBREAKABLE","HIDE_DESTROYS","HIDE_PLACED_ON","HIDE_POTION_EFFECTS","HIDE_DYE","HIDE_ARMOR_TRIM"]}},"9":{"==":"org.bukkit.inventory.ItemStack","v":3465,"type":"COBBLESTONE","amount":26}},"stats":{"ex":"0.41700116","ma":"300","fl":"20","el":"0","hp":"18.16666603088379","xp":"0.0","txp":"0","ft":"-20","fd":"0.0","sa":"0.0","ra":"300"}}}