{"SURVIVAL":{"armorContents":{},"bedSpawnLocation":{"==":"org.bukkit.Location","world":"spawn","x":-3.5,"y":1.1,"z":-27.5,"pitch":0.0,"yaw":0.0},"potions":[],"inventoryContents":{"17":{"==":"org.bukkit.inventory.ItemStack","v":3465,"type":"OAK_LOG","amount":46}},"offHandItem":{"==":"org.bukkit.inventory.ItemStack","v":3465,"type":"AIR","amount":0},"enderChestContents":{},"stats":{"ex":"0.8222136","ma":"300","fl":"15","el":"8","xp":"0.30434787","hp":"17.0","txp":"119","sa":"0.0","fd":"0.0","ft":"-20","ra":"300"}}}