{"SURVIVAL":{"inventoryContents":{"24":{"==":"org.bukkit.inventory.ItemStack","v":3465,"type":"OBSIDIAN"},"25":{"==":"org.bukkit.inventory.ItemStack","v":3465,"type":"IRON_INGOT","amount":16},"31":{"==":"org.bukkit.inventory.ItemStack","v":3465,"type":"COBGYMS_LESSER_SHARD","amount":10},"10":{"==":"org.bukkit.inventory.ItemStack","v":3465,"type":"COBBLEMON_REVIVE"},"11":{"==":"org.bukkit.inventory.ItemStack","v":3465,"type":"IRON_INGOT","amount":15},"33":{"==":"org.bukkit.inventory.ItemStack","v":3465,"type":"COBBLEMON_ICE_HEAL"},"12":{"==":"org.bukkit.inventory.ItemStack","v":3465,"type":"GOLDEN_APPLE"},"34":{"==":"org.bukkit.inventory.ItemStack","v":3465,"type":"COBBLEMON_PARALYZE_HEAL"},"13":{"==":"org.bukkit.inventory.ItemStack","v":3465,"type":"GLASS_BOTTLE","amount":5},"15":{"==":"org.bukkit.inventory.ItemStack","v":3465,"type":"GOLD_INGOT","amount":5},"37":{"==":"org.bukkit.inventory.ItemStack","v":3465,"type":"GOLDEN_LEGGINGS","meta":{"==":"ItemMeta","meta-type":"ARMOR","enchants":{"PROTECTION_EXPLOSIONS":4},"Damage":15}},"16":{"==":"org.bukkit.inventory.ItemStack","v":3465,"type":"COBBLEMON_POTION","amount":2},"0":{"==":"org.bukkit.inventory.ItemStack","v":3465,"type":"COBBLEDEX_COBBLEDEX_ITEM"},"1":{"==":"org.bukkit.inventory.ItemStack","v":3465,"type":"PATCHOULI_GUIDE_BOOK","meta":{"==":"ItemMeta","meta-type":"UNSPECIFIC","internal":"H4sIAAAAAAAA\/+NiYOBg4CtILEnOyC\/NybRKys\/PZhDPTU1PzM3PK7aCMeLTSzNTUhkA0CAgXi4AAAA="}},"2":{"==":"org.bukkit.inventory.ItemStack","v":3465,"type":"COBBLEMON_POKE_BALL"},"5":{"==":"org.bukkit.inventory.ItemStack","v":3465,"type":"GOLDEN_SWORD","meta":{"==":"ItemMeta","meta-type":"UNSPECIFIC","enchants":{"FIRE_ASPECT":2}}},"7":{"==":"org.bukkit.inventory.ItemStack","v":3465,"type":"COBBLEMON_RELIC_COIN","amount":17},"9":{"==":"org.bukkit.inventory.ItemStack","v":3465,"type":"COBBLEMON_HEAL_BALL","amount":3}},"bedSpawnLocation":{"==":"org.bukkit.Location","world":"world","x":-495.5,"y":98.0,"z":-208.5,"pitch":0.0,"yaw":166.22086},"armorContents":{"1":{"==":"org.bukkit.inventory.ItemStack","v":3465,"type":"GOLDEN_LEGGINGS","meta":{"==":"ItemMeta","meta-type":"ARMOR","enchants":{"PROTECTION_EXPLOSIONS":4},"Damage":15}}},"offHandItem":{"==":"org.bukkit.inventory.ItemStack","v":3465,"type":"AIR","amount":0},"enderChestContents":{},"potions":[],"stats":{"ex":"0.0","ma":"300","fl":"20","el":"0","xp":"0.0","hp":"20.0","txp":"0","sa":"5.0","fd":"0.0","ft":"-20","ra":"300"}}}