{"SURVIVAL":{"inventoryContents":{"0":{"==":"org.bukkit.inventory.ItemStack","v":3465,"type":"FLINT_AND_STEEL"},"1":{"==":"org.bukkit.inventory.ItemStack","v":3465,"type":"COBBLESTONE"},"2":{"==":"org.bukkit.inventory.ItemStack","v":3465,"type":"CHEST_MINECART"},"3":{"==":"org.bukkit.inventory.ItemStack","v":3465,"type":"RAIL"},"6":{"==":"org.bukkit.inventory.ItemStack","v":3465,"type":"AMETHYST_SHARD","amount":64,"meta":{"==":"ItemMeta","meta-type":"UNSPECIFIC","display-name":"{\"text\":\"fragmento de amatistaaaa\"}"}},"7":{"==":"org.bukkit.inventory.ItemStack","v":3465,"type":"AMETHYST_SHARD","amount":64,"meta":{"==":"ItemMeta","meta-type":"UNSPECIFIC","display-name":"{\"text\":\"fragmento de amatistaaaaaaaaaaaaaaaaaa\"}"}},"8":{"==":"org.bukkit.inventory.ItemStack","v":3465,"type":"AMETHYST_SHARD","amount":64,"meta":{"==":"ItemMeta","meta-type":"UNSPECIFIC","display-name":"{\"text\":\"fragmento de amatistaaaa\"}"}},"9":{"==":"org.bukkit.inventory.ItemStack","v":3465,"type":"OAK_PLANKS","amount":64}},"armorContents":{},"offHandItem":{"==":"org.bukkit.inventory.ItemStack","v":3465,"type":"AIR","amount":0},"potions":[],"bedSpawnLocation":{"==":"org.bukkit.Location","world":"world","x":-542.5,"y":119.0,"z":-38.5,"pitch":0.0,"yaw":89.199356},"enderChestContents":{},"stats":{"ex":"2.68558","ma":"300","fl":"20","el":"5","hp":"20.0","xp":"0.5588238","txp":"1243","sa":"0.0","fd":"0.0","ft":"-20","ra":"300"}}}