{"stats":{"minecraft:picked_up":{"minecraft:stick":2,"minecraft:crafting_table":1,"minecraft:ladder":2,"cobblemon:yellow_apricorn":3,"minecraft:spruce_stairs":1,"cobblemon:yellow_apricorn_seed":1,"minecraft:oak_log":4,"cobblemon:pink_apricorn":3,"cobblemon:heal_ball":2,"minecraft:apple":1,"cobblemon:poke_ball":11,"minecraft:wheat_seeds":3,"cobblemon:relic_coin":34,"minecraft:spruce_slab":1,"minecraft:bamboo":14,"minecraft:oak_sapling":3,"cobblemon:blue_apricorn":3,"minecraft:oak_planks":4,"minecraft:spruce_trapdoor":1},"minecraft:killed_by":{"minecraft:skeleton":1,"minecraft:pillager":1},"minecraft:killed":{"minecraft:pillager":2,"cobblemon:pokemon":2,"minecraft:spider":1},"minecraft:crafted":{"minecraft:wooden_sword":1,"minecraft:oak_planks":16,"minecraft:crafting_table":1,"minecraft:stick":4},"minecraft:custom":{"minecraft:time_since_rest":16518,"minecraft:sprint_one_cm":254910,"minecraft:damage_taken":1575,"minecraft:walk_one_cm":162599,"minecraft:mob_kills":7,"minecraft:drop":8,"minecraft:damage_dealt":1124,"minecraft:interact_with_crafting_table":3,"minecraft:swim_one_cm":50792,"minecraft:fly_one_cm":409369,"minecraft:open_barrel":3,"minecraft:open_chest":1,"minecraft:crouch_one_cm":2669,"minecraft:play_time":106580,"minecraft:deaths":3,"minecraft:sneak_time":1277,"minecraft:walk_under_water_one_cm":4178,"minecraft:jump":1942,"minecraft:walk_on_water_one_cm":13079,"minecraft:time_since_death":16492,"minecraft:total_world_time":106580,"minecraft:climb_one_cm":6712,"minecraft:fall_one_cm":58614},"minecraft:used":{"minecraft:spruce_slab":1,"minecraft:ladder":2,"minecraft:oak_planks":8,"minecraft:spruce_trapdoor":1,"minecraft:wooden_sword":25,"minecraft:crafting_table":1,"minecraft:oak_sapling":2,"minecraft:spruce_stairs":1,"minecraft:crossbow":1,"minecraft:cooked_beef":14},"minecraft:dropped":{"minecraft:wheat_seeds":3,"minecraft:glass_bottle":2,"minecraft:oak_sapling":1,"minecraft:crossbow":1,"minecraft:apple":1},"minecraft:mined":{"minecraft:spruce_stairs":1,"minecraft:oak_sapling":1,"minecraft:jungle_leaves":8,"minecraft:crafting_table":1,"minecraft:spruce_trapdoor":1,"minecraft:ladder":2,"minecraft:dark_oak_fence":1,"minecraft:grass":9,"minecraft:oak_log":4,"minecraft:tall_grass":4,"minecraft:bamboo":1,"minecraft:oak_planks":4,"minecraft:spruce_slab":1,"minecraft:oak_leaves":15,"cobblemon:relic_coin_pouch":1,"minecraft:fern":1}},"DataVersion":3465}