{"stats":{"minecraft:picked_up":{"minecraft:ladder":2,"cobblemon:yellow_apricorn":3,"minecraft:spruce_stairs":1,"cobblemon:yellow_apricorn_seed":1,"minecraft:oak_log":4,"minecraft:apple":1,"cobblemon:poke_ball":4,"cobblemon:relic_coin":34,"minecraft:spruce_slab":1,"minecraft:oak_sapling":3,"minecraft:oak_planks":2,"minecraft:spruce_trapdoor":1},"minecraft:killed":{"cobblemon:pokemon":2},"minecraft:crafted":{"minecraft:oak_planks":16},"minecraft:custom":{"minecraft:time_since_rest":22580,"minecraft:sprint_one_cm":70688,"minecraft:damage_taken":30,"minecraft:walk_one_cm":34618,"minecraft:mob_kills":2,"minecraft:drop":2,"minecraft:damage_dealt":200,"minecraft:interact_with_crafting_table":1,"minecraft:swim_one_cm":22146,"minecraft:fly_one_cm":125043,"minecraft:crouch_one_cm":1017,"minecraft:play_time":22580,"minecraft:sneak_time":346,"minecraft:walk_under_water_one_cm":2309,"minecraft:jump":574,"minecraft:walk_on_water_one_cm":7859,"minecraft:time_since_death":22580,"minecraft:total_world_time":22580,"minecraft:climb_one_cm":824,"minecraft:fall_one_cm":14791},"minecraft:dropped":{"minecraft:oak_sapling":1,"minecraft:apple":1},"minecraft:used":{"minecraft:spruce_slab":1,"minecraft:ladder":2,"minecraft:oak_planks":5,"minecraft:spruce_trapdoor":1,"minecraft:oak_sapling":2,"minecraft:spruce_stairs":1,"minecraft:cooked_beef":2},"minecraft:mined":{"minecraft:spruce_stairs":1,"minecraft:oak_sapling":1,"minecraft:spruce_trapdoor":1,"minecraft:ladder":2,"minecraft:grass":1,"minecraft:oak_log":4,"minecraft:oak_planks":2,"minecraft:spruce_slab":1,"minecraft:oak_leaves":6,"cobblemon:relic_coin_pouch":1}},"DataVersion":3465}