{"stats":{"minecraft:killed":{"cobblemon:pokemon":2,"minecraft:spider":1,"minecraft:pillager":2},"minecraft:custom":{"minecraft:mob_kills":7,"minecraft:interact_with_crafting_table":5,"minecraft:open_barrel":3,"minecraft:time_since_death":5485,"minecraft:climb_one_cm":6888,"minecraft:time_since_rest":5511,"minecraft:sprint_one_cm":345023,"minecraft:damage_taken":1948,"minecraft:walk_one_cm":208242,"minecraft:drop":11,"minecraft:damage_dealt":1223,"minecraft:swim_one_cm":64040,"minecraft:fly_one_cm":521115,"minecraft:open_chest":1,"minecraft:crouch_one_cm":3734,"minecraft:play_time":148196,"minecraft:deaths":4,"minecraft:sneak_time":1530,"minecraft:walk_under_water_one_cm":5323,"minecraft:jump":2687,"minecraft:walk_on_water_one_cm":23497,"minecraft:total_world_time":148196,"minecraft:fall_one_cm":82529},"minecraft:picked_up":{"minecraft:crafting_table":3,"minecraft:ladder":2,"cobblemon:yellow_apricorn":3,"cobblemon:red_apricorn":1,"minecraft:tuff":5,"minecraft:oak_log":4,"minecraft:lapis_lazuli":50,"minecraft:dirt":4,"cobblemon:heal_ball":2,"minecraft:apple":1,"minecraft:wheat_seeds":3,"minecraft:cobbled_deepslate":15,"cobblemon:relic_coin":34,"minecraft:spruce_slab":1,"minecraft:bamboo":14,"minecraft:oak_planks":4,"minecraft:spruce_trapdoor":1,"cobblemon:red_apricorn_seed":1,"minecraft:stick":2,"minecraft:spruce_stairs":1,"cobblemon:yellow_apricorn_seed":1,"cobblemon:pink_apricorn":3,"minecraft:diamond":2,"minecraft:tropical_fish":3,"cobblemon:poke_ball":11,"minecraft:oak_sapling":5,"cobblemon:blue_apricorn":7,"minecraft:cobblestone":2},"minecraft:killed_by":{"minecraft:skeleton":2,"minecraft:pillager":1},"minecraft:used":{"minecraft:spruce_slab":1,"minecraft:ladder":2,"minecraft:oak_planks":8,"minecraft:dirt":4,"minecraft:crafting_table":3,"minecraft:spruce_stairs":1,"minecraft:crossbow":1,"minecraft:iron_pickaxe":34,"minecraft:spruce_trapdoor":1,"minecraft:wooden_sword":25,"minecraft:oak_sapling":3,"minecraft:cooked_beef":15},"minecraft:crafted":{"minecraft:wooden_sword":1,"minecraft:oak_planks":16,"minecraft:crafting_table":1,"minecraft:stick":4,"minecraft:iron_pickaxe":1},"minecraft:dropped":{"minecraft:wheat_seeds":3,"minecraft:glass_bottle":3,"minecraft:crossbow":1,"minecraft:apple":1,"minecraft:oak_sapling":2,"minecraft:wooden_sword":1},"minecraft:mined":{"minecraft:tuff":5,"minecraft:oak_sapling":1,"minecraft:deepslate_diamond_ore":2,"minecraft:jungle_leaves":8,"minecraft:crafting_table":3,"minecraft:spruce_trapdoor":1,"minecraft:ladder":2,"minecraft:dark_oak_fence":1,"minecraft:grass_block":2,"minecraft:tall_grass":4,"minecraft:cobblestone":1,"minecraft:oak_planks":4,"cobblemon:relic_coin_pouch":1,"minecraft:spruce_stairs":1,"minecraft:deepslate_lapis_ore":7,"minecraft:grass":10,"minecraft:oak_log":4,"minecraft:dirt":2,"minecraft:bamboo":1,"minecraft:oak_leaves":21,"minecraft:spruce_slab":1,"minecraft:deepslate":15,"minecraft:fern":1}},"DataVersion":3465}