{"stats":{"minecraft:picked_up":{"minecraft:ladder":2,"cobblemon:yellow_apricorn":3,"minecraft:spruce_stairs":1,"cobblemon:yellow_apricorn_seed":1,"minecraft:oak_log":4,"minecraft:apple":1,"cobblemon:poke_ball":4,"minecraft:wheat_seeds":2,"cobblemon:relic_coin":34,"minecraft:spruce_slab":1,"minecraft:oak_sapling":3,"minecraft:oak_planks":2,"minecraft:spruce_trapdoor":1},"minecraft:killed":{"cobblemon:pokemon":2},"minecraft:crafted":{"minecraft:oak_planks":16},"minecraft:custom":{"minecraft:time_since_rest":34580,"minecraft:sprint_one_cm":96383,"minecraft:damage_taken":180,"minecraft:walk_one_cm":58135,"minecraft:mob_kills":3,"minecraft:drop":4,"minecraft:damage_dealt":394,"minecraft:interact_with_crafting_table":1,"minecraft:swim_one_cm":22146,"minecraft:fly_one_cm":187127,"minecraft:open_barrel":1,"minecraft:crouch_one_cm":1080,"minecraft:play_time":34580,"minecraft:sneak_time":375,"minecraft:walk_under_water_one_cm":2626,"minecraft:jump":833,"minecraft:walk_on_water_one_cm":8228,"minecraft:time_since_death":34580,"minecraft:total_world_time":34580,"minecraft:climb_one_cm":824,"minecraft:fall_one_cm":19807},"minecraft:used":{"minecraft:spruce_slab":1,"minecraft:ladder":2,"minecraft:oak_planks":5,"minecraft:spruce_trapdoor":1,"minecraft:oak_sapling":2,"minecraft:spruce_stairs":1,"minecraft:cooked_beef":3},"minecraft:dropped":{"minecraft:wheat_seeds":2,"minecraft:oak_sapling":1,"minecraft:apple":1},"minecraft:mined":{"minecraft:spruce_stairs":1,"minecraft:oak_sapling":1,"minecraft:spruce_trapdoor":1,"minecraft:ladder":2,"minecraft:grass":3,"minecraft:oak_log":4,"minecraft:tall_grass":4,"minecraft:oak_planks":2,"minecraft:spruce_slab":1,"minecraft:oak_leaves":6,"cobblemon:relic_coin_pouch":1}},"DataVersion":3465}