{"stats":{"minecraft:picked_up":{"minecraft:stick":2,"minecraft:crafting_table":1,"minecraft:ladder":2,"cobblemon:yellow_apricorn":3,"minecraft:spruce_stairs":1,"cobblemon:yellow_apricorn_seed":1,"minecraft:oak_log":4,"cobblemon:pink_apricorn":3,"cobblemon:heal_ball":1,"minecraft:apple":1,"cobblemon:poke_ball":8,"minecraft:wheat_seeds":3,"cobblemon:relic_coin":34,"minecraft:spruce_slab":1,"minecraft:bamboo":14,"minecraft:oak_sapling":3,"cobblemon:blue_apricorn":3,"minecraft:oak_planks":4,"minecraft:spruce_trapdoor":1},"minecraft:killed_by":{"minecraft:pillager":1},"minecraft:killed":{"minecraft:pillager":2,"cobblemon:pokemon":2,"minecraft:spider":1},"minecraft:crafted":{"minecraft:wooden_sword":1,"minecraft:oak_planks":16,"minecraft:crafting_table":1,"minecraft:stick":4},"minecraft:custom":{"minecraft:time_since_rest":32411,"minecraft:sprint_one_cm":237254,"minecraft:damage_taken":1135,"minecraft:walk_one_cm":154010,"minecraft:mob_kills":7,"minecraft:drop":8,"minecraft:damage_dealt":1027,"minecraft:interact_with_crafting_table":3,"minecraft:swim_one_cm":50792,"minecraft:fly_one_cm":391019,"minecraft:open_barrel":3,"minecraft:open_chest":1,"minecraft:crouch_one_cm":1736,"minecraft:play_time":82580,"minecraft:deaths":1,"minecraft:sneak_time":733,"minecraft:walk_under_water_one_cm":4178,"minecraft:jump":1785,"minecraft:walk_on_water_one_cm":13079,"minecraft:time_since_death":32358,"minecraft:total_world_time":82580,"minecraft:climb_one_cm":6234,"minecraft:fall_one_cm":49894},"minecraft:used":{"minecraft:spruce_slab":1,"minecraft:ladder":2,"minecraft:oak_planks":8,"minecraft:spruce_trapdoor":1,"minecraft:wooden_sword":21,"minecraft:crafting_table":1,"minecraft:oak_sapling":2,"minecraft:spruce_stairs":1,"minecraft:crossbow":1,"minecraft:cooked_beef":13},"minecraft:dropped":{"minecraft:wheat_seeds":3,"minecraft:glass_bottle":2,"minecraft:oak_sapling":1,"minecraft:crossbow":1,"minecraft:apple":1},"minecraft:mined":{"minecraft:spruce_stairs":1,"minecraft:oak_sapling":1,"minecraft:jungle_leaves":6,"minecraft:crafting_table":1,"minecraft:spruce_trapdoor":1,"minecraft:ladder":2,"minecraft:dark_oak_fence":1,"minecraft:grass":9,"minecraft:oak_log":4,"minecraft:tall_grass":4,"minecraft:bamboo":1,"minecraft:oak_planks":4,"minecraft:spruce_slab":1,"minecraft:oak_leaves":9,"cobblemon:relic_coin_pouch":1,"minecraft:fern":1}},"DataVersion":3465}