{"stats":{"minecraft:crafted":{"minecraft:wooden_sword":1,"cobgyms:lesser_cache":2,"minecraft:oak_planks":16,"minecraft:smooth_stone":2,"minecraft:furnace":1,"minecraft:stone":2,"minecraft:glass":1,"minecraft:chest":1,"minecraft:crafting_table":2,"cobgyms:lesser_shard_block":2,"cobgyms:lesser_shard":8,"minecraft:air":0,"minecraft:jungle_planks":16,"minecraft:stick":4,"minecraft:iron_pickaxe":1,"minecraft:white_bed":1},"minecraft:used":{"minecraft:tropical_fish":3,"minecraft:spruce_slab":2,"minecraft:ladder":2,"cobgyms:lesser_shard_block":1,"minecraft:player_head":1,"minecraft:dirt":36,"minecraft:mutton":8,"minecraft:spruce_stairs":1,"cobblemon:pc":1,"minecraft:oak_sapling":3,"minecraft:furnace":1,"minecraft:cooked_beef":15,"minecraft:oak_planks":8,"cobblemon:black_gilded_chest":1,"minecraft:crafting_table":8,"minecraft:crossbow":1,"minecraft:white_bed":5,"minecraft:cornflower":8,"minecraft:iron_pickaxe":187,"minecraft:spruce_trapdoor":1,"minecraft:wooden_sword":25,"minecraft:cobblestone":5,"minecraft:porkchop":2,"minecraft:oak_boat":1,"minecraft:coarse_dirt":2},"minecraft:dropped":{"minecraft:iron_ingot":2,"minecraft:wheat_seeds":6,"minecraft:glass_bottle":3,"minecraft:dripstone_block":1,"minecraft:crossbow":1,"minecraft:cobblestone":26,"minecraft:apple":3,"minecraft:stick":3,"minecraft:dirt":4,"cobblemon:relic_coin_sack":1,"minecraft:wooden_sword":1,"minecraft:sand":27,"minecraft:iron_pickaxe":1,"minecraft:smooth_stone":4,"minecraft:string":2,"minecraft:tripwire_hook":3,"minecraft:white_wool":3,"minecraft:cobbled_deepslate":30,"minecraft:tuff":5,"minecraft:rotten_flesh":2,"minecraft:oak_planks":1,"minecraft:oak_sapling":3,"minecraft:bamboo":14,"minecraft:glass":2},"minecraft:broken":{"minecraft:iron_pickaxe":1},"minecraft:mined":{"minecraft:tuff":5,"minecraft:white_bed":4,"minecraft:oak_sapling":1,"minecraft:deepslate_diamond_ore":2,"minecraft:jungle_leaves":8,"cobblemon:pc":1,"minecraft:ladder":2,"minecraft:spruce_trapdoor":1,"minecraft:dark_oak_fence":1,"minecraft:grass_block":8,"minecraft:jungle_log":4,"cobgyms:lesser_shard_block":2,"minecraft:mossy_cobblestone_stairs":1,"minecraft:iron_ore":3,"minecraft:deepslate_lapis_ore":7,"minecraft:vine":3,"minecraft:bamboo":1,"minecraft:stone":41,"minecraft:spruce_slab":2,"minecraft:glass_pane":2,"minecraft:player_wall_head":1,"minecraft:crafting_table":6,"minecraft:cornflower":4,"minecraft:tall_grass":6,"minecraft:copper_ore":13,"minecraft:cobblestone":2,"minecraft:oak_planks":4,"cobblemon:relic_coin_pouch":1,"minecraft:spruce_stairs":1,"minecraft:coarse_dirt":2,"minecraft:spruce_log":2,"minecraft:grass":33,"minecraft:oak_log":4,"minecraft:dripstone_block":2,"minecraft:sand":10,"minecraft:dirt":11,"minecraft:oak_leaves":31,"minecraft:deepslate":15,"minecraft:fern":3},"minecraft:picked_up":{"minecraft:crafting_table":6,"minecraft:coarse_dirt":2,"minecraft:ladder":2,"cobblemon:yellow_apricorn":3,"cobblemon:red_apricorn":1,"minecraft:cornflower":8,"minecraft:string":2,"minecraft:raw_copper":37,"minecraft:cobbled_deepslate":30,"minecraft:smooth_stone":2,"cobblemon:relic_coin":1107,"cobblemon:oran_berry":37,"minecraft:oak_boat":1,"minecraft:player_head":1,"minecraft:iron_pickaxe":1,"minecraft:spruce_slab":2,"minecraft:chest":1,"minecraft:spruce_trapdoor":1,"minecraft:stick":2,"minecraft:raw_iron":3,"cobblemon:pc":1,"minecraft:spruce_stairs":1,"minecraft:porkchop":2,"minecraft:rotten_flesh":2,"minecraft:tropical_fish":3,"minecraft:mutton":8,"cobblemon:blue_apricorn":7,"minecraft:white_wool":6,"minecraft:cobblestone":67,"minecraft:tripwire_hook":7,"minecraft:jungle_log":4,"minecraft:tuff":5,"minecraft:oak_log":4,"minecraft:lapis_lazuli":50,"minecraft:dirt":40,"cobblemon:heal_ball":6,"minecraft:glass":1,"minecraft:apple":3,"minecraft:wheat_seeds":6,"minecraft:iron_ingot":39,"cobgyms:lesser_shard_block":1,"minecraft:bamboo":14,"minecraft:oak_planks":4,"cobblemon:red_apricorn_seed":1,"minecraft:dripstone_block":1,"minecraft:sand":37,"cobblemon:yellow_apricorn_seed":1,"cobblemon:pink_apricorn":3,"minecraft:white_bed":4,"minecraft:diamond":2,"cobblemon:poke_ball":11,"minecraft:oak_sapling":6},"minecraft:killed":{"minecraft:spider":2,"minecraft:pig":1,"cobblemon:pokemon":29,"minecraft:sheep":5,"minecraft:pillager":2,"minecraft:zombie":2},"minecraft:custom":{"minecraft:mob_kills":44,"minecraft:interact_with_crafting_table":17,"minecraft:open_barrel":3,"minecraft:leave_game":7,"minecraft:time_since_death":23567,"minecraft:climb_one_cm":15330,"minecraft:sprint_one_cm":964089,"minecraft:walk_one_cm":530447,"minecraft:drop":65,"minecraft:play_time":360550,"minecraft:deaths":52,"minecraft:sneak_time":6502,"minecraft:walk_under_water_one_cm":18262,"minecraft:boat_one_cm":18315,"minecraft:jump":8179,"minecraft:walk_on_water_one_cm":48484,"minecraft:total_world_time":360550,"minecraft:interact_with_furnace":2,"minecraft:sleep_in_bed":2,"minecraft:time_since_rest":23613,"minecraft:damage_taken":15483,"minecraft:damage_dealt":5488,"minecraft:swim_one_cm":140760,"minecraft:fly_one_cm":1441803,"minecraft:open_chest":7,"minecraft:crouch_one_cm":14128,"minecraft:fall_one_cm":317471},"minecraft:killed_by":{"minecraft:player":16,"minecraft:pillager":1,"minecraft:skeleton":5,"minecraft:zombie":3}},"DataVersion":3465}