{"stats":{"minecraft:picked_up":{"minecraft:crafting_table":1,"minecraft:ladder":2,"cobblemon:yellow_apricorn":3,"minecraft:spruce_stairs":1,"cobblemon:yellow_apricorn_seed":1,"minecraft:oak_log":4,"minecraft:apple":1,"cobblemon:poke_ball":5,"minecraft:wheat_seeds":3,"cobblemon:relic_coin":34,"minecraft:spruce_slab":1,"minecraft:oak_sapling":3,"cobblemon:blue_apricorn":3,"minecraft:oak_planks":4,"minecraft:spruce_trapdoor":1},"minecraft:killed_by":{"minecraft:pillager":1},"minecraft:killed":{"minecraft:pillager":2,"cobblemon:pokemon":2},"minecraft:crafted":{"minecraft:wooden_sword":1,"minecraft:oak_planks":16,"minecraft:crafting_table":1,"minecraft:stick":4},"minecraft:custom":{"minecraft:time_since_rest":8411,"minecraft:sprint_one_cm":178251,"minecraft:damage_taken":870,"minecraft:walk_one_cm":114743,"minecraft:mob_kills":6,"minecraft:drop":7,"minecraft:damage_dealt":867,"minecraft:interact_with_crafting_table":3,"minecraft:swim_one_cm":40044,"minecraft:fly_one_cm":325274,"minecraft:open_barrel":1,"minecraft:open_chest":1,"minecraft:crouch_one_cm":1690,"minecraft:play_time":58580,"minecraft:deaths":1,"minecraft:sneak_time":669,"minecraft:walk_under_water_one_cm":3833,"minecraft:jump":1409,"minecraft:walk_on_water_one_cm":10856,"minecraft:time_since_death":8358,"minecraft:total_world_time":58580,"minecraft:climb_one_cm":824,"minecraft:fall_one_cm":39458},"minecraft:used":{"minecraft:spruce_slab":1,"minecraft:ladder":2,"minecraft:oak_planks":8,"minecraft:spruce_trapdoor":1,"minecraft:wooden_sword":13,"minecraft:crafting_table":1,"minecraft:oak_sapling":2,"minecraft:spruce_stairs":1,"minecraft:crossbow":1,"minecraft:cooked_beef":10},"minecraft:dropped":{"minecraft:wheat_seeds":3,"minecraft:glass_bottle":1,"minecraft:oak_sapling":1,"minecraft:crossbow":1,"minecraft:apple":1},"minecraft:mined":{"minecraft:spruce_stairs":1,"minecraft:oak_sapling":1,"minecraft:crafting_table":1,"minecraft:spruce_trapdoor":1,"minecraft:ladder":2,"minecraft:dark_oak_fence":1,"minecraft:grass":8,"minecraft:oak_log":4,"minecraft:tall_grass":4,"minecraft:oak_planks":4,"minecraft:spruce_slab":1,"minecraft:oak_leaves":9,"cobblemon:relic_coin_pouch":1}},"DataVersion":3465}