{"stats":{"minecraft:killed":{"minecraft:pillager":2,"cobblemon:pokemon":2,"minecraft:spider":1},"minecraft:custom":{"minecraft:time_since_rest":46134,"minecraft:sprint_one_cm":310275,"minecraft:damage_taken":1740,"minecraft:walk_one_cm":186325,"minecraft:mob_kills":7,"minecraft:drop":11,"minecraft:damage_dealt":1134,"minecraft:swim_one_cm":61003,"minecraft:interact_with_crafting_table":3,"minecraft:fly_one_cm":486051,"minecraft:open_barrel":3,"minecraft:open_chest":1,"minecraft:crouch_one_cm":2962,"minecraft:play_time":136196,"minecraft:deaths":3,"minecraft:sneak_time":1353,"minecraft:walk_under_water_one_cm":4195,"minecraft:jump":2386,"minecraft:time_since_death":46108,"minecraft:walk_on_water_one_cm":19634,"minecraft:total_world_time":136196,"minecraft:climb_one_cm":6888,"minecraft:fall_one_cm":75319},"minecraft:picked_up":{"cobblemon:red_apricorn_seed":1,"minecraft:stick":2,"minecraft:crafting_table":1,"minecraft:ladder":2,"cobblemon:yellow_apricorn":3,"cobblemon:red_apricorn":1,"minecraft:spruce_stairs":1,"cobblemon:yellow_apricorn_seed":1,"minecraft:oak_log":4,"cobblemon:pink_apricorn":3,"minecraft:dirt":4,"cobblemon:heal_ball":2,"minecraft:apple":1,"cobblemon:poke_ball":11,"minecraft:wheat_seeds":3,"cobblemon:relic_coin":34,"minecraft:spruce_slab":1,"minecraft:bamboo":14,"minecraft:oak_sapling":5,"minecraft:oak_planks":4,"minecraft:spruce_trapdoor":1,"cobblemon:blue_apricorn":7},"minecraft:killed_by":{"minecraft:skeleton":1,"minecraft:pillager":1},"minecraft:used":{"minecraft:spruce_slab":1,"minecraft:oak_planks":8,"minecraft:ladder":2,"minecraft:spruce_trapdoor":1,"minecraft:wooden_sword":25,"minecraft:dirt":4,"minecraft:crafting_table":1,"minecraft:oak_sapling":3,"minecraft:spruce_stairs":1,"minecraft:crossbow":1,"minecraft:cooked_beef":15},"minecraft:crafted":{"minecraft:wooden_sword":1,"minecraft:oak_planks":16,"minecraft:crafting_table":1,"minecraft:stick":4},"minecraft:dropped":{"minecraft:wheat_seeds":3,"minecraft:glass_bottle":3,"minecraft:oak_sapling":2,"minecraft:crossbow":1,"minecraft:wooden_sword":1,"minecraft:apple":1},"minecraft:mined":{"minecraft:spruce_stairs":1,"minecraft:oak_sapling":1,"minecraft:jungle_leaves":8,"minecraft:crafting_table":1,"minecraft:spruce_trapdoor":1,"minecraft:ladder":2,"minecraft:dark_oak_fence":1,"minecraft:grass":10,"minecraft:grass_block":2,"minecraft:oak_log":4,"minecraft:dirt":2,"minecraft:tall_grass":4,"minecraft:bamboo":1,"minecraft:oak_planks":4,"minecraft:oak_leaves":20,"minecraft:spruce_slab":1,"cobblemon:relic_coin_pouch":1,"minecraft:fern":1}},"DataVersion":3465}