{"stats":{"minecraft:crafted":{"minecraft:wooden_sword":1,"cobgyms:lesser_cache":2,"minecraft:oak_planks":24,"minecraft:smooth_stone":2,"minecraft:furnace":1,"minecraft:stone":2,"minecraft:glass":1,"minecraft:chest":1,"minecraft:crafting_table":3,"cobgyms:lesser_shard_block":2,"cobgyms:lesser_shard":8,"minecraft:air":0,"minecraft:jungle_planks":16,"minecraft:stick":8,"minecraft:iron_pickaxe":2,"minecraft:white_bed":1},"minecraft:used":{"minecraft:tropical_fish":3,"minecraft:spruce_slab":2,"minecraft:ladder":2,"cobgyms:lesser_shard_block":1,"minecraft:iron_sword":1,"minecraft:player_head":1,"minecraft:dirt":36,"minecraft:mutton":8,"minecraft:spruce_stairs":1,"cobblemon:gimmighoul_chest":1,"cobblemon:pc":1,"minecraft:furnace":1,"minecraft:oak_sapling":3,"minecraft:cooked_beef":15,"minecraft:oak_planks":8,"cobblemon:black_gilded_chest":2,"minecraft:crafting_table":9,"minecraft:crossbow":1,"minecraft:white_bed":5,"cobblemon:healing_machine":1,"minecraft:cornflower":8,"minecraft:iron_pickaxe":190,"minecraft:spruce_trapdoor":1,"minecraft:wooden_sword":25,"minecraft:cobblestone":5,"minecraft:porkchop":2,"minecraft:oak_boat":1,"minecraft:coarse_dirt":2},"minecraft:dropped":{"minecraft:iron_ingot":2,"minecraft:iron_sword":2,"minecraft:wheat_seeds":6,"minecraft:glass_bottle":3,"minecraft:dripstone_block":1,"minecraft:crossbow":1,"minecraft:cobblestone":52,"minecraft:apple":3,"minecraft:stick":3,"minecraft:dirt":9,"cobblemon:relic_coin_sack":1,"minecraft:wooden_sword":1,"minecraft:sand":54,"minecraft:iron_pickaxe":1,"minecraft:smooth_stone":4,"minecraft:string":2,"minecraft:tripwire_hook":3,"minecraft:white_wool":3,"minecraft:cobbled_deepslate":30,"minecraft:tuff":5,"minecraft:wheat":9,"minecraft:raw_iron":3,"minecraft:rotten_flesh":2,"minecraft:oak_planks":4,"minecraft:oak_sapling":3,"minecraft:bamboo":14,"minecraft:glass":2},"minecraft:broken":{"minecraft:iron_pickaxe":1},"minecraft:mined":{"cobblemon:healing_machine":1,"minecraft:tuff":5,"minecraft:white_bed":4,"minecraft:oak_sapling":1,"minecraft:deepslate_diamond_ore":2,"minecraft:jungle_leaves":8,"cobblemon:pc":1,"minecraft:ladder":2,"minecraft:spruce_trapdoor":1,"minecraft:dark_oak_fence":1,"minecraft:grass_block":10,"minecraft:jungle_log":4,"cobgyms:lesser_shard_block":2,"minecraft:mossy_cobblestone_stairs":1,"minecraft:iron_ore":3,"minecraft:deepslate_lapis_ore":7,"minecraft:vine":3,"minecraft:bamboo":1,"minecraft:stone":41,"minecraft:spruce_slab":2,"minecraft:glass_pane":2,"minecraft:player_wall_head":1,"minecraft:crafting_table":7,"minecraft:cornflower":4,"minecraft:tall_grass":6,"minecraft:copper_ore":13,"minecraft:cobblestone":2,"minecraft:oak_planks":4,"cobblemon:relic_coin_pouch":1,"minecraft:spruce_stairs":1,"minecraft:coarse_dirt":2,"minecraft:spruce_log":2,"minecraft:grass":33,"minecraft:oak_log":6,"minecraft:dripstone_block":2,"minecraft:sand":10,"minecraft:dirt":11,"minecraft:oak_leaves":31,"minecraft:deepslate":15,"minecraft:fern":3},"minecraft:picked_up":{"minecraft:crafting_table":7,"minecraft:coarse_dirt":2,"minecraft:ladder":2,"cobblemon:yellow_apricorn":3,"cobblemon:red_apricorn":1,"minecraft:cornflower":8,"minecraft:string":2,"minecraft:raw_copper":37,"minecraft:cobbled_deepslate":30,"minecraft:smooth_stone":2,"cobblemon:relic_coin":3256,"cobblemon:oran_berry":37,"minecraft:oak_boat":1,"minecraft:player_head":1,"minecraft:iron_pickaxe":1,"minecraft:spruce_slab":2,"minecraft:chest":1,"minecraft:spruce_trapdoor":1,"minecraft:raw_iron":6,"minecraft:stick":2,"cobblemon:pc":1,"cobblemon:love_ball":1,"minecraft:spruce_stairs":1,"minecraft:porkchop":2,"minecraft:rotten_flesh":2,"minecraft:tropical_fish":3,"minecraft:mutton":8,"cobblemon:blue_apricorn":7,"minecraft:white_wool":6,"minecraft:cobblestone":93,"cobblemon:ancient_verdant_ball":2,"minecraft:tripwire_hook":7,"minecraft:jungle_log":4,"minecraft:tuff":5,"minecraft:oak_log":5,"minecraft:lapis_lazuli":50,"minecraft:dirt":44,"cobblemon:heal_ball":6,"minecraft:glass":1,"minecraft:apple":3,"minecraft:wheat_seeds":6,"minecraft:iron_ingot":39,"minecraft:bamboo":14,"cobgyms:lesser_shard_block":1,"minecraft:oak_planks":5,"minecraft:iron_sword":2,"cobblemon:red_apricorn_seed":1,"cobgyms:gym_key":1,"minecraft:dripstone_block":1,"justhammers:iron_hammer":1,"minecraft:sand":55,"cobblemon:yellow_apricorn_seed":1,"cobblemon:pink_apricorn":3,"minecraft:white_bed":4,"cobblemon:healing_machine":1,"minecraft:diamond":2,"cobblemon:poke_ball":11,"minecraft:oak_sapling":6},"minecraft:killed":{"minecraft:spider":2,"minecraft:pig":1,"cobblemon:pokemon":58,"minecraft:sheep":5,"minecraft:pillager":2,"minecraft:zombie":2},"minecraft:custom":{"minecraft:mob_kills":78,"minecraft:interact_with_crafting_table":18,"minecraft:open_barrel":3,"minecraft:leave_game":8,"minecraft:time_since_death":4825,"minecraft:climb_one_cm":17045,"minecraft:sprint_one_cm":1035445,"minecraft:walk_one_cm":640410,"minecraft:drop":80,"minecraft:play_time":432391,"minecraft:deaths":56,"minecraft:sneak_time":6658,"minecraft:walk_under_water_one_cm":18343,"minecraft:boat_one_cm":18315,"minecraft:jump":9361,"minecraft:walk_on_water_one_cm":48650,"minecraft:total_world_time":432391,"minecraft:interact_with_furnace":2,"minecraft:sleep_in_bed":2,"minecraft:time_since_rest":4874,"minecraft:damage_taken":16105,"minecraft:damage_dealt":8513,"minecraft:swim_one_cm":140760,"minecraft:fly_one_cm":1590323,"minecraft:open_chest":7,"minecraft:crouch_one_cm":14803,"minecraft:fall_one_cm":355141},"minecraft:killed_by":{"minecraft:player":17,"minecraft:pillager":1,"minecraft:skeleton":5,"minecraft:zombie":3}},"DataVersion":3465}