{"stats":{"minecraft:picked_up":{"minecraft:apple":1,"cobblemon:poke_ball":2,"minecraft:spruce_stairs":1,"cobblemon:relic_coin":1,"minecraft:oak_log":4,"minecraft:spruce_slab":1,"minecraft:oak_sapling":3},"minecraft:killed":{"cobblemon:pokemon":1},"minecraft:custom":{"minecraft:time_since_rest":10580,"minecraft:crouch_one_cm":88,"minecraft:play_time":10580,"minecraft:sprint_one_cm":33682,"minecraft:damage_taken":20,"minecraft:walk_one_cm":16679,"minecraft:sneak_time":80,"minecraft:walk_under_water_one_cm":2309,"minecraft:mob_kills":1,"minecraft:drop":2,"minecraft:jump":199,"minecraft:damage_dealt":100,"minecraft:time_since_death":10580,"minecraft:walk_on_water_one_cm":6086,"minecraft:total_world_time":10580,"minecraft:swim_one_cm":22146,"minecraft:fall_one_cm":4784,"minecraft:fly_one_cm":33526},"minecraft:used":{"minecraft:oak_sapling":2,"minecraft:spruce_stairs":1},"minecraft:dropped":{"minecraft:apple":1,"minecraft:oak_sapling":1},"minecraft:mined":{"minecraft:spruce_stairs":1,"minecraft:grass":1,"minecraft:oak_log":4,"minecraft:oak_sapling":1,"minecraft:oak_leaves":6,"minecraft:spruce_slab":1}},"DataVersion":3465}