{"stats":{"minecraft:crafted":{"minecraft:wooden_sword":1,"minecraft:smooth_stone":2,"minecraft:oak_planks":16,"cobgyms:lesser_cache":2,"minecraft:crafting_table":2,"cobgyms:lesser_shard_block":2,"minecraft:furnace":1,"minecraft:stone":2,"cobgyms:lesser_shard":8,"minecraft:air":0,"minecraft:jungle_planks":16,"minecraft:glass":1,"minecraft:stick":4,"minecraft:iron_pickaxe":1,"minecraft:chest":1,"minecraft:white_bed":1},"minecraft:used":{"minecraft:tropical_fish":3,"minecraft:spruce_slab":2,"minecraft:oak_planks":8,"minecraft:ladder":2,"cobblemon:black_gilded_chest":1,"cobgyms:lesser_shard_block":1,"minecraft:player_head":1,"minecraft:dirt":35,"minecraft:mutton":8,"minecraft:crafting_table":8,"minecraft:white_bed":5,"minecraft:spruce_stairs":1,"minecraft:crossbow":1,"minecraft:cornflower":8,"minecraft:iron_pickaxe":182,"minecraft:spruce_trapdoor":1,"minecraft:wooden_sword":25,"minecraft:cobblestone":5,"minecraft:furnace":1,"minecraft:oak_sapling":3,"minecraft:porkchop":2,"minecraft:oak_boat":1,"minecraft:cooked_beef":15,"minecraft:coarse_dirt":2},"minecraft:dropped":{"minecraft:iron_ingot":2,"minecraft:wheat_seeds":6,"minecraft:glass_bottle":3,"minecraft:dripstone_block":1,"minecraft:tuff":5,"minecraft:crossbow":1,"minecraft:rotten_flesh":2,"minecraft:oak_planks":1,"minecraft:apple":3,"minecraft:dirt":4,"cobblemon:relic_coin_sack":1,"minecraft:oak_sapling":3,"minecraft:wooden_sword":1,"minecraft:iron_pickaxe":1,"minecraft:string":2,"minecraft:tripwire_hook":3,"minecraft:white_wool":3},"minecraft:mined":{"minecraft:tuff":5,"minecraft:white_bed":4,"minecraft:glass_pane":2,"minecraft:oak_sapling":1,"minecraft:deepslate_diamond_ore":2,"minecraft:player_wall_head":1,"minecraft:jungle_leaves":8,"minecraft:crafting_table":6,"minecraft:cornflower":4,"minecraft:spruce_trapdoor":1,"minecraft:ladder":2,"minecraft:dark_oak_fence":1,"minecraft:grass_block":7,"minecraft:jungle_log":4,"minecraft:copper_ore":13,"minecraft:tall_grass":6,"minecraft:cobblestone":2,"minecraft:oak_planks":4,"cobblemon:relic_coin_pouch":1,"minecraft:spruce_stairs":1,"cobgyms:lesser_shard_block":2,"minecraft:coarse_dirt":2,"minecraft:mossy_cobblestone_stairs":1,"minecraft:iron_ore":3,"minecraft:spruce_log":2,"minecraft:deepslate_lapis_ore":7,"minecraft:grass":33,"minecraft:oak_log":4,"minecraft:vine":3,"minecraft:sand":10,"minecraft:dripstone_block":2,"minecraft:dirt":11,"minecraft:bamboo":1,"minecraft:stone":41,"minecraft:oak_leaves":31,"minecraft:spruce_slab":2,"minecraft:deepslate":15,"minecraft:fern":3},"minecraft:picked_up":{"minecraft:coarse_dirt":2,"minecraft:crafting_table":6,"minecraft:tripwire_hook":4,"minecraft:ladder":2,"minecraft:jungle_log":4,"cobblemon:yellow_apricorn":3,"cobblemon:red_apricorn":1,"minecraft:tuff":5,"minecraft:oak_log":4,"minecraft:dirt":39,"minecraft:lapis_lazuli":50,"minecraft:cornflower":8,"minecraft:string":2,"minecraft:raw_copper":37,"cobblemon:heal_ball":6,"minecraft:apple":3,"minecraft:wheat_seeds":6,"minecraft:cobbled_deepslate":15,"minecraft:iron_ingot":39,"minecraft:oak_boat":1,"cobblemon:oran_berry":37,"cobblemon:relic_coin":443,"minecraft:player_head":1,"minecraft:spruce_slab":2,"minecraft:iron_pickaxe":1,"minecraft:bamboo":14,"cobgyms:lesser_shard_block":1,"minecraft:chest":1,"minecraft:oak_planks":4,"minecraft:spruce_trapdoor":1,"minecraft:stick":2,"cobblemon:red_apricorn_seed":1,"minecraft:raw_iron":3,"minecraft:spruce_stairs":1,"minecraft:dripstone_block":1,"minecraft:sand":10,"minecraft:porkchop":2,"cobblemon:yellow_apricorn_seed":1,"cobblemon:pink_apricorn":3,"minecraft:white_bed":4,"minecraft:rotten_flesh":2,"minecraft:diamond":2,"minecraft:tropical_fish":3,"cobblemon:poke_ball":11,"minecraft:oak_sapling":6,"minecraft:mutton":8,"cobblemon:blue_apricorn":7,"minecraft:white_wool":6,"minecraft:cobblestone":41},"minecraft:killed":{"minecraft:pig":1,"cobblemon:pokemon":13,"minecraft:spider":2,"minecraft:sheep":5,"minecraft:pillager":2,"minecraft:zombie":2},"minecraft:custom":{"minecraft:interact_with_furnace":2,"minecraft:mob_kills":28,"minecraft:interact_with_crafting_table":17,"minecraft:open_barrel":3,"minecraft:leave_game":7,"minecraft:time_since_death":7738,"minecraft:sleep_in_bed":2,"minecraft:climb_one_cm":13856,"minecraft:time_since_rest":7764,"minecraft:sprint_one_cm":929698,"minecraft:damage_taken":15275,"minecraft:walk_one_cm":491938,"minecraft:drop":37,"minecraft:damage_dealt":3888,"minecraft:swim_one_cm":140760,"minecraft:fly_one_cm":1404483,"minecraft:open_chest":7,"minecraft:crouch_one_cm":14128,"minecraft:play_time":336550,"minecraft:deaths":51,"minecraft:sneak_time":6502,"minecraft:walk_under_water_one_cm":18262,"minecraft:boat_one_cm":18315,"minecraft:jump":7721,"minecraft:walk_on_water_one_cm":48484,"minecraft:total_world_time":336550,"minecraft:fall_one_cm":307060},"minecraft:killed_by":{"minecraft:player":16,"minecraft:skeleton":5,"minecraft:zombie":3,"minecraft:pillager":1}},"DataVersion":3465}