{"stats":{"minecraft:custom":{"minecraft:mob_kills":16,"minecraft:interact_with_crafting_table":14,"minecraft:open_barrel":3,"minecraft:leave_game":7,"minecraft:time_since_death":8134,"minecraft:climb_one_cm":12644,"minecraft:sleep_in_bed":2,"minecraft:time_since_rest":8162,"minecraft:sprint_one_cm":786700,"minecraft:damage_taken":9503,"minecraft:walk_one_cm":405667,"minecraft:drop":29,"minecraft:damage_dealt":2628,"minecraft:swim_one_cm":139366,"minecraft:fly_one_cm":1143783,"minecraft:open_chest":3,"minecraft:crouch_one_cm":12368,"minecraft:play_time":290170,"minecraft:deaths":39,"minecraft:sneak_time":5563,"minecraft:walk_under_water_one_cm":16212,"minecraft:boat_one_cm":18315,"minecraft:jump":6152,"minecraft:walk_on_water_one_cm":46829,"minecraft:total_world_time":290170,"minecraft:fall_one_cm":219254},"minecraft:killed_by":{"minecraft:player":16,"minecraft:skeleton":5,"minecraft:zombie":3,"minecraft:pillager":1},"minecraft:crafted":{"minecraft:wooden_sword":1,"minecraft:oak_planks":16,"cobgyms:lesser_cache":2,"minecraft:crafting_table":2,"cobgyms:lesser_shard_block":2,"cobgyms:lesser_shard":8,"minecraft:jungle_planks":16,"minecraft:stick":4,"minecraft:iron_pickaxe":1,"minecraft:chest":1,"minecraft:white_bed":1},"minecraft:dropped":{"minecraft:iron_ingot":2,"minecraft:wheat_seeds":6,"minecraft:glass_bottle":3,"minecraft:dripstone_block":1,"minecraft:tuff":5,"minecraft:crossbow":1,"minecraft:rotten_flesh":2,"minecraft:oak_planks":1,"minecraft:apple":3,"minecraft:dirt":1,"minecraft:oak_sapling":3,"minecraft:wooden_sword":1,"minecraft:iron_pickaxe":1,"minecraft:string":2,"minecraft:white_wool":2},"minecraft:used":{"minecraft:tropical_fish":3,"minecraft:spruce_slab":1,"minecraft:oak_planks":8,"minecraft:ladder":2,"cobgyms:lesser_shard_block":1,"minecraft:player_head":1,"minecraft:dirt":27,"minecraft:mutton":7,"minecraft:crafting_table":6,"minecraft:white_bed":5,"minecraft:spruce_stairs":1,"minecraft:crossbow":1,"minecraft:cornflower":7,"minecraft:iron_pickaxe":92,"minecraft:spruce_trapdoor":1,"minecraft:wooden_sword":25,"minecraft:cobblestone":4,"minecraft:oak_sapling":3,"minecraft:porkchop":2,"minecraft:oak_boat":1,"minecraft:cooked_beef":15},"minecraft:killed":{"minecraft:pig":1,"cobblemon:pokemon":2,"minecraft:spider":2,"minecraft:sheep":4,"minecraft:pillager":2,"minecraft:zombie":2},"minecraft:picked_up":{"minecraft:crafting_table":5,"minecraft:ladder":2,"minecraft:jungle_log":4,"cobblemon:yellow_apricorn":3,"cobblemon:red_apricorn":1,"minecraft:tuff":5,"minecraft:oak_log":4,"minecraft:dirt":28,"minecraft:lapis_lazuli":50,"minecraft:cornflower":7,"minecraft:string":2,"cobblemon:heal_ball":5,"minecraft:apple":3,"minecraft:wheat_seeds":6,"minecraft:cobbled_deepslate":15,"minecraft:oak_boat":1,"cobblemon:oran_berry":10,"cobblemon:relic_coin":34,"minecraft:player_head":1,"minecraft:spruce_slab":1,"minecraft:iron_pickaxe":1,"minecraft:bamboo":14,"cobgyms:lesser_shard_block":1,"minecraft:chest":1,"minecraft:oak_planks":4,"minecraft:spruce_trapdoor":1,"minecraft:stick":2,"cobblemon:red_apricorn_seed":1,"minecraft:raw_iron":3,"minecraft:spruce_stairs":1,"minecraft:dripstone_block":1,"minecraft:porkchop":2,"cobblemon:yellow_apricorn_seed":1,"cobblemon:pink_apricorn":3,"minecraft:white_bed":4,"minecraft:rotten_flesh":2,"minecraft:diamond":2,"minecraft:tropical_fish":3,"cobblemon:poke_ball":11,"minecraft:oak_sapling":6,"minecraft:mutton":7,"cobblemon:blue_apricorn":7,"minecraft:white_wool":5,"minecraft:cobblestone":4},"minecraft:mined":{"minecraft:tuff":5,"minecraft:white_bed":4,"minecraft:glass_pane":2,"minecraft:oak_sapling":1,"minecraft:deepslate_diamond_ore":2,"minecraft:player_wall_head":1,"minecraft:jungle_leaves":8,"minecraft:crafting_table":5,"minecraft:cornflower":3,"minecraft:spruce_trapdoor":1,"minecraft:ladder":2,"minecraft:dark_oak_fence":1,"minecraft:grass_block":4,"minecraft:jungle_log":4,"minecraft:tall_grass":5,"minecraft:cobblestone":1,"minecraft:oak_planks":4,"cobblemon:relic_coin_pouch":1,"minecraft:spruce_stairs":1,"cobgyms:lesser_shard_block":2,"minecraft:iron_ore":3,"minecraft:spruce_log":2,"minecraft:deepslate_lapis_ore":7,"minecraft:grass":25,"minecraft:oak_log":4,"minecraft:vine":3,"minecraft:dripstone_block":2,"minecraft:dirt":3,"minecraft:bamboo":1,"minecraft:stone":2,"minecraft:oak_leaves":28,"minecraft:spruce_slab":1,"minecraft:deepslate":15,"minecraft:fern":2}},"DataVersion":3465}