{"stats":{"minecraft:custom":{"minecraft:mob_kills":12,"minecraft:interact_with_crafting_table":6,"minecraft:open_barrel":3,"minecraft:leave_game":3,"minecraft:sleep_in_bed":1,"minecraft:time_since_death":10600,"minecraft:climb_one_cm":7943,"minecraft:time_since_rest":134,"minecraft:sprint_one_cm":442699,"minecraft:damage_taken":4327,"minecraft:walk_one_cm":269357,"minecraft:drop":15,"minecraft:damage_dealt":1863,"minecraft:swim_one_cm":83569,"minecraft:fly_one_cm":663846,"minecraft:open_chest":1,"minecraft:crouch_one_cm":3818,"minecraft:play_time":176581,"minecraft:deaths":16,"minecraft:sneak_time":1712,"minecraft:walk_under_water_one_cm":9125,"minecraft:jump":3545,"minecraft:walk_on_water_one_cm":35035,"minecraft:total_world_time":176581,"minecraft:fall_one_cm":108542},"minecraft:crafted":{"minecraft:wooden_sword":1,"minecraft:oak_planks":16,"minecraft:crafting_table":1,"cobgyms:lesser_shard_block":2,"minecraft:stick":4,"minecraft:iron_pickaxe":1,"minecraft:white_bed":1},"minecraft:used":{"minecraft:spruce_slab":1,"minecraft:oak_planks":8,"minecraft:ladder":2,"cobgyms:lesser_shard_block":1,"minecraft:dirt":4,"minecraft:mutton":1,"minecraft:crafting_table":4,"minecraft:spruce_stairs":1,"minecraft:crossbow":1,"minecraft:white_bed":2,"minecraft:iron_pickaxe":58,"minecraft:spruce_trapdoor":1,"minecraft:wooden_sword":25,"minecraft:oak_sapling":3,"minecraft:cooked_beef":15},"minecraft:dropped":{"minecraft:wheat_seeds":4,"minecraft:glass_bottle":3,"minecraft:crossbow":1,"minecraft:apple":1,"minecraft:oak_sapling":2,"minecraft:wooden_sword":1,"minecraft:iron_pickaxe":1,"minecraft:white_wool":2},"minecraft:killed_by":{"minecraft:player":8,"minecraft:skeleton":2,"minecraft:pillager":1},"minecraft:picked_up":{"minecraft:crafting_table":4,"minecraft:ladder":2,"cobblemon:yellow_apricorn":3,"cobblemon:red_apricorn":1,"minecraft:tuff":5,"minecraft:oak_log":4,"minecraft:string":2,"minecraft:lapis_lazuli":50,"minecraft:dirt":4,"cobblemon:heal_ball":2,"minecraft:apple":1,"minecraft:wheat_seeds":4,"minecraft:cobbled_deepslate":15,"cobblemon:relic_coin":34,"cobgyms:lesser_shard_block":1,"minecraft:spruce_slab":1,"minecraft:iron_pickaxe":1,"minecraft:bamboo":14,"minecraft:oak_planks":4,"minecraft:spruce_trapdoor":1,"cobblemon:red_apricorn_seed":1,"minecraft:stick":2,"minecraft:spruce_stairs":1,"cobblemon:yellow_apricorn_seed":1,"cobblemon:pink_apricorn":3,"minecraft:white_bed":1,"minecraft:diamond":2,"minecraft:tropical_fish":3,"cobblemon:poke_ball":11,"minecraft:oak_sapling":5,"minecraft:mutton":6,"cobblemon:blue_apricorn":7,"minecraft:white_wool":5,"minecraft:cobblestone":2},"minecraft:mined":{"minecraft:tuff":5,"minecraft:white_bed":1,"minecraft:oak_sapling":1,"minecraft:deepslate_diamond_ore":2,"minecraft:jungle_leaves":8,"minecraft:crafting_table":4,"minecraft:spruce_trapdoor":1,"minecraft:ladder":2,"minecraft:dark_oak_fence":1,"minecraft:grass_block":2,"minecraft:tall_grass":4,"minecraft:cobblestone":1,"minecraft:oak_planks":4,"cobblemon:relic_coin_pouch":1,"minecraft:spruce_stairs":1,"cobgyms:lesser_shard_block":1,"minecraft:deepslate_lapis_ore":7,"minecraft:grass":17,"minecraft:oak_log":4,"minecraft:dirt":2,"minecraft:bamboo":1,"minecraft:oak_leaves":21,"minecraft:spruce_slab":1,"minecraft:deepslate":15,"minecraft:fern":1},"minecraft:killed":{"cobblemon:pokemon":2,"minecraft:spider":2,"minecraft:sheep":3,"minecraft:pillager":2}},"DataVersion":3465}