{"stats":{"minecraft:custom":{"minecraft:mob_kills":8,"minecraft:interact_with_crafting_table":5,"minecraft:open_barrel":3,"minecraft:leave_game":2,"minecraft:time_since_death":5044,"minecraft:climb_one_cm":7943,"minecraft:time_since_rest":5079,"minecraft:sprint_one_cm":408361,"minecraft:damage_taken":4092,"minecraft:walk_one_cm":230561,"minecraft:drop":12,"minecraft:damage_dealt":1593,"minecraft:swim_one_cm":81225,"minecraft:fly_one_cm":596337,"minecraft:open_chest":1,"minecraft:crouch_one_cm":3797,"minecraft:play_time":162312,"minecraft:deaths":15,"minecraft:sneak_time":1673,"minecraft:walk_under_water_one_cm":7351,"minecraft:jump":3032,"minecraft:walk_on_water_one_cm":31014,"minecraft:total_world_time":162312,"minecraft:fall_one_cm":94368},"minecraft:crafted":{"minecraft:wooden_sword":1,"minecraft:oak_planks":16,"minecraft:crafting_table":1,"minecraft:stick":4,"minecraft:iron_pickaxe":1},"minecraft:used":{"minecraft:spruce_slab":1,"minecraft:oak_planks":8,"minecraft:ladder":2,"minecraft:dirt":4,"minecraft:crafting_table":3,"minecraft:spruce_stairs":1,"minecraft:crossbow":1,"minecraft:iron_pickaxe":48,"minecraft:spruce_trapdoor":1,"minecraft:wooden_sword":25,"minecraft:oak_sapling":3,"minecraft:cooked_beef":15},"minecraft:dropped":{"minecraft:wheat_seeds":3,"minecraft:glass_bottle":3,"minecraft:crossbow":1,"minecraft:apple":1,"minecraft:oak_sapling":2,"minecraft:wooden_sword":1,"minecraft:iron_pickaxe":1},"minecraft:killed_by":{"minecraft:player":8,"minecraft:skeleton":2,"minecraft:pillager":1},"minecraft:picked_up":{"minecraft:crafting_table":3,"minecraft:ladder":2,"cobblemon:yellow_apricorn":3,"cobblemon:red_apricorn":1,"minecraft:tuff":5,"minecraft:oak_log":4,"minecraft:string":2,"minecraft:lapis_lazuli":50,"minecraft:dirt":4,"cobblemon:heal_ball":2,"minecraft:apple":1,"minecraft:wheat_seeds":3,"minecraft:cobbled_deepslate":15,"cobblemon:relic_coin":34,"minecraft:spruce_slab":1,"minecraft:iron_pickaxe":1,"minecraft:bamboo":14,"minecraft:oak_planks":4,"minecraft:spruce_trapdoor":1,"cobblemon:red_apricorn_seed":1,"minecraft:stick":2,"minecraft:spruce_stairs":1,"cobblemon:yellow_apricorn_seed":1,"cobblemon:pink_apricorn":3,"minecraft:diamond":2,"minecraft:tropical_fish":3,"cobblemon:poke_ball":11,"minecraft:oak_sapling":5,"cobblemon:blue_apricorn":7,"minecraft:cobblestone":2},"minecraft:mined":{"minecraft:tuff":5,"minecraft:oak_sapling":1,"minecraft:deepslate_diamond_ore":2,"minecraft:jungle_leaves":8,"minecraft:crafting_table":3,"minecraft:spruce_trapdoor":1,"minecraft:ladder":2,"minecraft:dark_oak_fence":1,"minecraft:grass_block":2,"minecraft:tall_grass":4,"minecraft:cobblestone":1,"minecraft:oak_planks":4,"cobblemon:relic_coin_pouch":1,"minecraft:spruce_stairs":1,"minecraft:deepslate_lapis_ore":7,"minecraft:grass":13,"minecraft:oak_log":4,"minecraft:dirt":2,"minecraft:bamboo":1,"minecraft:oak_leaves":21,"minecraft:spruce_slab":1,"minecraft:deepslate":15,"minecraft:fern":1},"minecraft:killed":{"cobblemon:pokemon":2,"minecraft:spider":2,"minecraft:pillager":2}},"DataVersion":3465}