{"stats":{"minecraft:picked_up":{"minecraft:ladder":2,"cobblemon:yellow_apricorn":3,"minecraft:spruce_stairs":1,"cobblemon:yellow_apricorn_seed":1,"minecraft:oak_log":4,"minecraft:apple":1,"cobblemon:poke_ball":5,"minecraft:wheat_seeds":3,"cobblemon:relic_coin":34,"minecraft:spruce_slab":1,"minecraft:oak_sapling":3,"minecraft:oak_planks":2,"minecraft:spruce_trapdoor":1},"minecraft:killed":{"cobblemon:pokemon":2},"minecraft:crafted":{"minecraft:oak_planks":16},"minecraft:custom":{"minecraft:time_since_rest":46580,"minecraft:sprint_one_cm":126829,"minecraft:damage_taken":205,"minecraft:walk_one_cm":82682,"minecraft:mob_kills":3,"minecraft:drop":7,"minecraft:damage_dealt":404,"minecraft:interact_with_crafting_table":1,"minecraft:swim_one_cm":31575,"minecraft:fly_one_cm":264054,"minecraft:open_barrel":1,"minecraft:open_chest":1,"minecraft:crouch_one_cm":1161,"minecraft:play_time":46580,"minecraft:sneak_time":517,"minecraft:walk_under_water_one_cm":3340,"minecraft:jump":1109,"minecraft:walk_on_water_one_cm":10050,"minecraft:time_since_death":46580,"minecraft:total_world_time":46580,"minecraft:climb_one_cm":824,"minecraft:fall_one_cm":28550},"minecraft:used":{"minecraft:spruce_slab":1,"minecraft:ladder":2,"minecraft:oak_planks":8,"minecraft:spruce_trapdoor":1,"minecraft:oak_sapling":2,"minecraft:spruce_stairs":1,"minecraft:crossbow":1,"minecraft:cooked_beef":6},"minecraft:dropped":{"minecraft:wheat_seeds":3,"minecraft:glass_bottle":1,"minecraft:oak_sapling":1,"minecraft:crossbow":1,"minecraft:apple":1},"minecraft:mined":{"minecraft:spruce_stairs":1,"minecraft:oak_sapling":1,"minecraft:spruce_trapdoor":1,"minecraft:ladder":2,"minecraft:grass":6,"minecraft:oak_log":4,"minecraft:tall_grass":4,"minecraft:oak_planks":2,"minecraft:spruce_slab":1,"minecraft:oak_leaves":9,"cobblemon:relic_coin_pouch":1}},"DataVersion":3465}