{"stats":{"minecraft:killed":{"minecraft:skeleton":1,"minecraft:sheep":3,"minecraft:pig":6,"minecraft:chicken":4,"minecraft:salmon":1,"minecraft:spider":1},"minecraft:broken":{"minecraft:wooden_axe":1},"minecraft:custom":{"minecraft:time_since_rest":36650,"minecraft:interact_with_furnace":12,"minecraft:sprint_one_cm":110295,"minecraft:damage_taken":475,"minecraft:walk_one_cm":56286,"minecraft:mob_kills":16,"minecraft:damage_dealt":3265,"minecraft:player_kills":8,"minecraft:swim_one_cm":16938,"minecraft:interact_with_crafting_table":5,"minecraft:fly_one_cm":160099,"minecraft:crouch_one_cm":4254,"minecraft:play_time":36650,"minecraft:sneak_time":2230,"minecraft:walk_under_water_one_cm":2291,"minecraft:jump":714,"minecraft:leave_game":2,"minecraft:time_since_death":36650,"minecraft:walk_on_water_one_cm":8291,"minecraft:climb_one_cm":614,"minecraft:total_world_time":36650,"minecraft:fall_one_cm":18704},"minecraft:picked_up":{"minecraft:birch_log":5,"minecraft:stick":1,"minecraft:crafting_table":3,"minecraft:feather":2,"minecraft:chicken":4,"minecraft:porkchop":13,"minecraft:oak_log":13,"cobblemon:pink_apricorn":1,"minecraft:raw_copper":19,"cobblemon:white_apricorn":3,"minecraft:bone":2,"minecraft:arrow":1,"minecraft:wheat_seeds":1,"minecraft:mutton":4,"minecraft:coal":17,"minecraft:white_wool":2,"minecraft:cobblestone":47,"minecraft:furnace":2},"minecraft:used":{"minecraft:oak_log":1,"minecraft:cooked_mutton":2,"minecraft:wooden_axe":34,"minecraft:stone_pickaxe":61,"minecraft:wooden_pickaxe":4,"minecraft:cooked_chicken":4,"minecraft:stone_axe":21,"minecraft:mutton":2,"minecraft:cobblestone":33,"minecraft:crafting_table":3,"minecraft:furnace":2,"minecraft:cooked_porkchop":3},"minecraft:crafted":{"minecraft:oak_planks":48,"minecraft:cooked_porkchop":13,"minecraft:crafting_table":1,"minecraft:stick":32,"minecraft:wooden_pickaxe":1,"minecraft:cooked_chicken":4,"minecraft:stone_pickaxe":1,"minecraft:wooden_axe":1,"minecraft:furnace":1,"minecraft:birch_planks":20,"minecraft:stone_axe":1,"minecraft:cooked_mutton":2,"minecraft:air":0},"minecraft:mined":{"minecraft:furnace":2,"minecraft:birch_log":5,"minecraft:birch_leaves":2,"minecraft:crafting_table":3,"minecraft:grass":2,"minecraft:coal_ore":9,"minecraft:oak_log":13,"minecraft:cobblestone":2,"minecraft:copper_ore":5,"minecraft:stone":46,"minecraft:oak_leaves":3,"minecraft:fern":2}},"DataVersion":3465}