{"stats":{"minecraft:killed":{"minecraft:sheep":1,"minecraft:chicken":4,"minecraft:spider":1},"minecraft:custom":{"minecraft:time_since_rest":10929,"minecraft:interact_with_furnace":3,"minecraft:sprint_one_cm":23530,"minecraft:damage_taken":60,"minecraft:walk_one_cm":19701,"minecraft:mob_kills":6,"minecraft:damage_dealt":470,"minecraft:interact_with_crafting_table":4,"minecraft:fly_one_cm":24101,"minecraft:crouch_one_cm":2004,"minecraft:play_time":10929,"minecraft:sneak_time":658,"minecraft:jump":117,"minecraft:leave_game":1,"minecraft:time_since_death":10929,"minecraft:walk_on_water_one_cm":1680,"minecraft:total_world_time":10929,"minecraft:fall_one_cm":2206},"minecraft:picked_up":{"minecraft:birch_log":5,"minecraft:crafting_table":1,"minecraft:feather":2,"minecraft:chicken":4,"minecraft:oak_log":13,"minecraft:raw_copper":19,"minecraft:mutton":2,"minecraft:coal":9,"minecraft:white_wool":1,"minecraft:cobblestone":41},"minecraft:used":{"minecraft:oak_log":1,"minecraft:wooden_axe":15,"minecraft:stone_pickaxe":51,"minecraft:wooden_pickaxe":4,"minecraft:cooked_chicken":1,"minecraft:cobblestone":1,"minecraft:crafting_table":2,"minecraft:furnace":1},"minecraft:crafted":{"minecraft:oak_planks":48,"minecraft:crafting_table":1,"minecraft:stick":32,"minecraft:wooden_pickaxe":1,"minecraft:cooked_chicken":4,"minecraft:stone_pickaxe":1,"minecraft:wooden_axe":1,"minecraft:furnace":1,"minecraft:birch_planks":20,"minecraft:air":0},"minecraft:mined":{"minecraft:birch_log":5,"minecraft:birch_leaves":2,"minecraft:crafting_table":1,"minecraft:coal_ore":9,"minecraft:oak_log":13,"minecraft:copper_ore":5,"minecraft:stone":41,"minecraft:oak_leaves":1}},"DataVersion":3465}