{"stats":{"minecraft:picked_up":{"minecraft:ladder":4,"minecraft:dirt":4,"cobblemon:poke_ball":5,"minecraft:wheat_seeds":5,"cobblemon:relic_coin":121,"minecraft:oak_sapling":3,"cobbledex:cobbledex_item":1},"minecraft:killed_by":{"minecraft:creeper":1,"minecraft:zombie":1},"minecraft:custom":{"minecraft:time_since_rest":13139,"minecraft:sprint_one_cm":330481,"minecraft:damage_taken":3053,"minecraft:walk_one_cm":213761,"minecraft:drop":7,"minecraft:damage_dealt":275,"minecraft:swim_one_cm":44541,"minecraft:talked_to_villager":1,"minecraft:fly_one_cm":849327,"minecraft:open_barrel":1,"minecraft:open_chest":3,"minecraft:crouch_one_cm":315,"minecraft:play_time":118156,"minecraft:deaths":8,"minecraft:sneak_time":192,"minecraft:bell_ring":3,"minecraft:walk_under_water_one_cm":4603,"minecraft:jump":3391,"minecraft:leave_game":2,"minecraft:walk_on_water_one_cm":9245,"minecraft:time_since_death":13104,"minecraft:sleep_in_bed":1,"minecraft:climb_one_cm":9579,"minecraft:total_world_time":118156,"minecraft:fall_one_cm":142298},"minecraft:mined":{"minecraft:glass_pane":1,"minecraft:ice":2,"minecraft:powder_snow":3,"minecraft:ladder":4,"minecraft:grass":24,"minecraft:grass_block":4,"minecraft:tall_grass":2,"minecraft:spruce_leaves":2,"minecraft:oak_leaves":8,"minecraft:fern":2},"minecraft:dropped":{"cobbledex:cobbledex_item":1,"minecraft:wheat_seeds":5,"minecraft:oak_sapling":1},"minecraft:used":{"minecraft:ladder":4,"minecraft:golden_leggings":1,"minecraft:dirt":4,"minecraft:oak_sapling":2,"minecraft:cooked_beef":15}},"DataVersion":3465}