{"stats":{"minecraft:picked_up":{"minecraft:ladder":4,"cobblemon:poke_ball":5,"minecraft:wheat_seeds":4,"cobblemon:relic_coin":81,"minecraft:oak_sapling":3,"cobbledex:cobbledex_item":1,"minecraft:dirt":4},"minecraft:killed_by":{"minecraft:zombie":1},"minecraft:custom":{"minecraft:open_barrel":1,"minecraft:open_chest":2,"minecraft:time_since_rest":4631,"minecraft:crouch_one_cm":313,"minecraft:play_time":94719,"minecraft:sprint_one_cm":295585,"minecraft:walk_one_cm":115406,"minecraft:damage_taken":2225,"minecraft:deaths":6,"minecraft:bell_ring":3,"minecraft:sneak_time":160,"minecraft:walk_under_water_one_cm":3951,"minecraft:drop":6,"minecraft:jump":2853,"minecraft:damage_dealt":257,"minecraft:time_since_death":4600,"minecraft:walk_on_water_one_cm":7818,"minecraft:sleep_in_bed":1,"minecraft:climb_one_cm":7006,"minecraft:total_world_time":94719,"minecraft:swim_one_cm":44541,"minecraft:fall_one_cm":121200,"minecraft:fly_one_cm":782268},"minecraft:used":{"minecraft:dirt":4,"minecraft:oak_sapling":2,"minecraft:ladder":4,"minecraft:cooked_beef":15},"minecraft:dropped":{"cobbledex:cobbledex_item":1,"minecraft:wheat_seeds":4,"minecraft:oak_sapling":1},"minecraft:mined":{"minecraft:grass":19,"minecraft:grass_block":4,"minecraft:glass_pane":1,"minecraft:ice":2,"minecraft:tall_grass":2,"minecraft:spruce_leaves":2,"minecraft:powder_snow":3,"minecraft:fern":1,"minecraft:oak_leaves":7,"minecraft:ladder":4}},"DataVersion":3465}