{"stats":{"minecraft:picked_up":{"minecraft:ladder":4,"cobblemon:poke_ball":2,"minecraft:wheat_seeds":4,"cobblemon:relic_coin":81,"minecraft:oak_sapling":2,"minecraft:dirt":4},"minecraft:killed_by":{"minecraft:zombie":1},"minecraft:custom":{"minecraft:open_barrel":1,"minecraft:open_chest":2,"minecraft:time_since_rest":26874,"minecraft:crouch_one_cm":8,"minecraft:play_time":82719,"minecraft:sprint_one_cm":258604,"minecraft:walk_one_cm":100882,"minecraft:damage_taken":1855,"minecraft:deaths":5,"minecraft:bell_ring":3,"minecraft:sneak_time":31,"minecraft:walk_under_water_one_cm":3160,"minecraft:drop":4,"minecraft:jump":2527,"minecraft:damage_dealt":177,"minecraft:time_since_death":26845,"minecraft:walk_on_water_one_cm":7434,"minecraft:sleep_in_bed":1,"minecraft:climb_one_cm":5509,"minecraft:total_world_time":82719,"minecraft:swim_one_cm":32019,"minecraft:fall_one_cm":105260,"minecraft:fly_one_cm":688011},"minecraft:dropped":{"minecraft:wheat_seeds":4},"minecraft:used":{"minecraft:dirt":4,"minecraft:oak_sapling":2,"minecraft:ladder":4,"minecraft:cooked_beef":14},"minecraft:mined":{"minecraft:grass":17,"minecraft:grass_block":4,"minecraft:glass_pane":1,"minecraft:ice":1,"minecraft:tall_grass":2,"minecraft:spruce_leaves":2,"minecraft:powder_snow":3,"minecraft:oak_leaves":6,"minecraft:ladder":4}},"DataVersion":3465}