{"stats":{"minecraft:picked_up":{"minecraft:ladder":4,"minecraft:dirt":4,"cobblemon:poke_ball":5,"minecraft:wheat_seeds":5,"cobblemon:relic_coin":81,"minecraft:oak_sapling":3,"cobbledex:cobbledex_item":1},"minecraft:killed_by":{"minecraft:creeper":1,"minecraft:zombie":1},"minecraft:custom":{"minecraft:time_since_rest":1702,"minecraft:sprint_one_cm":305318,"minecraft:damage_taken":2956,"minecraft:walk_one_cm":197970,"minecraft:drop":6,"minecraft:damage_dealt":257,"minecraft:talked_to_villager":1,"minecraft:swim_one_cm":44541,"minecraft:fly_one_cm":795496,"minecraft:open_barrel":1,"minecraft:open_chest":3,"minecraft:crouch_one_cm":313,"minecraft:play_time":106719,"minecraft:deaths":8,"minecraft:sneak_time":160,"minecraft:bell_ring":3,"minecraft:walk_under_water_one_cm":4603,"minecraft:jump":3210,"minecraft:walk_on_water_one_cm":9043,"minecraft:time_since_death":1667,"minecraft:sleep_in_bed":1,"minecraft:total_world_time":106719,"minecraft:climb_one_cm":9579,"minecraft:fall_one_cm":135362},"minecraft:used":{"minecraft:ladder":4,"minecraft:golden_leggings":1,"minecraft:dirt":4,"minecraft:oak_sapling":2,"minecraft:cooked_beef":15},"minecraft:dropped":{"cobbledex:cobbledex_item":1,"minecraft:wheat_seeds":4,"minecraft:oak_sapling":1},"minecraft:mined":{"minecraft:glass_pane":1,"minecraft:ice":2,"minecraft:powder_snow":3,"minecraft:ladder":4,"minecraft:grass":24,"minecraft:grass_block":4,"minecraft:tall_grass":2,"minecraft:spruce_leaves":2,"minecraft:oak_leaves":8,"minecraft:fern":2}},"DataVersion":3465}