{"stats":{"minecraft:killed_by":{"minecraft:zombie":1},"minecraft:custom":{"minecraft:jump":297,"minecraft:time_since_rest":1560,"minecraft:damage_dealt":147,"minecraft:deaths":1,"minecraft:walk_on_water_one_cm":540,"minecraft:sprint_one_cm":37797,"minecraft:play_time":10719,"minecraft:damage_taken":435,"minecraft:time_since_death":7348,"minecraft:walk_one_cm":9917,"minecraft:sleep_in_bed":1,"minecraft:sneak_time":7,"minecraft:total_world_time":10719,"minecraft:walk_under_water_one_cm":577,"minecraft:swim_one_cm":2257,"minecraft:fall_one_cm":8816,"minecraft:fly_one_cm":70381},"minecraft:used":{"minecraft:cooked_beef":2},"minecraft:mined":{"minecraft:grass":2}},"DataVersion":3465}