{"stats":{"minecraft:picked_up":{"cobblemon:green_mint_leaf":3,"cobblemon:yellow_apricorn":10,"minecraft:ladder":4,"cobblemon:blue_mint_leaf":3,"minecraft:brown_mushroom":7,"minecraft:golden_leggings":1,"minecraft:oak_log":18,"minecraft:golden_sword":1,"cobblemon:cyan_mint_seeds":1,"minecraft:cornflower":18,"minecraft:dirt":149,"cobblemon:heal_ball":2,"minecraft:cooked_mutton":3,"cobblemon:white_mint_leaf":4,"cobblemon:paralyze_heal":2,"cobblemon:white_apricorn":6,"cobblemon:ice_heal":2,"minecraft:diamond_leggings":1,"minecraft:wheat_seeds":28,"cobblemon:potion":2,"minecraft:iron_ingot":81,"cobblemon:relic_coin":145,"minecraft:poppy":2,"minecraft:diamond_helmet":1,"minecraft:glass_bottle":5,"cobblemon:quick_ball":5,"minecraft:oak_planks":5,"cobbledex:cobbledex_item":2,"minecraft:phantom_membrane":2,"minecraft:oak_door":1,"patchouli:guide_book":1,"minecraft:dandelion":5,"cobblemon:yellow_apricorn_seed":1,"cobblemon:white_mint_seeds":3,"cobblemon:pink_apricorn":3,"minecraft:white_bed":1,"minecraft:grass_block":1,"cobgyms:lesser_shard":10,"minecraft:diamond_chestplate":1,"minecraft:rotten_flesh":3,"cobblemon:poke_ball":5,"cobblemon:revive":1,"minecraft:diamond_boots":1,"minecraft:iron_helmet":1,"minecraft:gold_ingot":37,"cobblemon:green_mint_seeds":3,"minecraft:oak_sapling":3,"minecraft:coal":13,"minecraft:obsidian":1,"cobblemon:blue_apricorn":17,"minecraft:cobblestone":83},"minecraft:killed_by":{"minecraft:player":12,"minecraft:creeper":2,"minecraft:zombie":1},"minecraft:killed":{"cobblemon:pokemon":1,"minecraft:phantom":1,"minecraft:zombie":1,"minecraft:enderman":1},"minecraft:crafted":{"minecraft:red_dye":1,"minecraft:oak_door":3,"minecraft:oak_planks":36,"minecraft:stone_shovel":1,"minecraft:crafting_table":1,"minecraft:iron_helmet":1,"minecraft:stick":4,"minecraft:stone_pickaxe":1},"minecraft:custom":{"minecraft:mob_kills":5,"minecraft:interact_with_crafting_table":6,"minecraft:open_barrel":1,"minecraft:bell_ring":3,"minecraft:leave_game":2,"minecraft:time_since_death":15310,"minecraft:sleep_in_bed":5,"minecraft:climb_one_cm":9901,"minecraft:time_since_rest":15334,"minecraft:sprint_one_cm":512691,"minecraft:damage_taken":7824,"minecraft:walk_one_cm":369420,"minecraft:drop":58,"minecraft:damage_dealt":1887,"minecraft:talked_to_villager":1,"minecraft:swim_one_cm":46520,"minecraft:fly_one_cm":1175344,"minecraft:player_kills":1,"minecraft:open_chest":25,"minecraft:crouch_one_cm":16385,"minecraft:play_time":178156,"minecraft:deaths":25,"minecraft:sneak_time":5550,"minecraft:walk_under_water_one_cm":4636,"minecraft:jump":4870,"minecraft:interact_with_blast_furnace":2,"minecraft:walk_on_water_one_cm":9978,"minecraft:interact_with_smoker":1,"minecraft:total_world_time":178156,"minecraft:fall_one_cm":198488},"minecraft:mined":{"minecraft:white_bed":1,"minecraft:brown_mushroom":7,"minecraft:glass_pane":2,"minecraft:oak_door":1,"minecraft:dandelion":5,"minecraft:powder_snow":3,"minecraft:cornflower":18,"cobblemon:blue_mint":3,"minecraft:ladder":4,"minecraft:grass_block":54,"minecraft:poppy":1,"minecraft:tall_grass":17,"cobblemon:cyan_mint":1,"minecraft:spruce_leaves":2,"cobblemon:green_mint":3,"minecraft:ice":2,"minecraft:grass":122,"minecraft:coal_ore":13,"minecraft:oak_log":9,"cobblemon:white_mint":3,"minecraft:dirt_path":2,"minecraft:dirt":79,"minecraft:stone":77,"minecraft:oak_leaves":8,"minecraft:fern":2},"minecraft:dropped":{"minecraft:iron_ingot":81,"cobblemon:relic_coin":17,"cobblemon:blue_mint_leaf":3,"minecraft:wheat_seeds":11,"minecraft:oak_log":9,"minecraft:glass_bottle":5,"cobgyms:lesser_shard":10,"minecraft:cobblestone":3,"minecraft:diamond_leggings":1,"minecraft:obsidian":1,"cobblemon:ice_heal":2,"minecraft:iron_helmet":1,"minecraft:rotten_flesh":2,"cobblemon:potion":2,"minecraft:oak_planks":2,"cobblemon:revive":1,"minecraft:golden_apple":1,"patchouli:guide_book":1,"cobblemon:white_mint_leaf":4,"cobblemon:green_mint_seeds":3,"cobbledex:cobbledex_item":2,"minecraft:poppy":1,"cobblemon:cyan_mint_seeds":1,"minecraft:dirt":14,"minecraft:diamond_chestplate":1,"cobblemon:heal_ball":2,"cobblemon:white_mint_seeds":3,"cobblemon:green_mint_leaf":3,"minecraft:golden_leggings":1,"minecraft:oak_sapling":1,"minecraft:diamond_helmet":1,"minecraft:golden_sword":1,"cobblemon:paralyze_heal":2,"minecraft:diamond_boots":1,"minecraft:phantom_membrane":1,"minecraft:red_dye":1,"minecraft:gold_ingot":37},"minecraft:used":{"minecraft:stone_shovel":50,"minecraft:stone_pickaxe":90,"minecraft:oak_planks":16,"minecraft:ladder":4,"minecraft:oak_door":2,"minecraft:brown_mushroom":7,"minecraft:rotten_flesh":1,"minecraft:dirt":78,"minecraft:crafting_table":1,"minecraft:white_bed":1,"minecraft:iron_helmet":1,"minecraft:golden_leggings":2,"minecraft:golden_sword":11,"minecraft:cobblestone":11,"minecraft:oak_sapling":2,"minecraft:cooked_beef":15}},"DataVersion":3465}