{"stats":{"minecraft:picked_up":{"cobblemon:poke_ball":1,"minecraft:wheat_seeds":4,"minecraft:oak_sapling":2},"minecraft:killed_by":{"minecraft:zombie":1},"minecraft:custom":{"minecraft:open_barrel":1,"minecraft:open_chest":2,"minecraft:time_since_rest":3686,"minecraft:crouch_one_cm":8,"minecraft:play_time":46719,"minecraft:sprint_one_cm":165985,"minecraft:walk_one_cm":55218,"minecraft:damage_taken":1225,"minecraft:deaths":3,"minecraft:sneak_time":26,"minecraft:walk_under_water_one_cm":1933,"minecraft:drop":4,"minecraft:jump":1451,"minecraft:damage_dealt":177,"minecraft:time_since_death":3632,"minecraft:walk_on_water_one_cm":4162,"minecraft:sleep_in_bed":1,"minecraft:climb_one_cm":1971,"minecraft:total_world_time":46719,"minecraft:swim_one_cm":30162,"minecraft:fall_one_cm":59720,"minecraft:fly_one_cm":409694},"minecraft:used":{"minecraft:oak_sapling":2,"minecraft:cooked_beef":8},"minecraft:dropped":{"minecraft:wheat_seeds":4},"minecraft:mined":{"minecraft:grass":16,"minecraft:glass_pane":1,"minecraft:tall_grass":2,"minecraft:oak_leaves":6}},"DataVersion":3465}