{"stats":{"minecraft:picked_up":{"minecraft:ladder":4,"minecraft:dirt":4,"cobblemon:poke_ball":5,"minecraft:wheat_seeds":5,"cobblemon:relic_coin":81,"minecraft:oak_sapling":3,"cobbledex:cobbledex_item":1},"minecraft:killed_by":{"minecraft:creeper":1,"minecraft:zombie":1},"minecraft:custom":{"minecraft:time_since_rest":9763,"minecraft:sprint_one_cm":318409,"minecraft:damage_taken":2976,"minecraft:walk_one_cm":206128,"minecraft:drop":7,"minecraft:damage_dealt":257,"minecraft:talked_to_villager":1,"minecraft:swim_one_cm":44541,"minecraft:fly_one_cm":842489,"minecraft:open_barrel":1,"minecraft:open_chest":3,"minecraft:crouch_one_cm":313,"minecraft:play_time":114780,"minecraft:deaths":8,"minecraft:sneak_time":160,"minecraft:bell_ring":3,"minecraft:walk_under_water_one_cm":4603,"minecraft:jump":3355,"minecraft:leave_game":1,"minecraft:walk_on_water_one_cm":9245,"minecraft:time_since_death":9728,"minecraft:sleep_in_bed":1,"minecraft:total_world_time":114780,"minecraft:climb_one_cm":9579,"minecraft:fall_one_cm":141762},"minecraft:used":{"minecraft:ladder":4,"minecraft:golden_leggings":1,"minecraft:dirt":4,"minecraft:oak_sapling":2,"minecraft:cooked_beef":15},"minecraft:dropped":{"cobbledex:cobbledex_item":1,"minecraft:wheat_seeds":5,"minecraft:oak_sapling":1},"minecraft:mined":{"minecraft:glass_pane":1,"minecraft:ice":2,"minecraft:powder_snow":3,"minecraft:ladder":4,"minecraft:grass":24,"minecraft:grass_block":4,"minecraft:tall_grass":2,"minecraft:spruce_leaves":2,"minecraft:oak_leaves":8,"minecraft:fern":2}},"DataVersion":3465}