{"stats":{"minecraft:picked_up":{"cobblemon:green_mint_leaf":3,"minecraft:ladder":4,"cobblemon:blue_mint_leaf":3,"minecraft:golden_leggings":1,"minecraft:golden_sword":1,"cobblemon:cyan_mint_seeds":1,"minecraft:dirt":12,"cobblemon:heal_ball":2,"cobblemon:white_mint_leaf":4,"cobblemon:paralyze_heal":2,"cobblemon:ice_heal":2,"minecraft:wheat_seeds":5,"cobblemon:potion":2,"minecraft:iron_ingot":44,"cobblemon:relic_coin":145,"minecraft:glass_bottle":5,"minecraft:oak_planks":4,"cobbledex:cobbledex_item":2,"minecraft:phantom_membrane":2,"patchouli:guide_book":1,"cobblemon:white_mint_seeds":3,"cobgyms:lesser_shard":10,"cobblemon:poke_ball":5,"cobblemon:revive":1,"minecraft:iron_helmet":1,"minecraft:gold_ingot":13,"cobblemon:green_mint_seeds":3,"minecraft:oak_sapling":3,"minecraft:obsidian":1},"minecraft:killed_by":{"minecraft:player":9,"minecraft:creeper":1,"minecraft:zombie":1},"minecraft:crafted":{"minecraft:iron_helmet":1},"minecraft:killed":{"cobblemon:pokemon":1,"minecraft:phantom":1},"minecraft:custom":{"minecraft:mob_kills":2,"minecraft:interact_with_crafting_table":2,"minecraft:open_barrel":1,"minecraft:bell_ring":3,"minecraft:leave_game":2,"minecraft:time_since_death":3079,"minecraft:sleep_in_bed":5,"minecraft:climb_one_cm":9901,"minecraft:time_since_rest":3126,"minecraft:sprint_one_cm":439809,"minecraft:damage_taken":6369,"minecraft:walk_one_cm":264634,"minecraft:drop":37,"minecraft:damage_dealt":738,"minecraft:talked_to_villager":1,"minecraft:swim_one_cm":46520,"minecraft:fly_one_cm":1032960,"minecraft:player_kills":1,"minecraft:open_chest":24,"minecraft:crouch_one_cm":4133,"minecraft:play_time":142156,"minecraft:deaths":20,"minecraft:sneak_time":843,"minecraft:walk_under_water_one_cm":4636,"minecraft:jump":4165,"minecraft:interact_with_blast_furnace":2,"minecraft:walk_on_water_one_cm":9978,"minecraft:interact_with_smoker":1,"minecraft:total_world_time":142156,"minecraft:fall_one_cm":172618},"minecraft:mined":{"minecraft:glass_pane":2,"minecraft:powder_snow":3,"cobblemon:blue_mint":3,"minecraft:ladder":4,"minecraft:grass_block":6,"minecraft:tall_grass":2,"cobblemon:cyan_mint":1,"minecraft:spruce_leaves":2,"cobblemon:green_mint":3,"minecraft:ice":2,"minecraft:grass":24,"cobblemon:white_mint":3,"minecraft:dirt_path":2,"minecraft:oak_leaves":8,"minecraft:fern":2},"minecraft:dropped":{"minecraft:iron_ingot":44,"cobblemon:relic_coin":17,"cobblemon:blue_mint_leaf":3,"minecraft:wheat_seeds":5,"minecraft:glass_bottle":5,"cobgyms:lesser_shard":10,"minecraft:obsidian":1,"cobblemon:ice_heal":2,"minecraft:iron_helmet":1,"cobblemon:potion":2,"minecraft:oak_planks":2,"cobblemon:revive":1,"minecraft:golden_apple":1,"patchouli:guide_book":1,"cobblemon:white_mint_leaf":4,"cobblemon:green_mint_seeds":3,"cobbledex:cobbledex_item":2,"cobblemon:cyan_mint_seeds":1,"minecraft:dirt":4,"cobblemon:heal_ball":2,"cobblemon:white_mint_seeds":3,"cobblemon:green_mint_leaf":3,"minecraft:golden_leggings":1,"minecraft:oak_sapling":1,"minecraft:golden_sword":1,"cobblemon:paralyze_heal":2,"minecraft:phantom_membrane":1,"minecraft:gold_ingot":13},"minecraft:used":{"minecraft:ladder":4,"minecraft:dirt":4,"minecraft:iron_helmet":1,"minecraft:golden_leggings":2,"minecraft:golden_sword":11,"minecraft:oak_sapling":2,"minecraft:cooked_beef":15}},"DataVersion":3465}