{"stats":{"minecraft:picked_up":{"cobblemon:poke_ball":1},"minecraft:killed_by":{"minecraft:zombie":1},"minecraft:custom":{"minecraft:jump":558,"minecraft:time_since_rest":13560,"minecraft:damage_dealt":157,"minecraft:deaths":1,"minecraft:walk_on_water_one_cm":814,"minecraft:sprint_one_cm":64539,"minecraft:play_time":22719,"minecraft:damage_taken":475,"minecraft:time_since_death":19348,"minecraft:walk_one_cm":25450,"minecraft:sleep_in_bed":1,"minecraft:sneak_time":7,"minecraft:total_world_time":22719,"minecraft:walk_under_water_one_cm":793,"minecraft:swim_one_cm":5532,"minecraft:fall_one_cm":20936,"minecraft:fly_one_cm":153003,"minecraft:open_barrel":1},"minecraft:used":{"minecraft:cooked_beef":4},"minecraft:mined":{"minecraft:grass":6}},"DataVersion":3465}