{"stats":{"minecraft:picked_up":{"cobblemon:green_mint_leaf":3,"minecraft:ladder":4,"cobblemon:blue_mint_leaf":3,"minecraft:golden_leggings":1,"minecraft:oak_log":9,"minecraft:golden_sword":1,"cobblemon:cyan_mint_seeds":1,"minecraft:dirt":46,"cobblemon:heal_ball":2,"cobblemon:white_mint_leaf":4,"cobblemon:paralyze_heal":2,"cobblemon:ice_heal":2,"minecraft:diamond_leggings":1,"minecraft:wheat_seeds":8,"cobblemon:potion":2,"minecraft:iron_ingot":44,"cobblemon:relic_coin":145,"minecraft:poppy":1,"minecraft:diamond_helmet":1,"minecraft:glass_bottle":5,"cobblemon:quick_ball":5,"minecraft:oak_planks":4,"cobbledex:cobbledex_item":2,"minecraft:phantom_membrane":2,"patchouli:guide_book":1,"cobblemon:white_mint_seeds":3,"cobgyms:lesser_shard":10,"minecraft:diamond_chestplate":1,"minecraft:rotten_flesh":2,"cobblemon:poke_ball":5,"cobblemon:revive":1,"minecraft:diamond_boots":1,"minecraft:iron_helmet":1,"minecraft:gold_ingot":13,"cobblemon:green_mint_seeds":3,"minecraft:oak_sapling":3,"minecraft:obsidian":1},"minecraft:killed_by":{"minecraft:player":10,"minecraft:creeper":1,"minecraft:zombie":1},"minecraft:crafted":{"minecraft:iron_helmet":1},"minecraft:killed":{"cobblemon:pokemon":1,"minecraft:phantom":1,"minecraft:zombie":1},"minecraft:custom":{"minecraft:mob_kills":3,"minecraft:interact_with_crafting_table":2,"minecraft:open_barrel":1,"minecraft:bell_ring":3,"minecraft:leave_game":2,"minecraft:time_since_death":2046,"minecraft:sleep_in_bed":5,"minecraft:climb_one_cm":9901,"minecraft:time_since_rest":2071,"minecraft:sprint_one_cm":468887,"minecraft:damage_taken":6846,"minecraft:walk_one_cm":285839,"minecraft:drop":37,"minecraft:damage_dealt":967,"minecraft:talked_to_villager":1,"minecraft:swim_one_cm":46520,"minecraft:fly_one_cm":1101893,"minecraft:player_kills":1,"minecraft:open_chest":24,"minecraft:crouch_one_cm":12183,"minecraft:play_time":154156,"minecraft:deaths":22,"minecraft:sneak_time":3565,"minecraft:walk_under_water_one_cm":4636,"minecraft:jump":4464,"minecraft:interact_with_blast_furnace":2,"minecraft:walk_on_water_one_cm":9978,"minecraft:interact_with_smoker":1,"minecraft:total_world_time":154156,"minecraft:fall_one_cm":185488},"minecraft:mined":{"minecraft:glass_pane":2,"minecraft:powder_snow":3,"cobblemon:blue_mint":3,"minecraft:ladder":4,"minecraft:grass_block":10,"minecraft:poppy":1,"minecraft:tall_grass":6,"cobblemon:cyan_mint":1,"minecraft:spruce_leaves":2,"cobblemon:green_mint":3,"minecraft:ice":2,"minecraft:grass":32,"minecraft:oak_log":9,"cobblemon:white_mint":3,"minecraft:dirt_path":2,"minecraft:dirt":30,"minecraft:oak_leaves":8,"minecraft:fern":2},"minecraft:dropped":{"minecraft:iron_ingot":44,"cobblemon:relic_coin":17,"cobblemon:blue_mint_leaf":3,"minecraft:wheat_seeds":5,"minecraft:glass_bottle":5,"cobgyms:lesser_shard":10,"minecraft:obsidian":1,"cobblemon:ice_heal":2,"minecraft:iron_helmet":1,"cobblemon:potion":2,"minecraft:oak_planks":2,"cobblemon:revive":1,"minecraft:golden_apple":1,"patchouli:guide_book":1,"cobblemon:white_mint_leaf":4,"cobblemon:green_mint_seeds":3,"cobbledex:cobbledex_item":2,"cobblemon:cyan_mint_seeds":1,"minecraft:dirt":4,"cobblemon:heal_ball":2,"cobblemon:white_mint_seeds":3,"cobblemon:green_mint_leaf":3,"minecraft:golden_leggings":1,"minecraft:oak_sapling":1,"minecraft:golden_sword":1,"cobblemon:paralyze_heal":2,"minecraft:phantom_membrane":1,"minecraft:gold_ingot":13},"minecraft:used":{"minecraft:ladder":4,"minecraft:rotten_flesh":1,"minecraft:dirt":28,"minecraft:iron_helmet":1,"minecraft:golden_leggings":2,"minecraft:golden_sword":11,"minecraft:oak_sapling":2,"minecraft:cooked_beef":15}},"DataVersion":3465}