{"stats":{"minecraft:picked_up":{"cobblemon:poke_ball":1,"minecraft:wheat_seeds":1,"minecraft:oak_sapling":1},"minecraft:killed_by":{"minecraft:zombie":1},"minecraft:custom":{"minecraft:open_barrel":1,"minecraft:time_since_rest":25560,"minecraft:crouch_one_cm":8,"minecraft:play_time":34719,"minecraft:sprint_one_cm":94987,"minecraft:walk_one_cm":42567,"minecraft:damage_taken":635,"minecraft:deaths":1,"minecraft:sneak_time":8,"minecraft:walk_under_water_one_cm":1483,"minecraft:drop":1,"minecraft:jump":821,"minecraft:damage_dealt":157,"minecraft:time_since_death":31348,"minecraft:walk_on_water_one_cm":2470,"minecraft:sleep_in_bed":1,"minecraft:total_world_time":34719,"minecraft:swim_one_cm":6738,"minecraft:fall_one_cm":30163,"minecraft:fly_one_cm":231722},"minecraft:used":{"minecraft:oak_sapling":1,"minecraft:cooked_beef":6},"minecraft:dropped":{"minecraft:wheat_seeds":1},"minecraft:mined":{"minecraft:grass":13,"minecraft:glass_pane":1,"minecraft:tall_grass":2,"minecraft:oak_leaves":6}},"DataVersion":3465}