{"stats":{"minecraft:picked_up":{"cobblemon:green_mint_leaf":3,"minecraft:ladder":4,"cobblemon:blue_mint_leaf":3,"cobblemon:yellow_apricorn":10,"minecraft:brown_mushroom":7,"minecraft:golden_sword":1,"cobblemon:cyan_mint_seeds":1,"minecraft:cornflower":18,"cobblemon:white_mint_leaf":4,"cobblemon:white_apricorn":6,"cobblemon:ice_heal":2,"minecraft:diamond_leggings":1,"cobblemon:relic_coin":145,"minecraft:poppy":2,"cobblemon:big_root":13,"cobblemon:quick_ball":5,"minecraft:phantom_membrane":2,"minecraft:raw_iron":16,"minecraft:oak_door":1,"cobblemon:white_mint_seeds":3,"minecraft:diorite":3,"minecraft:rotten_flesh":5,"minecraft:diamond_chestplate":1,"cobblemon:revive":1,"minecraft:diamond_boots":1,"minecraft:gold_ingot":37,"cobblemon:green_mint_seeds":3,"minecraft:obsidian":1,"cobblemon:blue_apricorn":17,"minecraft:cobblestone":119,"minecraft:andesite":110,"minecraft:golden_leggings":1,"minecraft:oak_log":18,"minecraft:lapis_lazuli":33,"minecraft:dirt":149,"cobblemon:heal_ball":2,"cobblemon:paralyze_heal":2,"minecraft:cooked_mutton":3,"minecraft:wheat_seeds":28,"cobblemon:potion":2,"minecraft:iron_ingot":81,"cobblemon:thunder_stone":1,"minecraft:diamond_helmet":1,"minecraft:glass_bottle":5,"cobbledex:cobbledex_item":2,"minecraft:oak_planks":5,"patchouli:guide_book":1,"minecraft:dandelion":5,"cobblemon:yellow_apricorn_seed":1,"cobblemon:pink_apricorn":3,"minecraft:white_bed":1,"minecraft:grass_block":1,"cobgyms:lesser_shard":10,"cobblemon:poke_ball":5,"minecraft:iron_helmet":1,"minecraft:oak_sapling":5,"minecraft:coal":14,"cobblemon:energy_root":3},"minecraft:killed_by":{"minecraft:player":12,"minecraft:creeper":2,"minecraft:zombie":1},"minecraft:killed":{"minecraft:phantom":1,"cobblemon:pokemon":1,"minecraft:zombie":1,"minecraft:enderman":1},"minecraft:crafted":{"minecraft:oak_door":3,"minecraft:oak_planks":36,"minecraft:stone_shovel":1,"minecraft:iron_nugget":9,"minecraft:furnace":1,"minecraft:stone_pickaxe":2,"minecraft:red_dye":1,"minecraft:crafting_table":1,"minecraft:iron_helmet":1,"minecraft:air":0,"minecraft:stick":8,"minecraft:iron_ingot":12},"minecraft:custom":{"minecraft:mob_kills":5,"minecraft:interact_with_crafting_table":11,"minecraft:open_barrel":1,"minecraft:bell_ring":3,"minecraft:leave_game":2,"minecraft:time_since_death":221,"minecraft:climb_one_cm":9901,"minecraft:sprint_one_cm":541201,"minecraft:walk_one_cm":396698,"minecraft:drop":59,"minecraft:talked_to_villager":1,"minecraft:play_time":190156,"minecraft:deaths":27,"minecraft:sneak_time":8137,"minecraft:walk_under_water_one_cm":4636,"minecraft:jump":5106,"minecraft:interact_with_blast_furnace":2,"minecraft:walk_on_water_one_cm":9978,"minecraft:total_world_time":190156,"minecraft:interact_with_furnace":4,"minecraft:sleep_in_bed":7,"minecraft:time_since_rest":248,"minecraft:damage_taken":8362,"minecraft:damage_dealt":1993,"minecraft:swim_one_cm":46520,"minecraft:fly_one_cm":1224869,"minecraft:player_kills":1,"minecraft:open_chest":25,"minecraft:crouch_one_cm":25442,"minecraft:interact_with_smoker":1,"minecraft:fall_one_cm":211635},"minecraft:mined":{"minecraft:white_bed":1,"minecraft:oak_door":1,"cobblemon:big_root":13,"minecraft:ladder":4,"minecraft:grass_block":54,"minecraft:spruce_leaves":2,"minecraft:iron_ore":16,"minecraft:andesite":110,"minecraft:dirt_path":2,"minecraft:stone":113,"minecraft:brown_mushroom":7,"minecraft:glass_pane":2,"minecraft:dandelion":5,"minecraft:powder_snow":3,"cobblemon:blue_mint":3,"minecraft:cornflower":18,"minecraft:poppy":1,"cobblemon:cyan_mint":1,"cobblemon:energy_root":3,"minecraft:tall_grass":17,"minecraft:lapis_ore":5,"minecraft:diorite":3,"cobblemon:green_mint":3,"minecraft:ice":2,"minecraft:grass":122,"minecraft:oak_log":9,"minecraft:coal_ore":14,"cobblemon:white_mint":3,"cobblemon:thunder_stone_ore":1,"minecraft:dirt":79,"minecraft:oak_leaves":8,"minecraft:fern":2},"minecraft:dropped":{"minecraft:iron_ingot":81,"cobblemon:blue_mint_leaf":3,"minecraft:wheat_seeds":11,"minecraft:oak_log":9,"minecraft:glass_bottle":5,"cobgyms:lesser_shard":10,"minecraft:diamond_leggings":1,"cobblemon:ice_heal":2,"minecraft:iron_helmet":1,"minecraft:cobblestone":3,"cobblemon:potion":2,"cobblemon:revive":1,"minecraft:golden_apple":1,"cobbledex:cobbledex_item":2,"minecraft:dirt":14,"cobblemon:green_mint_leaf":3,"cobblemon:white_mint_seeds":3,"minecraft:diamond_helmet":1,"cobblemon:paralyze_heal":2,"minecraft:phantom_membrane":1,"minecraft:red_dye":1,"minecraft:gold_ingot":37,"cobblemon:relic_coin":17,"minecraft:obsidian":1,"minecraft:rotten_flesh":2,"minecraft:oak_planks":2,"patchouli:guide_book":1,"cobblemon:white_mint_leaf":4,"cobblemon:green_mint_seeds":3,"minecraft:poppy":1,"cobblemon:cyan_mint_seeds":1,"minecraft:diamond_chestplate":1,"cobblemon:heal_ball":2,"minecraft:golden_leggings":1,"minecraft:oak_sapling":3,"minecraft:golden_sword":1,"minecraft:diamond_boots":1},"minecraft:broken":{"minecraft:stone_pickaxe":2},"minecraft:used":{"minecraft:stone_shovel":50,"minecraft:ladder":4,"minecraft:rotten_flesh":2,"minecraft:oak_door":2,"minecraft:dirt":78,"minecraft:iron_helmet":1,"minecraft:golden_sword":11,"minecraft:oak_sapling":2,"minecraft:furnace":1,"minecraft:cooked_beef":15,"minecraft:cooked_mutton":1,"minecraft:stone_pickaxe":278,"minecraft:oak_planks":16,"minecraft:brown_mushroom":7,"minecraft:crafting_table":1,"minecraft:white_bed":1,"minecraft:golden_leggings":2,"minecraft:cobblestone":11}},"DataVersion":3465}