{"stats":{"minecraft:crafted":{"minecraft:oak_planks":8,"minecraft:crafting_table":1,"minecraft:stick":4,"minecraft:wooden_pickaxe":1,"minecraft:wooden_axe":1},"minecraft:custom":{"minecraft:time_since_rest":20782,"minecraft:crouch_one_cm":46,"minecraft:sprint_one_cm":35095,"minecraft:play_time":20782,"minecraft:damage_taken":120,"minecraft:walk_one_cm":34643,"minecraft:sneak_time":33,"minecraft:jump":175,"minecraft:leave_game":1,"minecraft:time_since_death":20782,"minecraft:total_world_time":20782,"minecraft:interact_with_crafting_table":1,"minecraft:fall_one_cm":6156,"minecraft:fly_one_cm":102591},"minecraft:used":{"cobblemon:pc":1,"cobgyms:gym_entrance_woodland":1,"minecraft:crafting_table":1,"minecraft:grass_block":174,"cobgyms:lesser_shard_block":1,"minecraft:cooked_beef":1,"cobgyms:nether_ancient_relic":1},"minecraft:picked_up":{"minecraft:oak_log":2,"minecraft:cornflower":7},"minecraft:mined":{"minecraft:grass":1,"minecraft:oak_log":2,"minecraft:oak_leaves":2}},"DataVersion":3465}