{"stats":{"minecraft:picked_up":{"minecraft:oak_log":2},"minecraft:crafted":{"minecraft:oak_planks":8},"minecraft:custom":{"minecraft:jump":72,"minecraft:time_since_rest":6146,"minecraft:sprint_one_cm":14227,"minecraft:play_time":6146,"minecraft:damage_taken":120,"minecraft:time_since_death":6146,"minecraft:walk_one_cm":6610,"minecraft:sneak_time":1,"minecraft:total_world_time":6146,"minecraft:fall_one_cm":5527,"minecraft:fly_one_cm":11885},"minecraft:used":{"minecraft:cooked_beef":1},"minecraft:mined":{"minecraft:grass":1,"minecraft:oak_log":2,"minecraft:oak_leaves":2}},"DataVersion":3465}