{"stats":{"minecraft:crafted":{"minecraft:oak_planks":120,"cobgyms:lesser_cache":1,"cobgyms:adept_cache":1,"minecraft:stone_pickaxe":1,"minecraft:chest":4,"minecraft:crafting_table":2,"minecraft:wooden_pickaxe":1,"cobgyms:lesser_shard":24,"minecraft:stone_axe":1,"minecraft:stick":12,"minecraft:oak_stairs":52,"minecraft:wooden_axe":2,"cobgyms:lesser_cache_shiny":1},"minecraft:used":{"create:deployer":8,"minecraft:netherite_sword":11,"minecraft:flint_and_steel":1,"minecraft:spruce_slab":29,"minecraft:oak_sign":21,"create:portable_storage_interface":6,"minecraft:chest":30,"cobgyms:lesser_shard_block":2,"minecraft:ender_chest":1,"minecraft:stone":5,"minecraft:iron_sword":2,"minecraft:player_head":4,"create:mechanical_bearing":11,"minecraft:oak_door":2,"minecraft:torch":150,"cobgyms:gym_entrance_woodland":2,"minecraft:brewing_stand":1,"cobblemon:gilded_chest":9,"minecraft:dirt":10,"cobblemon:yellow_apricorn":8,"minecraft:spruce_stairs":2,"minecraft:oak_wood":78,"minecraft:spruce_fence":3,"create:chute":3,"minecraft:glass":64,"minecraft:wooden_axe":1,"create:wrench":7,"minecraft:grass_block":503,"minecraft:iron_axe":160,"minecraft:oak_stairs":165,"cobblemon:pink_apricorn_seed":1,"cobblemon:gimmighoul_chest":105,"cobblemon:pc":2,"minecraft:redstone_lamp":1,"create:radial_chassis":11,"minecraft:scaffolding":26,"minecraft:cooked_beef":16,"minecraft:water_bucket":3,"minecraft:spruce_door":2,"minecraft:birch_planks":1,"minecraft:stone_pickaxe":10,"minecraft:oak_planks":133,"minecraft:wooden_pickaxe":3,"create:mechanical_saw":4,"minecraft:oak_slab":25,"minecraft:crafting_table":3,"cobblemon:yellow_apricorn_seed":1,"minecraft:blue_ice":3,"cobblemon:white_apricorn_seed":1,"minecraft:white_bed":1,"minecraft:spruce_log":1,"cobblemon:healing_machine":4,"cobblemon:white_apricorn":9,"cobblemon:green_apricorn_seed":1,"cobblemon:green_apricorn":7,"cobblemon:white_gilded_chest":1,"create:windmill_bearing":1,"minecraft:iron_pickaxe":654,"create:water_wheel":1,"cobblemon:blue_apricorn":27,"cobgyms:nether_ancient_relic":1,"minecraft:stone_axe":30,"cobblemon:red_apricorn_seed":1,"minecraft:cobblestone":835,"minecraft:white_banner":10,"minecraft:oak_boat":1,"minecraft:coarse_dirt":1,"minecraft:bone_meal":46,"cobblemon:blue_apricorn_seed":1},"minecraft:dropped":{"cobblemon:beast_ball":1,"minecraft:iron_sword":3,"minecraft:wheat_seeds":25,"minecraft:crafting_table":2,"minecraft:cobblestone":26,"cobblemon:ancient_ultra_ball":1,"cobblemon:ancient_azure_ball":1,"cobblemon:ancient_wing_ball":1,"cobblemon:verdant_ball":2,"cobblemon:luxury_ball":3,"cobblemon:roseate_ball":1,"cobblemon:fast_ball":3,"minecraft:stick":2,"cobblemon:ancient_ivory_ball":1,"cobblemon:slate_ball":1,"cobblemon:repeat_ball":3,"minecraft:cornflower":59,"cobblemon:poke_ball":2,"minecraft:wooden_axe":1,"minecraft:oak_stairs":1,"cobblemon:sport_ball":3,"cobblemon:level_ball":3,"cobblemon:heavy_ball":3,"cobblemon:great_ball":1,"minecraft:string":3,"minecraft:tripwire_hook":6,"cobblemon:ancient_leaden_ball":1,"cobblemon:ultra_ball":1,"minecraft:bone":7,"minecraft:stone_axe":1,"cobblemon:dive_ball":3,"cobblemon:net_ball":3,"cobblemon:ancient_citrine_ball":1,"cobblemon:azure_ball":2,"cobblemon:park_ball":3,"cobblemon:friend_ball":2,"minecraft:rotten_flesh":12,"cobblemon:dusk_ball":1,"cobblemon:ancient_origin_ball":1,"cobblemon:quick_ball":3,"cobblemon:premier_ball":1,"cobblemon:nest_ball":1,"cobblemon:moon_ball":2,"cobblemon:ancient_heavy_ball":1,"cobblemon:ancient_roseate_ball":1,"cobblemon:lure_ball":3,"cobblemon:timer_ball":1,"minecraft:gunpowder":1,"cobblemon:dream_ball":1,"cobblemon:heal_ball":3,"minecraft:oak_boat":1,"minecraft:chest":5,"minecraft:spider_eye":1,"cobblemon:love_ball":2,"minecraft:spruce_slab":1,"cobblemon:safari_ball":1,"minecraft:arrow":1,"minecraft:wooden_pickaxe":2,"cobblemon:citrine_ball":3,"cobblemon:cherish_ball":1},"minecraft:mined":{"minecraft:white_bed":1,"minecraft:oak_sapling":2,"minecraft:brewing_stand":1,"minecraft:grass_block":8,"minecraft:iron_ore":4,"minecraft:oak_stairs":10,"minecraft:stone":543,"minecraft:oak_slab":4,"minecraft:crafting_table":2,"minecraft:cornflower":32,"cobblemon:apricorn_leaves":2,"minecraft:tall_grass":19,"minecraft:cobblestone":84,"minecraft:oak_planks":11,"minecraft:birch_leaves":6,"minecraft:grass":98,"minecraft:coal_ore":23,"minecraft:oak_log":57,"cobblemon:white_mint":1,"minecraft:oak_leaves":32,"minecraft:fern":2},"minecraft:picked_up":{"cobblemon:cherish_ball":1,"minecraft:crafting_table":3,"cobblemon:timer_ball":1,"cobblemon:ancient_heavy_ball":1,"cobblemon:sport_ball":3,"minecraft:wooden_pickaxe":1,"minecraft:oak_stairs":9,"cobblemon:ancient_ivory_ball":1,"cobblemon:ancient_origin_ball":1,"minecraft:brewing_stand":1,"minecraft:cornflower":31,"minecraft:string":4,"minecraft:oak_boat":1,"cobblemon:relic_coin":308,"minecraft:player_head":2,"cobblemon:quick_ball":3,"cobblemon:ancient_citrine_ball":1,"cobblemon:net_ball":3,"cobblemon:love_ball":2,"cobblemon:park_ball":2,"cobblemon:dive_ball":2,"cobblemon:citrine_ball":3,"cobblemon:ancient_wing_ball":1,"cobblemon:ancient_leaden_ball":1,"minecraft:arrow":7,"minecraft:rotten_flesh":13,"cobblemon:heavy_ball":2,"cobblemon:repeat_ball":2,"cobblemon:friend_ball":2,"cobblemon:level_ball":2,"cobblemon:verdant_ball":2,"minecraft:white_wool":1,"minecraft:cobblestone":44,"cobblemon:ultra_ball":1,"cobblemon:great_ball":1,"minecraft:tripwire_hook":3,"cobblemon:relic_coin_sack":1,"cobblemon:lure_ball":2,"cobblemon:roseate_ball":1,"cobblemon:ancient_ultra_ball":1,"cobblemon:ancient_roseate_ball":1,"cobblemon:slate_ball":1,"cobblemon:bluk_berry":18,"minecraft:oak_log":57,"minecraft:gunpowder":1,"minecraft:dirt":1,"minecraft:white_banner":5,"cobblemon:pink_apricorn_seed":1,"cobblemon:heal_ball":2,"cobblemon:luxury_ball":2,"minecraft:bone":7,"cobblemon:moon_ball":2,"minecraft:wheat_seeds":17,"minecraft:iron_ingot":2,"cobgyms:lesser_shard_block":1,"cobblemon:nest_ball":1,"minecraft:oak_planks":9,"minecraft:iron_sword":3,"cobblemon:beast_ball":1,"cobblemon:azure_ball":2,"minecraft:oak_slab":4,"cobblemon:safari_ball":1,"cobblemon:fast_ball":2,"cobblemon:dusk_ball":1,"cobblemon:premier_ball":1,"cobblemon:pink_apricorn":7,"minecraft:white_bed":1,"minecraft:spider_eye":1,"minecraft:slime_ball":2,"minecraft:stone_axe":1,"cobblemon:poke_ball":2,"cobblemon:ancient_azure_ball":1,"cobblemon:dream_ball":1,"minecraft:oak_sapling":14,"minecraft:coal":1},"minecraft:killed":{"minecraft:spider":2,"minecraft:slime":3,"minecraft:skeleton":8,"cobblemon:pokemon":9,"minecraft:creeper":4,"minecraft:zombie":5},"minecraft:custom":{"minecraft:mob_kills":34,"minecraft:interact_with_crafting_table":14,"minecraft:open_barrel":1,"minecraft:open_shulker_box":1,"minecraft:leave_game":12,"minecraft:time_since_death":44474,"minecraft:climb_one_cm":5498,"minecraft:sprint_one_cm":544688,"minecraft:walk_one_cm":590325,"minecraft:drop":122,"minecraft:play_time":443509,"minecraft:deaths":6,"minecraft:sneak_time":7483,"minecraft:walk_under_water_one_cm":1769,"minecraft:boat_one_cm":45900,"minecraft:jump":3597,"minecraft:walk_on_water_one_cm":4033,"minecraft:total_world_time":443509,"minecraft:sleep_in_bed":2,"minecraft:time_since_rest":44535,"minecraft:damage_taken":1960,"minecraft:damage_dealt":5797,"minecraft:swim_one_cm":2480,"minecraft:fly_one_cm":2185340,"minecraft:player_kills":4,"minecraft:open_chest":22,"minecraft:crouch_one_cm":23856,"minecraft:fall_one_cm":76133}},"DataVersion":3465}