{"stats":{"minecraft:picked_up":{"cobblemon:cherish_ball":1,"minecraft:crafting_table":3,"cobblemon:yellow_apricorn":5,"minecraft:chest_minecart":2,"cobblemon:timer_ball":1,"cobblemon:red_apricorn":1,"cobblemon:ancient_heavy_ball":1,"cobblemon:sport_ball":3,"minecraft:wooden_pickaxe":1,"minecraft:oak_stairs":9,"cobblemon:ancient_ivory_ball":1,"cobblemon:ancient_origin_ball":1,"minecraft:brewing_stand":1,"minecraft:cornflower":31,"minecraft:string":6,"minecraft:raw_copper":73,"minecraft:item_frame":3,"cobblemon:white_apricorn":8,"minecraft:zombie_head":1,"minecraft:cobbled_deepslate":630,"cobblemon:green_apricorn":10,"cobblemon:white_apricorn_seed":2,"minecraft:oak_boat":1,"cobblemon:relic_coin":3470,"minecraft:player_head":3,"minecraft:iron_pickaxe":1,"cobblemon:quick_ball":3,"minecraft:chest":3,"cobblemon:green_apricorn_seed":1,"minecraft:raw_iron":9,"cobblemon:ancient_citrine_ball":1,"cobblemon:net_ball":3,"cobblemon:love_ball":2,"minecraft:torch":1,"cobblemon:park_ball":2,"cobblemon:dive_ball":2,"minecraft:diorite":60,"cobblemon:citrine_ball":3,"minecraft:redstone":30,"cobblemon:ancient_wing_ball":1,"cobblemon:ancient_leaden_ball":1,"minecraft:arrow":7,"minecraft:rotten_flesh":13,"cobblemon:heavy_ball":2,"minecraft:mutton":2,"minecraft:rail":1,"cobblemon:repeat_ball":2,"cobblemon:friend_ball":2,"cobblemon:level_ball":2,"cobblemon:verdant_ball":2,"cobblemon:blue_apricorn":24,"minecraft:white_wool":3,"minecraft:cobblestone":4009,"cobblemon:great_ball":1,"cobblemon:ultra_ball":1,"cobblemon:relic_coin_sack":1,"minecraft:tripwire_hook":3,"minecraft:andesite":2,"minecraft:flint":1,"cobblemon:lure_ball":2,"cobblemon:roseate_ball":1,"minecraft:oak_log":57,"cobblemon:ancient_ultra_ball":1,"cobblemon:slate_ball":1,"minecraft:tuff":32,"cobblemon:ancient_roseate_ball":1,"cobblemon:bluk_berry":18,"minecraft:gunpowder":1,"minecraft:dirt":3,"minecraft:white_banner":5,"cobblemon:pink_apricorn_seed":1,"cobblemon:heal_ball":2,"cobblemon:luxury_ball":2,"minecraft:bone":7,"cobblemon:moon_ball":2,"minecraft:wheat_seeds":17,"minecraft:iron_ingot":2,"cobblemon:thunder_stone":1,"cobgyms:lesser_shard_block":1,"cobblemon:nest_ball":1,"minecraft:oak_planks":9,"minecraft:iron_sword":3,"cobblemon:beast_ball":1,"cobblemon:chilan_berry":18,"cobblemon:azure_ball":2,"cobblemon:red_apricorn_seed":1,"minecraft:oak_slab":4,"minecraft:smooth_basalt":10,"cobblemon:safari_ball":1,"immersive_paintings:glow_graffiti":2,"cobblemon:fast_ball":2,"cobblemon:blue_apricorn_seed":3,"cobblemon:dusk_ball":1,"minecraft:gravel":1,"justhammers:iron_hammer":1,"cobblemon:premier_ball":1,"cobblemon:yellow_apricorn_seed":1,"minecraft:amethyst_shard":519,"justhammers:stone_hammer":1,"cobblemon:pink_apricorn":10,"minecraft:white_bed":1,"minecraft:spider_eye":2,"minecraft:slime_ball":2,"minecraft:stone_axe":1,"minecraft:diamond":31,"cobblemon:poke_ball":3,"cobblemon:ancient_azure_ball":1,"cobblemon:dream_ball":1,"minecraft:oak_sapling":14,"minecraft:coal":78},"minecraft:killed":{"minecraft:spider":3,"minecraft:slime":3,"minecraft:skeleton":8,"minecraft:silverfish":2,"cobblemon:pokemon":106,"minecraft:creeper":4,"minecraft:sheep":1,"minecraft:zombie":6},"minecraft:crafted":{"minecraft:oak_planks":304,"cobgyms:lesser_cache":1,"cobgyms:adept_cache":1,"minecraft:stone_pickaxe":1,"minecraft:chest":4,"minecraft:oak_button":7,"minecraft:crafting_table":5,"minecraft:wooden_pickaxe":1,"minecraft:iron_sword":1,"cobgyms:lesser_shard":24,"minecraft:stone_axe":1,"minecraft:stick":16,"minecraft:oak_stairs":52,"minecraft:wooden_axe":2,"cobgyms:lesser_cache_shiny":1},"minecraft:custom":{"minecraft:interact_with_anvil":4,"minecraft:mob_kills":137,"minecraft:interact_with_crafting_table":16,"minecraft:open_shulker_box":1,"minecraft:open_barrel":1,"minecraft:leave_game":15,"minecraft:time_since_death":220802,"minecraft:climb_one_cm":7796,"minecraft:sprint_one_cm":921442,"minecraft:walk_one_cm":880751,"minecraft:drop":191,"minecraft:play_time":619837,"minecraft:deaths":6,"minecraft:sneak_time":9062,"minecraft:walk_under_water_one_cm":1769,"minecraft:boat_one_cm":45900,"minecraft:jump":5373,"minecraft:walk_on_water_one_cm":4033,"minecraft:total_world_time":619837,"minecraft:tune_noteblock":1,"minecraft:sleep_in_bed":3,"minecraft:time_since_rest":56699,"minecraft:damage_taken":2785,"minecraft:damage_dealt":15903,"minecraft:swim_one_cm":2480,"minecraft:fly_one_cm":2968309,"minecraft:player_kills":5,"minecraft:open_chest":119,"minecraft:crouch_one_cm":27689,"minecraft:fall_one_cm":113167},"minecraft:dropped":{"cobblemon:beast_ball":1,"minecraft:iron_sword":3,"minecraft:wheat_seeds":29,"cobblemon:red_apricorn_seed":1,"minecraft:crafting_table":2,"minecraft:golden_axe":1,"minecraft:cobblestone":413,"cobblemon:ancient_azure_ball":1,"cobblemon:ancient_ultra_ball":1,"cobblemon:ancient_wing_ball":1,"cobblemon:verdant_ball":2,"cobblemon:luxury_ball":3,"cobblemon:roseate_ball":1,"minecraft:grass_block":1,"cobblemon:fast_ball":3,"minecraft:coal":30,"minecraft:stick":5,"minecraft:flint":1,"minecraft:dirt":4,"cobblemon:ancient_ivory_ball":1,"cobblemon:slate_ball":1,"minecraft:diorite":70,"minecraft:cornflower":59,"cobblemon:repeat_ball":3,"cobblemon:poke_ball":2,"minecraft:mutton":1,"cobblemon:white_mint_seeds":3,"minecraft:wooden_axe":1,"minecraft:zombie_head":1,"minecraft:oak_stairs":1,"cobblemon:level_ball":3,"minecraft:amethyst_shard":186,"cobblemon:sport_ball":3,"cobblemon:heavy_ball":3,"minecraft:iron_pickaxe":1,"cobblemon:great_ball":1,"minecraft:string":5,"minecraft:tripwire_hook":6,"minecraft:white_wool":1,"minecraft:smooth_basalt":27,"cobblemon:ancient_leaden_ball":1,"cobblemon:ultra_ball":1,"minecraft:bone":7,"minecraft:stone_axe":1,"cobblemon:net_ball":3,"cobblemon:dive_ball":3,"minecraft:player_head":1,"cobblemon:ancient_citrine_ball":1,"minecraft:cobbled_deepslate":966,"minecraft:raw_copper":5,"cobblemon:azure_ball":2,"cobblemon:park_ball":3,"minecraft:tuff":37,"cobblemon:friend_ball":2,"minecraft:raw_iron":10,"minecraft:rotten_flesh":13,"cobblemon:dusk_ball":1,"minecraft:oak_planks":6,"cobblemon:ancient_origin_ball":1,"cobblemon:quick_ball":3,"cobblemon:premier_ball":1,"cobblemon:nest_ball":1,"cobblemon:moon_ball":2,"justhammers:iron_hammer":1,"cobblemon:ancient_heavy_ball":1,"cobblemon:white_mint_leaf":4,"justhammers:stone_hammer":1,"cobblemon:ancient_roseate_ball":1,"cobblemon:lure_ball":3,"cobblemon:timer_ball":1,"minecraft:gunpowder":1,"cobblemon:dream_ball":1,"cobblemon:heal_ball":3,"minecraft:andesite":2,"minecraft:oak_boat":1,"minecraft:chest":10,"minecraft:spider_eye":2,"cobblemon:love_ball":2,"minecraft:spruce_slab":1,"cobblemon:safari_ball":1,"minecraft:arrow":1,"minecraft:wooden_pickaxe":2,"cobblemon:citrine_ball":3,"minecraft:calcite":41,"cobblemon:cherish_ball":1},"minecraft:mined":{"minecraft:infested_deepslate":1,"create:deepslate_zinc_ore":2,"minecraft:tuff":211,"minecraft:white_bed":1,"minecraft:oak_sapling":2,"minecraft:deepslate_diamond_ore":145,"minecraft:brewing_stand":1,"minecraft:budding_amethyst":12,"minecraft:grass_block":10,"minecraft:iron_ore":4,"cobblemon:pink_mint":7,"minecraft:deepslate_iron_ore":1,"minecraft:oak_stairs":10,"minecraft:stone":548,"minecraft:spruce_slab":1,"minecraft:deepslate_redstone_ore":38,"minecraft:oak_slab":4,"minecraft:amethyst_cluster":1,"cobblemon:apricorn_leaves":7,"minecraft:crafting_table":2,"minecraft:cornflower":32,"minecraft:torch":1,"minecraft:calcite":76,"minecraft:chest":5,"minecraft:tall_grass":35,"minecraft:cobblestone":85,"minecraft:oak_planks":14,"minecraft:amethyst_block":127,"minecraft:seagrass":1,"cobblemon:red_mint":10,"minecraft:birch_leaves":6,"minecraft:grass":110,"minecraft:coal_ore":23,"minecraft:oak_log":57,"cobblemon:white_mint":3,"minecraft:gravel":1,"minecraft:smooth_basalt":15,"minecraft:oak_leaves":32,"minecraft:deepslate":1202,"minecraft:fern":2},"minecraft:broken":{"minecraft:iron_pickaxe":1},"minecraft:used":{"minecraft:netherite_sword":11,"create:deployer":8,"minecraft:flint_and_steel":3,"minecraft:spruce_slab":31,"minecraft:redstone":1,"minecraft:oak_sign":21,"create:portable_storage_interface":6,"minecraft:chest":38,"cobgyms:lesser_shard_block":2,"minecraft:ender_chest":1,"minecraft:stone":7,"minecraft:iron_sword":138,"cobblemon:red_mint_seeds":10,"minecraft:oak_door":2,"create:mechanical_bearing":11,"minecraft:player_head":4,"minecraft:torch":150,"cobblemon:pasture":1,"cobgyms:gym_entrance_woodland":2,"minecraft:brewing_stand":1,"cobblemon:gilded_chest":9,"minecraft:dirt":10,"cobblemon:yellow_apricorn":8,"minecraft:spruce_stairs":2,"minecraft:oak_wood":78,"minecraft:spruce_fence":3,"minecraft:obsidian":10,"create:chute":3,"minecraft:glass":65,"minecraft:wooden_axe":1,"immersive_paintings:painting":2,"create:wrench":7,"minecraft:iron_axe":175,"minecraft:grass_block":513,"minecraft:oak_stairs":173,"cobblemon:pink_apricorn_seed":1,"immersive_paintings:glow_graffiti":11,"minecraft:stone_brick_stairs":1,"minecraft:repeater":3,"cobblemon:gimmighoul_chest":105,"cobblemon:pc":2,"minecraft:item_frame":4,"minecraft:redstone_lamp":1,"create:radial_chassis":11,"minecraft:scaffolding":26,"minecraft:cooked_beef":16,"minecraft:cooked_mutton":19,"minecraft:damaged_anvil":4,"minecraft:water_bucket":3,"minecraft:spruce_door":2,"minecraft:birch_planks":1,"minecraft:oak_planks":141,"minecraft:stone_pickaxe":10,"minecraft:wooden_pickaxe":3,"cobblemon:pink_mint_seeds":8,"create:mechanical_saw":4,"minecraft:rail":5,"minecraft:oak_slab":25,"minecraft:crafting_table":6,"cobblemon:yellow_apricorn_seed":1,"minecraft:white_bed":3,"minecraft:blue_ice":3,"cobblemon:white_apricorn_seed":1,"minecraft:note_block":1,"immersive_paintings:graffiti":1,"minecraft:spruce_log":1,"cobblemon:healing_machine":6,"cobblemon:green_apricorn":7,"cobblemon:white_apricorn":9,"minecraft:piston":1,"cobblemon:green_apricorn_seed":2,"cobblemon:white_gilded_chest":1,"minecraft:barrier":1,"create:windmill_bearing":1,"minecraft:oak_button":1,"minecraft:iron_pickaxe":2478,"create:water_wheel":1,"cobblemon:blue_apricorn":27,"justhammers:stone_hammer":1203,"cobgyms:nether_ancient_relic":1,"minecraft:stone_axe":30,"minecraft:cobblestone":851,"cobblemon:red_apricorn_seed":1,"minecraft:white_banner":10,"minecraft:oak_boat":1,"minecraft:chest_minecart":3,"minecraft:coarse_dirt":1,"cobblemon:blue_apricorn_seed":2,"minecraft:bone_meal":46}},"DataVersion":3465}