{"stats":{"minecraft:picked_up":{"minecraft:oak_log":2},"minecraft:crafted":{"minecraft:crafting_table":1,"minecraft:oak_planks":8,"minecraft:stick":4,"minecraft:wooden_pickaxe":1,"minecraft:wooden_axe":1},"minecraft:custom":{"minecraft:jump":74,"minecraft:time_since_rest":6920,"minecraft:leave_game":1,"minecraft:sprint_one_cm":14801,"minecraft:play_time":6920,"minecraft:damage_taken":120,"minecraft:time_since_death":6920,"minecraft:walk_one_cm":7733,"minecraft:sneak_time":2,"minecraft:total_world_time":6920,"minecraft:interact_with_crafting_table":1,"minecraft:fall_one_cm":5738,"minecraft:fly_one_cm":12373},"minecraft:used":{"minecraft:cooked_beef":1,"minecraft:crafting_table":1},"minecraft:mined":{"minecraft:grass":1,"minecraft:oak_log":2,"minecraft:oak_leaves":2}},"DataVersion":3465}