{"stats":{"minecraft:crafted":{"minecraft:oak_planks":120,"cobgyms:lesser_cache":1,"minecraft:crafting_table":2,"minecraft:wooden_pickaxe":1,"cobgyms:adept_cache":1,"cobgyms:lesser_shard":24,"minecraft:stone_axe":1,"minecraft:stick":12,"minecraft:wooden_axe":2,"minecraft:stone_pickaxe":1,"minecraft:oak_stairs":52,"minecraft:chest":4,"cobgyms:lesser_cache_shiny":1},"minecraft:used":{"minecraft:netherite_sword":5,"minecraft:water_bucket":3,"create:deployer":8,"minecraft:spruce_door":2,"minecraft:birch_planks":1,"minecraft:spruce_slab":22,"minecraft:stone_pickaxe":10,"minecraft:chest":30,"minecraft:oak_planks":118,"create:portable_storage_interface":6,"minecraft:oak_sign":21,"minecraft:wooden_pickaxe":3,"cobgyms:lesser_shard_block":2,"minecraft:stone":5,"minecraft:player_head":4,"create:mechanical_saw":4,"create:mechanical_bearing":11,"minecraft:oak_door":2,"minecraft:torch":150,"cobgyms:gym_entrance_woodland":2,"minecraft:brewing_stand":1,"cobblemon:gilded_chest":7,"minecraft:dirt":10,"cobblemon:yellow_apricorn":8,"minecraft:oak_slab":25,"minecraft:crafting_table":3,"minecraft:white_bed":1,"minecraft:spruce_stairs":2,"minecraft:oak_wood":78,"minecraft:blue_ice":3,"cobblemon:yellow_apricorn_seed":1,"cobblemon:white_apricorn_seed":1,"minecraft:spruce_fence":3,"cobblemon:healing_machine":4,"cobblemon:white_apricorn":9,"create:chute":3,"minecraft:glass":64,"cobblemon:green_apricorn":7,"minecraft:wooden_axe":1,"cobblemon:green_apricorn_seed":1,"create:windmill_bearing":1,"create:wrench":7,"minecraft:iron_axe":160,"minecraft:oak_stairs":165,"minecraft:grass_block":497,"minecraft:iron_pickaxe":654,"create:water_wheel":1,"cobblemon:pink_apricorn_seed":1,"cobblemon:blue_apricorn":27,"minecraft:stone_axe":30,"cobgyms:nether_ancient_relic":1,"cobblemon:pc":2,"minecraft:cobblestone":835,"minecraft:redstone_lamp":1,"cobblemon:red_apricorn_seed":1,"create:radial_chassis":11,"minecraft:scaffolding":26,"minecraft:white_banner":10,"minecraft:oak_boat":1,"minecraft:cooked_beef":16,"minecraft:coarse_dirt":1,"cobblemon:blue_apricorn_seed":1,"minecraft:bone_meal":46},"minecraft:dropped":{"minecraft:stone_axe":1,"minecraft:wheat_seeds":24,"minecraft:crafting_table":2,"minecraft:rotten_flesh":12,"minecraft:stick":2,"minecraft:gunpowder":1,"minecraft:cornflower":59,"minecraft:wooden_axe":1,"minecraft:oak_boat":1,"minecraft:chest":5,"minecraft:oak_stairs":1,"minecraft:spider_eye":1,"minecraft:arrow":1,"minecraft:wooden_pickaxe":2,"minecraft:string":3,"minecraft:bone":7},"minecraft:mined":{"minecraft:oak_slab":4,"minecraft:white_bed":1,"minecraft:oak_sapling":2,"minecraft:brewing_stand":1,"minecraft:crafting_table":2,"minecraft:cornflower":32,"cobblemon:apricorn_leaves":2,"minecraft:grass_block":8,"minecraft:tall_grass":19,"minecraft:cobblestone":84,"minecraft:oak_planks":11,"minecraft:iron_ore":4,"minecraft:birch_leaves":6,"minecraft:grass":97,"minecraft:oak_log":57,"minecraft:coal_ore":23,"cobblemon:white_mint":1,"minecraft:oak_stairs":10,"minecraft:stone":543,"minecraft:oak_leaves":32},"minecraft:picked_up":{"minecraft:crafting_table":3,"minecraft:wooden_pickaxe":1,"minecraft:oak_stairs":9,"minecraft:oak_log":57,"cobblemon:bluk_berry":18,"minecraft:brewing_stand":1,"minecraft:gunpowder":1,"minecraft:dirt":1,"minecraft:cornflower":31,"minecraft:string":4,"minecraft:white_banner":5,"cobblemon:pink_apricorn_seed":1,"minecraft:bone":7,"minecraft:wheat_seeds":17,"minecraft:iron_ingot":2,"minecraft:oak_boat":1,"minecraft:player_head":2,"cobgyms:lesser_shard_block":1,"minecraft:oak_planks":9,"minecraft:oak_slab":4,"cobblemon:pink_apricorn":7,"minecraft:white_bed":1,"minecraft:spider_eye":1,"minecraft:arrow":7,"minecraft:rotten_flesh":13,"minecraft:slime_ball":2,"minecraft:stone_axe":1,"minecraft:oak_sapling":14,"minecraft:coal":1,"minecraft:white_wool":1,"minecraft:cobblestone":18},"minecraft:killed":{"cobblemon:pokemon":1,"minecraft:spider":2,"minecraft:slime":3,"minecraft:creeper":4,"minecraft:skeleton":8,"minecraft:zombie":5},"minecraft:custom":{"minecraft:mob_kills":25,"minecraft:interact_with_crafting_table":14,"minecraft:open_barrel":1,"minecraft:open_shulker_box":1,"minecraft:leave_game":12,"minecraft:time_since_death":1327,"minecraft:sleep_in_bed":2,"minecraft:climb_one_cm":5013,"minecraft:time_since_rest":1353,"minecraft:sprint_one_cm":411633,"minecraft:damage_taken":1700,"minecraft:walk_one_cm":492598,"minecraft:drop":40,"minecraft:damage_dealt":4950,"minecraft:player_kills":4,"minecraft:fly_one_cm":1189490,"minecraft:open_chest":21,"minecraft:play_time":341509,"minecraft:crouch_one_cm":19842,"minecraft:deaths":4,"minecraft:sneak_time":6259,"minecraft:walk_under_water_one_cm":90,"minecraft:boat_one_cm":45900,"minecraft:jump":2999,"minecraft:walk_on_water_one_cm":3003,"minecraft:total_world_time":341509,"minecraft:fall_one_cm":67950}},"DataVersion":3465}