{"stats":{"minecraft:killed":{"cobblemon:pokemon":1,"minecraft:spider":2,"minecraft:creeper":2,"minecraft:skeleton":6,"minecraft:zombie":4},"minecraft:used":{"minecraft:water_bucket":3,"create:deployer":8,"minecraft:spruce_door":2,"minecraft:stone_pickaxe":10,"minecraft:oak_planks":117,"minecraft:chest":9,"minecraft:oak_sign":15,"create:portable_storage_interface":6,"cobgyms:lesser_shard_block":2,"minecraft:wooden_pickaxe":3,"minecraft:stone":5,"minecraft:player_head":1,"create:mechanical_saw":4,"create:mechanical_bearing":11,"minecraft:oak_door":2,"cobgyms:gym_entrance_woodland":2,"minecraft:brewing_stand":1,"minecraft:dirt":1,"minecraft:oak_slab":25,"minecraft:crafting_table":3,"minecraft:white_bed":1,"minecraft:blue_ice":3,"minecraft:oak_wood":73,"cobblemon:healing_machine":4,"create:chute":3,"minecraft:wooden_axe":1,"create:windmill_bearing":1,"create:wrench":7,"minecraft:iron_axe":149,"minecraft:oak_stairs":136,"minecraft:grass_block":397,"minecraft:iron_pickaxe":638,"create:water_wheel":1,"cobgyms:nether_ancient_relic":1,"cobblemon:pc":2,"minecraft:stone_axe":30,"minecraft:cobblestone":379,"create:radial_chassis":11,"minecraft:white_banner":10,"minecraft:oak_boat":1,"minecraft:cooked_beef":15,"minecraft:bone_meal":22},"minecraft:custom":{"minecraft:mob_kills":17,"minecraft:interact_with_crafting_table":14,"minecraft:open_barrel":1,"minecraft:leave_game":5,"minecraft:time_since_death":10030,"minecraft:sleep_in_bed":1,"minecraft:climb_one_cm":171,"minecraft:time_since_rest":9578,"minecraft:sprint_one_cm":255781,"minecraft:damage_taken":1347,"minecraft:walk_one_cm":320011,"minecraft:drop":28,"minecraft:damage_dealt":3973,"minecraft:fly_one_cm":624316,"minecraft:player_kills":4,"minecraft:open_chest":10,"minecraft:crouch_one_cm":10444,"minecraft:play_time":143643,"minecraft:deaths":2,"minecraft:sneak_time":3208,"minecraft:walk_under_water_one_cm":90,"minecraft:boat_one_cm":45900,"minecraft:jump":2095,"minecraft:walk_on_water_one_cm":3003,"minecraft:total_world_time":143643,"minecraft:fall_one_cm":59038},"minecraft:mined":{"minecraft:oak_slab":4,"minecraft:white_bed":1,"minecraft:oak_sapling":2,"minecraft:brewing_stand":1,"minecraft:cornflower":3,"minecraft:crafting_table":2,"minecraft:grass_block":2,"minecraft:tall_grass":18,"minecraft:cobblestone":68,"minecraft:oak_planks":11,"minecraft:iron_ore":4,"minecraft:birch_leaves":6,"minecraft:grass":41,"minecraft:coal_ore":23,"minecraft:oak_log":57,"minecraft:oak_stairs":10,"minecraft:stone":543,"minecraft:oak_leaves":32},"minecraft:crafted":{"minecraft:oak_planks":120,"cobgyms:lesser_cache":1,"minecraft:crafting_table":2,"minecraft:wooden_pickaxe":1,"cobgyms:adept_cache":1,"cobgyms:lesser_shard":24,"minecraft:stone_axe":1,"minecraft:stick":12,"minecraft:wooden_axe":2,"minecraft:stone_pickaxe":1,"minecraft:oak_stairs":52,"minecraft:chest":4,"cobgyms:lesser_cache_shiny":1},"minecraft:dropped":{"minecraft:stone_axe":1,"minecraft:wheat_seeds":6,"minecraft:crafting_table":2,"minecraft:rotten_flesh":7,"minecraft:stick":2,"minecraft:gunpowder":1,"minecraft:cornflower":7,"minecraft:wooden_axe":1,"minecraft:oak_boat":1,"minecraft:chest":5,"minecraft:oak_stairs":1,"minecraft:spider_eye":1,"minecraft:arrow":1,"minecraft:wooden_pickaxe":2,"minecraft:string":3,"minecraft:bone":6},"minecraft:picked_up":{"minecraft:crafting_table":3,"minecraft:wooden_pickaxe":1,"minecraft:oak_stairs":9,"cobblemon:bluk_berry":18,"minecraft:oak_log":57,"minecraft:brewing_stand":1,"minecraft:gunpowder":1,"minecraft:cornflower":8,"minecraft:dirt":1,"minecraft:string":4,"minecraft:white_banner":5,"minecraft:bone":6,"minecraft:wheat_seeds":8,"minecraft:iron_ingot":2,"minecraft:oak_boat":1,"cobgyms:lesser_shard_block":1,"minecraft:oak_planks":9,"minecraft:oak_slab":4,"minecraft:white_bed":1,"minecraft:spider_eye":1,"minecraft:arrow":5,"minecraft:rotten_flesh":9,"minecraft:stone_axe":1,"minecraft:oak_sapling":13,"minecraft:coal":1,"minecraft:cobblestone":18}},"DataVersion":3465}