{"stats":{"minecraft:picked_up":{"minecraft:crafting_table":2,"minecraft:wooden_pickaxe":1,"cobblemon:bluk_berry":18,"minecraft:oak_log":8,"minecraft:brewing_stand":1,"minecraft:gunpowder":1,"minecraft:cornflower":8,"minecraft:dirt":1,"minecraft:bone":6,"minecraft:wheat_seeds":7,"minecraft:iron_ingot":2,"cobgyms:lesser_shard_block":1,"minecraft:oak_planks":8,"minecraft:oak_slab":4,"minecraft:arrow":1,"minecraft:rotten_flesh":5,"minecraft:stone_axe":1,"minecraft:cobblestone":6},"minecraft:custom":{"minecraft:mob_kills":7,"minecraft:interact_with_crafting_table":12,"minecraft:open_barrel":1,"minecraft:leave_game":3,"minecraft:time_since_death":53284,"minecraft:climb_one_cm":171,"minecraft:time_since_rest":53311,"minecraft:sprint_one_cm":173256,"minecraft:damage_taken":588,"minecraft:walk_one_cm":181470,"minecraft:drop":16,"minecraft:damage_dealt":1961,"minecraft:fly_one_cm":380144,"minecraft:player_kills":4,"minecraft:open_chest":6,"minecraft:crouch_one_cm":2369,"minecraft:play_time":89275,"minecraft:deaths":1,"minecraft:sneak_time":1177,"minecraft:walk_under_water_one_cm":90,"minecraft:jump":1363,"minecraft:walk_on_water_one_cm":2901,"minecraft:total_world_time":89275,"minecraft:fall_one_cm":41408},"minecraft:used":{"minecraft:water_bucket":3,"create:deployer":8,"minecraft:stone_pickaxe":10,"minecraft:oak_planks":49,"cobgyms:lesser_shard_block":2,"create:portable_storage_interface":6,"minecraft:chest":9,"minecraft:wooden_pickaxe":3,"minecraft:stone":5,"create:mechanical_saw":4,"create:mechanical_bearing":11,"cobgyms:gym_entrance_woodland":2,"minecraft:brewing_stand":1,"minecraft:dirt":1,"minecraft:oak_slab":25,"minecraft:crafting_table":3,"cobblemon:healing_machine":4,"create:chute":3,"minecraft:wooden_axe":1,"create:windmill_bearing":1,"create:wrench":7,"minecraft:grass_block":296,"minecraft:iron_axe":28,"minecraft:iron_pickaxe":2,"create:water_wheel":1,"cobgyms:nether_ancient_relic":1,"cobblemon:pc":2,"minecraft:stone_axe":30,"create:radial_chassis":11,"minecraft:cooked_beef":7,"minecraft:bone_meal":22},"minecraft:mined":{"minecraft:oak_slab":4,"minecraft:brewing_stand":1,"minecraft:crafting_table":2,"minecraft:grass_block":1,"minecraft:tall_grass":9,"minecraft:cobblestone":6,"minecraft:oak_planks":8,"minecraft:birch_leaves":6,"minecraft:grass":27,"minecraft:oak_log":8,"minecraft:oak_leaves":5},"minecraft:crafted":{"minecraft:oak_planks":24,"cobgyms:lesser_cache":1,"minecraft:crafting_table":2,"minecraft:wooden_pickaxe":1,"cobgyms:adept_cache":1,"cobgyms:lesser_shard":24,"minecraft:stone_axe":1,"minecraft:stick":12,"minecraft:stone_pickaxe":1,"minecraft:wooden_axe":2,"minecraft:chest":4,"cobgyms:lesser_cache_shiny":1},"minecraft:killed":{"minecraft:creeper":2,"minecraft:skeleton":2,"minecraft:zombie":1},"minecraft:dropped":{"minecraft:stone_axe":1,"minecraft:wheat_seeds":4,"minecraft:rotten_flesh":5,"minecraft:stick":2,"minecraft:cornflower":7,"minecraft:wooden_axe":1,"minecraft:chest":1,"minecraft:arrow":1,"minecraft:wooden_pickaxe":2,"minecraft:bone":6}},"DataVersion":3465}