{"stats":{"minecraft:custom":{"minecraft:mob_kills":8,"minecraft:interact_with_crafting_table":13,"minecraft:open_barrel":1,"minecraft:leave_game":3,"minecraft:time_since_death":65014,"minecraft:climb_one_cm":171,"minecraft:time_since_rest":65041,"minecraft:sprint_one_cm":186795,"minecraft:damage_taken":910,"minecraft:walk_one_cm":201427,"minecraft:drop":18,"minecraft:damage_dealt":2121,"minecraft:fly_one_cm":411858,"minecraft:player_kills":4,"minecraft:open_chest":6,"minecraft:crouch_one_cm":2441,"minecraft:play_time":101005,"minecraft:deaths":1,"minecraft:sneak_time":1326,"minecraft:walk_under_water_one_cm":90,"minecraft:jump":1580,"minecraft:walk_on_water_one_cm":2901,"minecraft:total_world_time":101005,"minecraft:fall_one_cm":47400},"minecraft:dropped":{"minecraft:stone_axe":1,"minecraft:wheat_seeds":4,"minecraft:rotten_flesh":5,"minecraft:stick":2,"minecraft:cornflower":7,"minecraft:wooden_axe":1,"minecraft:chest":1,"minecraft:spider_eye":1,"minecraft:arrow":1,"minecraft:wooden_pickaxe":2,"minecraft:string":1,"minecraft:bone":6},"minecraft:crafted":{"minecraft:oak_planks":120,"cobgyms:lesser_cache":1,"minecraft:crafting_table":2,"minecraft:wooden_pickaxe":1,"cobgyms:adept_cache":1,"cobgyms:lesser_shard":24,"minecraft:stone_axe":1,"minecraft:stick":12,"minecraft:oak_stairs":52,"minecraft:stone_pickaxe":1,"minecraft:wooden_axe":2,"minecraft:chest":4,"cobgyms:lesser_cache_shiny":1},"minecraft:mined":{"minecraft:oak_slab":4,"minecraft:brewing_stand":1,"minecraft:crafting_table":2,"minecraft:grass_block":1,"minecraft:tall_grass":16,"minecraft:cobblestone":6,"minecraft:oak_planks":9,"minecraft:birch_leaves":6,"minecraft:grass":33,"minecraft:oak_log":12,"minecraft:oak_stairs":8,"minecraft:oak_leaves":10},"minecraft:used":{"minecraft:water_bucket":3,"create:deployer":8,"minecraft:stone_pickaxe":10,"minecraft:oak_planks":58,"minecraft:chest":9,"create:portable_storage_interface":6,"minecraft:wooden_pickaxe":3,"cobgyms:lesser_shard_block":2,"minecraft:stone":5,"create:mechanical_saw":4,"create:mechanical_bearing":11,"cobgyms:gym_entrance_woodland":2,"minecraft:brewing_stand":1,"minecraft:dirt":1,"minecraft:oak_slab":25,"minecraft:crafting_table":3,"cobblemon:healing_machine":4,"create:chute":3,"minecraft:wooden_axe":1,"create:windmill_bearing":1,"create:wrench":7,"minecraft:oak_stairs":47,"minecraft:iron_axe":57,"minecraft:grass_block":296,"minecraft:iron_pickaxe":2,"create:water_wheel":1,"cobgyms:nether_ancient_relic":1,"cobblemon:pc":2,"minecraft:stone_axe":30,"create:radial_chassis":11,"minecraft:cooked_beef":11,"minecraft:bone_meal":22},"minecraft:picked_up":{"minecraft:crafting_table":2,"minecraft:wooden_pickaxe":1,"minecraft:oak_stairs":8,"cobblemon:bluk_berry":18,"minecraft:oak_log":12,"minecraft:brewing_stand":1,"minecraft:gunpowder":1,"minecraft:cornflower":8,"minecraft:string":1,"minecraft:dirt":1,"minecraft:bone":6,"minecraft:wheat_seeds":7,"minecraft:iron_ingot":2,"cobgyms:lesser_shard_block":1,"minecraft:oak_planks":9,"minecraft:oak_slab":4,"minecraft:spider_eye":1,"minecraft:arrow":1,"minecraft:rotten_flesh":5,"minecraft:stone_axe":1,"minecraft:cobblestone":6},"minecraft:killed":{"minecraft:spider":1,"minecraft:creeper":2,"minecraft:skeleton":2,"minecraft:zombie":1}},"DataVersion":3465}